city,rainfall,temperature,aqi,humidity,heat_index,orders_completed,active_hours,acceptance_rate,idle_time,avg_delivery_time,zone_demand,order_drop_rate,delivery_delay,traffic_level,zone_risk,experience,past_claims,trust_score,income_drop,premium_amount,weather_source
chennai,13.21,29.34,146.09,70.45,33.57,75.87,11.24,87.54,,40.45,79.9,11.1,24.74,49.92,44.9,2.35,1.0,60.83,0,61.46,deterministic_fallback
bangalore,19.22,25.09,51.9,59.73,25.09,77.72,11.06,79.23,50.91,27.83,86.76,6.46,20.05,29.77,48.98,3.26,1.0,70.97,0,57.04,deterministic_fallback
chennai,21.01,31.31,103.48,75.14,40.15,55.69,8.68,84.18,57.01,39.33,66.15,9.39,28.64,63.91,48.9,1.98,1.0,61.65,0,68.69,deterministic_fallback
hyderabad,11.87,34.18,108.37,72.81,48.89,85.61,8.71,84.07,33.2,37.36,96.23,3.74,29.67,37.54,,7.23,1.0,94.37,0,31.95,deterministic_fallback
mumbai,26.71,39.65,132.33,73.31,60.0,44.56,5.82,67.83,74.67,49.69,60.2,4.54,26.96,77.41,51.96,4.96,1.0,69.43,1,70.34,deterministic_fallback
kolkata,,,125.71,80.74,46.05,58.94,7.03,85.11,35.65,42.11,81.85,8.3,24.42,55.72,48.11,4.36,1.0,79.23,0,62.58,deterministic_fallback
chennai,17.11,33.43,96.75,64.87,42.6,87.15,10.52,94.13,38.02,33.42,70.92,8.07,28.37,41.47,29.82,8.09,,100.0,0,39.21,deterministic_fallback
chennai,,29.51,98.16,,32.63,67.7,10.85,78.63,42.77,35.34,63.55,,23.65,39.29,30.39,0.0,1.0,68.58,0,60.4,deterministic_fallback
mumbai,15.61,25.72,129.53,72.95,25.72,71.7,10.56,91.52,50.53,32.05,75.79,5.55,29.66,57.48,35.35,4.41,0.0,87.03,0,49.92,deterministic_fallback
bangalore,9.97,29.69,145.56,65.2,33.27,68.45,10.35,92.14,41.62,33.87,69.24,8.21,24.09,51.55,43.83,2.79,2.0,77.19,0,62.17,deterministic_fallback
delhi,14.4,38.77,184.13,46.91,49.01,40.75,8.0,76.7,38.84,44.24,42.53,8.31,40.08,73.25,53.03,2.76,2.0,62.85,1,88.19,deterministic_fallback
,13.47,28.52,56.93,80.27,33.49,73.61,11.55,89.69,36.71,37.11,77.61,9.2,28.39,44.42,,0.81,1.0,64.69,0,54.53,deterministic_fallback
hyderabad,1.9,33.67,125.57,44.97,36.16,64.82,7.82,81.06,40.63,38.8,79.37,8.84,35.07,65.58,38.72,0.0,1.0,42.6,0,74.33,deterministic_fallback
chennai,16.64,30.39,97.03,70.32,36.09,64.84,9.54,94.05,41.46,33.51,76.28,7.21,28.48,39.59,40.22,6.44,1.0,87.01,0,50.77,deterministic_fallback
bangalore,3.02,27.95,67.61,72.26,30.87,74.52,10.65,71.83,27.18,30.08,76.84,4.44,26.32,34.04,38.45,6.31,,93.73,0,42.39,deterministic_fallback
delhi,13.27,34.2,181.62,39.2,,72.94,10.36,95.57,51.22,,74.22,6.75,25.17,59.69,36.21,8.23,0.0,100.0,0,43.46,deterministic_fallback
bangalore,12.12,26.16,35.0,66.13,26.16,68.9,9.87,78.42,26.42,42.88,56.34,4.79,35.58,50.16,44.56,2.32,1.0,57.85,1,71.3,deterministic_fallback
mumbai,10.22,25.99,58.12,81.16,25.99,68.75,9.56,85.54,48.16,36.8,60.09,7.79,28.33,47.01,32.69,6.16,3.0,76.2,0,58.01,deterministic_fallback
chennai,13.95,31.51,134.98,,38.62,82.01,10.25,77.19,62.2,36.51,79.39,0.0,22.66,47.64,51.2,1.24,0.0,65.97,0,50.86,deterministic_fallback
hyderabad,7.39,33.86,85.99,61.32,42.35,85.97,8.46,94.45,24.81,27.86,90.8,4.0,12.57,36.55,27.96,7.47,0.0,93.38,0,25.77,deterministic_fallback
chennai,,30.6,118.53,62.3,34.56,76.52,10.17,85.2,,31.63,83.36,8.75,26.71,57.43,37.01,5.03,1.0,86.4,0,50.5,deterministic_fallback
delhi,9.47,38.39,124.91,,54.18,67.34,9.27,74.83,,36.63,82.75,9.53,34.49,44.59,21.25,6.83,0.0,91.89,0,28.84,deterministic_fallback
kolkata,14.76,28.14,95.03,85.11,33.31,63.35,9.49,91.08,38.03,37.28,78.49,2.7,23.09,46.19,48.72,0.24,1.0,60.01,0,54.82,deterministic_fallback
kolkata,11.49,33.75,150.74,82.36,52.53,72.93,8.76,82.78,28.3,35.73,84.23,7.99,22.85,54.5,25.15,6.3,2.0,79.95,0,56.04,deterministic_fallback
chennai,18.57,33.45,91.17,84.48,52.43,44.66,8.94,73.3,74.46,44.6,67.44,4.69,30.37,65.31,40.22,4.44,1.0,86.1,0,48.73,deterministic_fallback
mumbai,11.86,26.19,117.51,76.31,26.19,64.44,8.32,80.47,44.96,34.24,77.89,6.33,32.07,,31.73,4.14,0.0,89.04,1,57.85,deterministic_fallback
bangalore,9.74,26.67,84.5,63.84,27.92,60.51,8.32,79.33,36.49,37.36,72.66,8.05,19.39,61.44,36.98,3.91,0.0,77.82,0,43.33,deterministic_fallback
mumbai,14.36,35.08,82.06,90.13,60.0,70.46,8.49,83.68,29.02,37.36,74.15,4.31,23.54,35.73,22.51,5.47,1.0,100.0,0,39.9,deterministic_fallback
mumbai,9.28,25.32,94.05,93.47,25.32,80.09,9.44,87.97,39.25,32.13,88.72,9.81,21.08,53.78,28.97,5.28,2.0,73.32,0,56.58,deterministic_fallback
hyderabad,7.32,28.3,60.75,53.04,29.11,85.73,9.59,89.1,10.74,30.18,90.98,7.32,28.0,52.3,35.78,3.36,2.0,76.92,0,64.9,deterministic_fallback
chennai,1.12,29.91,136.91,73.18,35.6,55.82,10.78,86.83,53.63,35.22,51.17,7.25,25.36,45.95,44.67,2.86,0.0,68.51,0,53.42,deterministic_fallback
kolkata,15.85,38.76,178.06,90.63,60.0,36.92,6.84,59.85,48.42,46.21,65.38,10.9,31.87,81.03,57.33,0.0,0.0,67.41,1,80.06,deterministic_fallback
delhi,11.94,33.71,165.31,49.33,37.56,73.88,7.48,84.67,46.27,30.49,73.36,9.28,24.42,49.11,25.49,6.3,0.0,95.84,0,44.15,deterministic_fallback
delhi,8.38,36.34,143.25,54.43,46.2,84.49,11.16,79.43,38.97,35.76,88.88,8.92,30.09,39.26,22.41,5.93,0.0,82.21,0,43.45,deterministic_fallback
bangalore,11.41,30.45,70.71,75.16,37.62,73.54,11.36,91.08,54.12,47.8,63.1,5.97,36.66,45.42,21.9,5.71,0.0,87.37,0,36.55,deterministic_fallback
mumbai,15.85,27.7,129.69,74.77,30.68,72.84,11.58,77.67,51.24,31.39,48.24,4.58,30.07,37.62,23.54,6.89,3.0,,0,45.07,deterministic_fallback
mumbai,20.08,31.87,94.08,82.96,45.15,59.94,7.72,85.11,51.77,43.76,81.0,7.15,33.2,47.48,52.96,2.5,2.0,60.2,0,75.86,deterministic_fallback
bangalore,24.22,25.38,108.89,69.89,25.38,76.39,9.64,93.73,58.98,25.75,81.5,9.18,31.79,55.04,53.22,2.12,3.0,63.15,1,95.04,deterministic_fallback
delhi,12.76,33.61,164.79,40.29,34.83,71.2,8.98,77.62,38.36,31.79,61.66,3.57,20.58,41.78,22.49,8.91,1.0,100.0,0,34.3,deterministic_fallback
hyderabad,25.78,26.03,102.4,52.14,26.03,69.0,10.06,85.27,71.81,38.69,77.66,9.47,30.83,47.51,43.4,8.12,0.0,99.06,1,51.76,deterministic_fallback
bangalore,8.85,27.06,145.86,63.49,28.43,78.92,9.78,88.31,45.46,36.89,93.41,8.71,40.54,66.87,44.19,6.76,1.0,77.18,0,62.79,deterministic_fallback
chennai,28.95,37.33,84.33,83.74,60.0,42.62,6.51,76.69,49.98,38.29,58.04,6.83,,43.09,31.3,0.0,0.0,67.8,1,60.93,deterministic_fallback
hyderabad,,34.13,141.48,67.17,45.82,74.51,9.7,68.74,31.49,35.83,74.49,7.2,24.23,40.63,31.64,3.65,0.0,78.86,0,51.15,deterministic_fallback
delhi,12.39,38.81,231.61,55.99,55.04,66.46,8.41,79.79,34.12,40.71,78.45,8.76,22.65,35.52,26.82,6.0,1.0,93.51,0,47.72,deterministic_fallback
chennai,14.56,36.17,92.95,78.69,60.0,57.81,9.72,69.26,48.92,47.82,56.4,8.57,32.36,41.29,42.38,0.23,2.0,57.09,0,86.09,deterministic_fallback
chennai,8.66,31.81,41.34,78.0,42.86,83.94,,82.25,43.31,41.37,74.16,9.32,36.68,56.16,24.05,7.29,0.0,96.0,0,47.09,deterministic_fallback
delhi,9.65,33.87,176.67,51.99,38.79,51.82,7.18,96.02,66.78,33.63,59.89,14.77,29.3,53.25,35.25,6.78,2.0,88.18,1,74.3,deterministic_fallback
delhi,21.44,32.23,160.14,53.98,35.84,64.51,7.64,82.33,44.09,35.61,68.92,8.14,27.18,56.42,29.98,2.11,2.0,57.18,0,67.02,deterministic_fallback
hyderabad,13.28,28.38,106.28,62.87,30.4,79.67,12.49,88.07,53.67,34.41,67.82,5.59,30.07,56.21,23.41,4.32,2.0,85.19,0,58.69,deterministic_fallback
mumbai,26.42,33.16,100.09,68.88,43.49,80.78,8.96,83.44,32.15,33.88,80.76,2.88,25.81,47.75,32.63,7.99,1.0,92.31,1,46.38,deterministic_fallback
mumbai,20.62,31.34,135.4,73.33,39.63,75.67,9.94,83.64,74.77,38.88,84.01,,31.25,67.97,39.02,7.12,2.0,84.62,0,53.11,deterministic_fallback
mumbai,13.87,33.93,154.17,70.88,46.99,91.24,9.4,87.16,20.77,,90.65,5.35,28.86,37.35,17.56,6.38,,100.0,0,25.28,deterministic_fallback
chennai,12.35,34.08,129.31,83.84,54.88,91.86,10.24,81.2,56.22,31.62,100.0,9.13,33.28,33.82,20.63,7.54,2.0,90.83,0,50.3,deterministic_fallback
hyderabad,27.93,30.7,80.48,73.47,37.81,60.26,7.63,80.92,48.46,41.35,78.17,7.33,33.08,58.51,41.11,,0.0,87.8,1,54.17,deterministic_fallback
hyderabad,15.43,,68.5,41.88,27.56,85.5,11.77,90.71,14.02,35.05,77.04,8.17,27.83,44.34,15.49,8.26,1.0,99.07,0,35.61,deterministic_fallback
chennai,10.69,32.63,102.55,87.37,50.38,74.41,10.56,80.25,56.41,35.25,76.82,5.78,37.05,48.66,26.82,8.12,1.0,99.91,0,43.39,deterministic_fallback
bangalore,13.14,31.25,115.51,69.75,38.21,54.8,9.6,72.67,49.31,37.75,60.91,7.45,,60.68,34.16,0.0,1.0,57.37,0,52.83,deterministic_fallback
bangalore,7.27,26.91,80.66,76.68,29.25,90.82,10.68,80.75,33.52,30.3,81.54,8.6,24.81,52.82,38.33,4.88,3.0,79.51,0,74.02,deterministic_fallback
mumbai,21.79,34.6,133.25,83.79,57.25,63.94,7.57,77.46,54.95,38.69,68.63,6.32,25.19,50.68,25.2,3.76,2.0,62.78,0,63.3,deterministic_fallback
mumbai,22.92,31.65,93.92,91.36,48.06,52.92,7.09,76.06,57.47,43.98,79.79,8.92,30.76,64.73,,4.27,0.0,83.48,0,46.39,deterministic_fallback
hyderabad,20.43,36.64,68.74,61.31,51.02,47.51,9.21,91.61,55.9,42.7,61.53,6.84,33.96,59.59,47.83,0.92,1.0,68.03,0,73.77,deterministic_fallback
,16.06,21.91,97.1,58.38,21.91,81.64,10.48,91.25,59.59,33.65,72.16,4.46,32.21,57.0,37.18,5.49,0.0,91.59,0,45.01,deterministic_fallback
bangalore,13.66,33.88,62.06,68.25,45.53,80.58,9.44,83.18,38.47,35.31,82.79,8.06,23.22,33.06,26.2,6.64,2.0,69.27,0,60.09,deterministic_fallback
chennai,11.96,28.68,110.62,79.08,33.68,56.69,10.61,92.94,60.8,40.41,73.04,8.56,35.15,86.84,32.31,3.0,0.0,74.93,0,45.65,deterministic_fallback
hyderabad,9.04,33.94,123.8,57.0,40.79,88.6,9.09,89.31,32.43,28.45,59.02,7.52,18.65,32.95,31.05,6.14,0.0,81.74,0,38.55,deterministic_fallback
bangalore,24.34,28.44,69.75,75.21,32.38,72.37,11.54,85.73,54.63,33.34,71.91,9.47,20.2,43.45,27.76,2.28,1.0,77.7,0,55.09,deterministic_fallback
bangalore,5.64,,74.09,67.93,28.52,89.46,10.31,78.59,31.02,33.7,70.8,5.78,25.8,41.45,27.71,6.19,1.0,83.96,0,44.54,deterministic_fallback
delhi,10.37,35.28,176.53,45.07,39.46,69.77,10.3,88.23,34.14,41.3,80.41,7.26,30.11,76.56,46.54,0.0,0.0,70.22,1,68.36,deterministic_fallback
mumbai,11.93,32.07,96.27,70.27,40.71,79.79,9.4,92.92,33.53,27.46,88.49,6.49,31.1,41.56,27.36,6.74,1.0,80.71,0,47.36,deterministic_fallback
bangalore,28.24,27.78,68.19,67.12,29.91,62.02,11.05,81.66,53.42,38.05,50.89,9.8,40.47,60.23,43.5,4.02,0.0,83.24,1,68.59,deterministic_fallback
mumbai,25.14,34.72,107.21,81.65,56.37,54.91,8.26,62.77,55.03,39.95,81.72,7.24,26.0,44.38,30.35,3.72,1.0,75.38,0,53.23,deterministic_fallback
bangalore,14.18,33.94,53.76,53.46,39.46,86.27,9.89,81.8,17.9,24.7,81.96,6.2,12.95,31.4,13.15,6.35,1.0,100.0,0,37.53,deterministic_fallback
chennai,9.13,34.94,89.65,68.49,49.26,54.13,10.22,87.01,59.73,35.68,56.15,4.41,20.77,57.1,37.07,0.0,1.0,66.45,0,51.68,deterministic_fallback
delhi,0.0,38.6,217.15,33.03,38.6,81.3,8.42,88.66,24.23,34.73,86.29,4.82,21.36,42.28,34.46,7.82,0.0,100.0,0,38.33,deterministic_fallback
mumbai,22.36,31.02,142.71,74.85,39.2,66.58,9.52,96.71,20.25,42.55,62.4,5.6,31.58,53.87,35.2,5.47,1.0,97.56,0,51.83,deterministic_fallback
delhi,9.76,41.27,233.57,59.36,60.0,78.11,7.74,76.37,25.55,35.08,87.09,9.81,26.12,57.01,35.38,7.71,0.0,99.46,0,40.2,deterministic_fallback
delhi,9.55,36.2,140.78,40.28,39.65,61.16,10.26,81.61,42.96,42.13,69.34,6.41,24.33,66.33,27.14,4.74,0.0,83.1,0,38.54,deterministic_fallback
hyderabad,10.65,27.56,56.96,64.48,29.25,65.62,10.34,96.98,46.09,23.91,56.84,5.87,30.81,35.95,30.04,1.0,0.0,,0,51.35,deterministic_fallback
bangalore,12.63,30.28,61.2,91.8,42.45,69.03,9.64,82.17,33.61,40.98,98.48,8.98,32.04,45.25,,5.55,0.0,89.85,0,48.9,deterministic_fallback
chennai,15.16,35.72,69.38,86.84,60.0,57.4,7.02,70.44,30.98,39.56,,11.55,37.39,48.06,30.49,4.62,2.0,56.27,1,79.27,deterministic_fallback
hyderabad,8.63,31.79,93.0,59.76,,83.87,10.26,90.97,31.64,31.69,72.14,4.61,16.67,50.78,35.69,7.63,0.0,97.11,0,37.53,deterministic_fallback
bangalore,7.89,27.93,56.65,75.5,31.26,68.56,10.66,85.37,33.72,39.54,71.09,4.69,36.64,74.52,31.25,5.05,0.0,86.8,0,47.35,deterministic_fallback
chennai,13.06,37.54,96.55,64.09,56.13,70.15,8.05,78.28,45.77,35.59,69.9,9.26,26.38,48.53,33.54,3.24,3.0,64.42,0,59.14,deterministic_fallback
mumbai,20.5,30.16,110.78,67.05,34.71,75.79,10.91,86.58,38.61,34.21,77.83,7.19,23.97,34.02,53.29,0.91,0.0,55.47,0,63.19,deterministic_fallback
mumbai,31.07,22.3,93.55,80.71,22.3,64.63,10.32,86.21,59.14,36.21,71.74,7.73,29.06,55.04,45.79,2.15,1.0,67.02,1,72.18,deterministic_fallback
mumbai,16.4,37.63,192.64,,,74.25,8.03,70.89,19.61,25.36,83.69,10.21,20.2,47.92,30.07,5.29,0.0,75.62,0,53.7,deterministic_fallback
chennai,16.01,32.3,110.36,84.04,47.34,57.38,6.56,71.32,33.25,32.62,76.71,6.29,24.81,39.38,12.74,2.29,0.0,84.95,0,38.17,deterministic_fallback
bangalore,12.37,24.32,102.84,64.44,24.32,57.67,9.82,78.23,67.05,33.14,57.3,8.16,30.31,,27.25,2.83,0.0,73.21,1,60.22,deterministic_fallback
mumbai,8.9,26.82,112.91,80.26,29.37,76.48,10.37,77.13,45.75,36.96,76.52,6.31,17.16,43.86,50.65,0.0,3.0,,0,85.19,deterministic_fallback
bangalore,13.52,27.29,73.9,70.35,29.38,76.79,9.91,88.24,43.7,39.54,82.17,15.96,37.91,72.19,34.22,7.76,2.0,88.67,1,75.33,deterministic_fallback
mumbai,6.36,,128.65,77.46,31.29,75.19,10.74,83.44,26.41,37.01,,6.36,28.96,45.76,16.68,7.2,2.0,93.8,0,48.83,deterministic_fallback
hyderabad,3.29,27.15,116.51,57.68,28.1,88.69,9.77,74.44,47.67,30.19,94.47,8.49,24.42,52.61,45.79,1.75,4.0,56.07,0,85.59,deterministic_fallback
bangalore,13.59,25.47,50.27,62.25,25.47,62.07,10.03,74.32,68.26,41.94,76.59,7.09,36.31,76.71,45.75,0.0,1.0,51.8,1,85.79,deterministic_fallback
delhi,16.94,37.74,213.08,52.59,49.33,,10.51,83.0,27.52,41.15,84.09,10.21,31.15,48.96,50.29,6.88,1.0,85.11,1,68.17,deterministic_fallback
delhi,13.35,42.78,140.28,51.63,60.0,91.4,9.1,79.18,29.61,35.89,87.25,6.37,25.72,59.51,41.15,6.47,,89.74,0,48.91,deterministic_fallback
hyderabad,18.68,35.44,118.52,55.97,44.4,60.91,7.96,79.32,44.99,40.15,75.64,9.08,24.63,41.48,41.17,8.25,2.0,89.26,0,56.31,deterministic_fallback
delhi,5.17,38.48,189.46,54.74,53.04,57.23,6.92,73.75,,,80.27,8.04,37.29,61.52,44.15,4.4,0.0,73.44,0,61.8,deterministic_fallback
mumbai,28.4,30.78,69.6,88.49,43.21,70.86,9.73,85.74,51.21,35.31,77.93,8.57,20.04,42.11,37.84,4.91,,84.12,0,39.32,deterministic_fallback
mumbai,27.26,31.3,149.26,85.6,44.09,70.34,10.41,80.26,73.62,38.12,69.0,6.03,28.59,57.44,36.39,5.61,0.0,78.48,1,56.47,deterministic_fallback
kolkata,,31.81,194.86,,40.98,51.8,7.88,90.47,39.04,35.92,57.6,5.22,22.0,76.88,52.02,1.18,0.0,74.06,1,65.34,deterministic_fallback
kolkata,6.84,28.25,79.87,82.34,33.15,62.34,9.97,84.89,38.68,35.49,75.45,2.02,28.99,46.43,23.51,3.3,,77.06,0,51.23,deterministic_fallback
hyderabad,17.15,33.34,94.41,52.08,37.63,80.7,12.24,78.6,45.78,33.22,78.85,7.92,24.64,30.91,38.78,2.39,1.0,62.18,0,52.48,deterministic_fallback
delhi,1.82,35.56,201.73,49.92,42.0,70.34,9.56,89.9,46.18,37.93,76.52,5.49,21.33,52.44,40.28,6.52,0.0,87.0,1,53.24,deterministic_fallback
kolkata,13.52,35.52,151.58,74.82,55.35,77.46,11.45,75.7,36.69,41.49,76.93,12.4,25.71,59.03,42.88,7.92,0.0,95.47,0,48.89,deterministic_fallback
chennai,9.18,30.89,143.05,84.95,42.27,54.96,8.49,76.91,37.78,38.94,70.34,5.72,29.39,62.33,41.66,0.0,0.0,61.78,0,49.11,deterministic_fallback
,17.39,27.67,139.24,65.66,29.55,50.18,9.05,88.62,47.5,37.77,66.45,10.69,31.64,,54.99,0.0,2.0,56.2,0,78.08,deterministic_fallback
bangalore,6.23,25.36,93.47,77.72,25.36,68.46,9.16,90.61,61.24,40.82,89.7,8.86,20.29,66.4,37.12,2.41,6.0,53.51,0,94.11,deterministic_fallback
delhi,11.85,27.04,237.72,58.36,28.01,59.2,8.67,87.14,33.11,38.0,71.09,8.3,25.15,58.38,,2.0,,74.28,0,66.76,deterministic_fallback
mumbai,13.87,31.81,144.57,76.94,42.44,,7.44,75.4,39.25,36.31,65.7,5.23,28.02,,38.68,0.9,4.0,61.81,0,79.71,deterministic_fallback
kolkata,33.39,31.36,117.96,80.27,42.21,68.71,9.07,91.66,61.16,36.3,59.73,8.4,34.22,43.24,39.1,7.9,2.0,91.17,0,61.37,deterministic_fallback
bangalore,14.95,23.11,55.53,83.13,23.11,72.44,10.13,88.26,28.33,26.28,73.73,9.96,,44.46,32.18,4.45,1.0,69.57,0,56.96,deterministic_fallback
mumbai,15.7,33.02,148.53,,47.2,67.17,8.32,81.12,47.7,30.16,71.07,12.53,23.39,52.13,26.09,6.42,0.0,80.26,0,41.72,deterministic_fallback
delhi,9.2,38.47,160.6,38.9,38.47,76.55,9.54,85.88,14.97,31.14,69.15,4.08,29.41,37.05,35.03,4.94,1.0,92.36,0,47.45,deterministic_fallback
bangalore,13.39,29.99,62.91,77.13,36.83,75.84,11.69,93.75,39.69,38.78,,6.94,26.27,43.31,38.98,6.24,1.0,90.47,0,44.17,deterministic_fallback
mumbai,13.54,27.3,99.76,80.23,30.44,78.78,11.28,79.87,42.49,31.69,78.69,4.13,10.42,51.61,23.25,6.15,1.0,87.94,0,32.72,deterministic_fallback
chennai,16.85,32.18,114.78,87.4,48.45,54.43,8.48,70.25,48.01,34.25,,6.8,33.66,43.24,31.39,1.05,2.0,62.36,0,66.46,deterministic_fallback
chennai,10.24,36.29,79.84,76.76,60.0,63.54,8.44,83.8,31.71,37.85,78.88,11.34,30.73,57.3,42.1,1.51,2.0,62.49,0,80.19,deterministic_fallback
hyderabad,10.14,39.88,61.72,58.65,60.0,52.97,6.36,67.84,,,60.5,4.75,25.79,35.37,18.1,4.53,2.0,78.28,0,48.38,deterministic_fallback
bangalore,18.91,27.64,103.29,81.72,31.44,75.5,10.17,90.19,46.3,33.12,80.14,3.33,27.69,61.51,52.21,2.74,1.0,68.19,0,71.23,deterministic_fallback
hyderabad,4.13,32.61,93.62,46.02,34.5,81.6,10.45,95.04,52.22,33.6,74.64,6.92,27.07,44.39,39.85,6.54,0.0,99.46,0,51.09,deterministic_fallback
hyderabad,9.18,35.36,134.25,54.05,43.28,68.9,8.86,81.4,45.28,32.17,72.19,7.5,24.95,38.83,52.43,0.75,1.0,57.98,0,69.41,deterministic_fallback
hyderabad,17.78,31.93,119.31,52.32,34.8,73.03,9.89,79.97,31.42,35.16,71.99,6.18,,63.93,42.31,1.83,0.0,,0,53.04,deterministic_fallback
mumbai,17.47,32.49,146.03,61.84,38.85,77.12,9.29,86.84,35.52,,71.7,5.26,23.88,53.15,56.04,3.45,3.0,54.65,0,89.82,deterministic_fallback
bangalore,22.63,31.86,105.08,76.8,42.57,56.59,7.69,89.58,41.22,39.44,73.06,8.17,30.13,57.3,54.17,1.21,1.0,62.1,0,74.73,deterministic_fallback
mumbai,28.03,39.01,149.56,75.78,60.0,,9.93,76.42,48.16,42.45,76.75,4.36,25.63,43.7,31.15,6.83,1.0,98.5,1,53.18,deterministic_fallback
bangalore,12.64,29.5,89.43,76.25,35.26,77.95,10.81,78.85,41.03,29.61,,7.46,20.58,64.65,54.93,0.0,2.0,51.2,1,82.65,deterministic_fallback
delhi,13.3,45.32,209.64,53.18,60.0,62.03,7.77,75.77,39.97,38.04,78.08,7.79,29.63,52.14,30.02,,0.0,86.42,1,51.06,deterministic_fallback
mumbai,14.52,29.1,145.56,84.02,35.96,69.97,8.18,75.39,77.61,35.57,78.09,10.96,32.72,56.28,34.64,5.2,0.0,87.91,0,44.97,deterministic_fallback
mumbai,10.65,38.33,,75.21,60.0,64.82,5.58,68.9,33.13,40.38,68.81,8.63,23.98,39.83,22.31,6.94,0.0,89.37,1,54.15,deterministic_fallback
hyderabad,7.9,35.22,93.88,52.52,42.26,79.33,11.87,80.47,55.96,36.4,78.35,6.02,24.15,50.62,36.68,2.84,1.0,82.12,0,54.92,deterministic_fallback
mumbai,21.4,34.55,144.83,80.43,54.83,71.67,8.44,77.87,,44.02,68.46,6.51,22.48,53.31,29.08,8.37,2.0,100.0,0,45.25,deterministic_fallback
kolkata,7.51,28.53,128.62,88.95,35.25,95.0,11.0,80.57,14.09,30.73,90.48,1.19,19.69,63.26,28.88,6.79,2.0,76.75,0,44.76,deterministic_fallback
hyderabad,9.85,36.73,124.5,58.39,49.57,59.04,7.91,79.51,47.35,40.17,60.47,6.09,22.58,54.07,35.99,3.81,1.0,74.53,0,48.17,deterministic_fallback
delhi,23.35,41.92,175.64,45.25,57.4,48.7,7.53,74.09,61.17,48.25,61.64,8.47,36.76,44.98,,2.39,3.0,56.33,1,91.21,deterministic_fallback
hyderabad,8.98,26.81,35.0,49.13,,66.05,9.62,81.41,53.28,34.74,56.04,6.14,18.35,54.13,37.23,,1.0,55.14,1,67.77,deterministic_fallback
mumbai,33.17,31.78,105.37,82.29,44.54,46.93,,64.69,57.15,40.91,73.07,8.19,33.46,60.74,58.11,0.44,4.0,48.43,1,97.18,deterministic_fallback
kolkata,26.36,23.38,157.08,78.68,23.38,71.93,10.14,87.54,42.94,33.83,69.92,11.29,24.49,29.9,29.8,5.45,0.0,92.79,0,40.06,deterministic_fallback
bangalore,7.93,26.85,50.15,68.06,28.46,93.03,9.32,98.97,24.91,27.9,88.34,5.86,25.65,29.83,29.92,8.63,3.0,,0,52.86,deterministic_fallback
chennai,13.8,30.79,129.6,73.19,37.98,61.17,8.9,87.37,55.07,31.61,67.05,5.26,31.79,50.9,36.48,5.59,0.0,84.1,0,49.99,deterministic_fallback
mumbai,14.72,31.63,137.49,75.62,41.35,95.0,9.53,84.35,35.37,36.52,85.52,2.93,27.57,50.7,33.8,8.77,1.0,83.1,1,49.99,deterministic_fallback
bangalore,7.48,37.35,57.9,70.95,60.0,79.37,6.32,72.28,27.81,32.44,85.42,5.81,30.98,43.81,26.39,7.03,2.0,82.1,1,53.06,deterministic_fallback
bangalore,14.01,34.99,91.29,73.56,52.39,75.67,7.93,81.28,47.58,41.37,80.81,5.22,37.48,55.14,23.89,,2.0,89.84,0,46.65,deterministic_fallback
kolkata,19.02,26.4,131.27,98.24,26.4,79.13,9.86,87.46,38.51,35.83,77.17,4.61,33.91,43.66,38.82,,0.0,80.99,0,54.27,deterministic_fallback
bangalore,17.78,29.82,108.11,75.49,35.93,81.51,10.64,90.92,54.03,26.26,80.89,5.87,19.83,36.63,33.07,7.9,1.0,100.0,0,39.11,deterministic_fallback
bangalore,12.15,28.63,105.8,81.72,34.07,73.36,11.87,79.54,45.12,32.7,68.86,8.81,15.41,,25.47,6.09,0.0,85.91,0,31.94,deterministic_fallback
delhi,15.89,36.84,192.96,43.72,42.41,55.6,8.77,82.61,36.48,34.98,57.79,10.47,26.27,46.18,37.73,1.01,1.0,64.18,0,58.34,deterministic_fallback
delhi,16.11,36.28,121.21,37.48,36.28,80.66,10.0,84.13,28.33,41.13,81.93,4.19,30.34,51.08,36.22,5.26,1.0,79.6,0,51.35,deterministic_fallback
bangalore,8.84,28.96,63.4,68.59,32.39,68.63,8.01,87.81,32.24,38.01,72.17,6.03,17.61,,39.19,4.02,1.0,68.47,0,54.1,deterministic_fallback
bangalore,7.91,20.04,35.0,75.5,20.04,92.68,10.7,73.57,59.69,33.22,82.93,7.51,24.69,28.54,33.92,6.06,1.0,89.14,0,50.48,deterministic_fallback
mumbai,13.47,26.24,133.63,84.69,26.24,68.13,8.9,82.66,31.73,36.03,86.51,7.33,,33.18,53.94,0.86,0.0,61.75,0,70.39,deterministic_fallback
chennai,15.44,35.34,132.93,84.93,60.0,61.57,7.77,75.76,53.11,,74.0,11.88,36.84,52.68,35.85,7.32,2.0,82.25,0,59.14,deterministic_fallback
kolkata,16.52,31.75,179.8,62.03,37.09,71.01,10.2,89.49,27.62,,65.97,5.14,,42.87,42.08,3.49,0.0,61.41,0,53.43,deterministic_fallback
mumbai,2.83,25.84,121.28,88.25,25.84,,11.12,89.46,16.95,28.01,78.09,3.4,18.0,26.48,26.86,8.08,1.0,100.0,0,35.96,deterministic_fallback
bangalore,10.63,25.67,89.86,71.53,25.67,88.52,8.66,73.91,37.64,29.98,79.88,5.04,25.77,50.05,18.67,7.22,2.0,87.64,0,43.03,deterministic_fallback
mumbai,17.67,29.92,64.2,67.06,34.18,72.51,11.0,88.21,67.3,37.47,80.47,8.42,30.54,63.91,28.26,3.56,0.0,86.12,0,35.81,deterministic_fallback
hyderabad,15.37,37.08,115.66,65.02,54.99,78.81,8.67,88.43,25.74,38.85,79.45,0.58,30.74,47.53,28.78,7.86,1.0,98.68,1,48.64,deterministic_fallback
delhi,3.87,34.61,153.85,50.67,40.01,88.27,,79.31,,35.0,91.98,5.94,27.25,55.32,41.15,0.81,1.0,,0,57.72,deterministic_fallback
hyderabad,11.38,37.97,89.48,61.96,56.22,60.12,9.67,68.77,54.29,40.67,75.07,2.97,34.23,57.36,44.2,0.09,3.0,47.07,1,83.79,deterministic_fallback
chennai,13.98,,141.66,83.11,46.57,81.55,10.8,83.46,52.4,33.16,82.33,6.28,18.12,25.11,28.52,4.11,1.0,67.49,0,44.94,deterministic_fallback
chennai,18.3,32.42,117.63,78.91,45.42,55.42,7.66,85.64,52.06,42.45,73.61,12.67,29.93,57.74,29.07,3.32,0.0,82.63,0,57.27,deterministic_fallback
mumbai,7.88,28.37,146.33,66.85,30.93,78.99,10.43,,52.16,34.8,81.72,9.69,37.11,69.04,,1.27,2.0,61.15,0,85.38,deterministic_fallback
kolkata,8.53,32.78,118.74,80.54,47.56,76.83,,88.26,32.18,34.34,79.46,3.51,25.8,62.79,,8.71,1.0,95.01,0,30.1,deterministic_fallback
delhi,15.19,33.42,151.32,37.27,33.42,50.32,11.36,76.49,29.51,36.95,62.63,6.22,29.0,49.29,41.2,0.0,,67.2,0,48.32,deterministic_fallback
mumbai,10.83,35.88,129.93,84.06,60.0,72.75,9.85,72.66,21.76,41.99,85.72,4.31,23.52,39.4,35.18,5.21,0.0,88.12,0,44.18,deterministic_fallback
bangalore,5.2,18.75,103.03,79.6,18.75,65.5,11.26,89.77,32.02,37.0,73.55,10.67,38.98,61.67,30.03,2.24,1.0,72.99,0,70.88,deterministic_fallback
delhi,33.45,42.16,190.89,41.74,55.42,64.41,7.46,72.29,59.65,40.02,70.2,4.15,32.86,67.8,59.06,1.88,0.0,63.5,1,85.79,deterministic_fallback
chennai,15.28,32.47,51.72,69.85,41.76,78.2,9.92,84.73,29.49,37.19,80.14,,22.26,57.8,30.19,0.0,2.0,61.24,0,55.76,deterministic_fallback
chennai,9.85,34.38,107.68,67.73,,53.82,8.48,78.51,42.07,37.43,75.87,5.47,32.78,45.4,38.07,2.97,2.0,68.03,0,71.41,deterministic_fallback
delhi,0.0,37.07,146.54,45.37,43.7,76.56,9.82,81.39,32.12,30.95,76.22,2.62,19.38,48.9,26.63,5.64,,91.76,0,38.26,deterministic_fallback
kolkata,9.77,33.05,156.96,85.08,51.02,56.37,8.82,77.54,33.34,33.78,67.5,11.25,29.25,42.8,41.55,2.84,,81.84,0,46.97,deterministic_fallback
delhi,4.85,32.43,171.43,45.84,34.16,80.69,8.26,80.18,45.82,32.53,87.45,3.36,30.67,48.02,30.09,6.19,0.0,95.27,0,34.05,deterministic_fallback
bangalore,10.48,,37.55,74.06,37.16,62.92,9.08,82.27,28.77,38.66,71.75,4.68,37.94,45.55,31.14,3.6,0.0,77.79,0,43.78,deterministic_fallback
delhi,3.55,40.46,197.12,57.81,60.0,69.96,,72.02,63.62,45.79,75.18,12.07,33.61,78.15,46.18,5.97,1.0,90.65,1,74.57,deterministic_fallback
kolkata,26.76,30.21,,91.95,42.22,58.3,9.23,81.42,59.83,36.56,75.85,7.72,29.26,57.7,35.24,4.3,2.0,81.93,0,55.3,deterministic_fallback
mumbai,8.05,37.46,126.39,69.7,59.91,73.29,8.33,77.81,20.74,35.4,77.7,5.24,14.96,27.77,32.3,3.35,2.0,74.05,0,58.66,deterministic_fallback
mumbai,20.29,31.39,163.72,90.71,46.64,60.34,9.02,77.27,58.68,35.89,82.83,6.06,25.75,53.19,38.99,3.89,1.0,77.52,0,57.29,deterministic_fallback
bangalore,19.39,27.64,88.17,81.28,31.38,91.34,9.75,98.02,33.43,34.58,76.73,7.11,24.35,58.24,42.4,6.3,0.0,95.97,0,48.43,deterministic_fallback
kolkata,17.34,28.17,109.03,94.81,35.22,85.28,10.02,91.77,55.51,37.26,88.45,6.12,26.96,,36.7,3.83,0.0,75.92,0,44.75,deterministic_fallback
kolkata,7.91,29.45,136.92,80.37,36.1,95.0,9.92,84.76,40.31,24.88,78.21,4.22,19.84,40.68,38.08,8.53,1.0,100.0,0,42.84,deterministic_fallback
chennai,17.66,25.94,104.29,69.4,25.94,68.36,7.42,87.45,26.45,41.29,79.16,4.28,34.08,57.99,35.23,4.5,0.0,70.91,1,52.1,deterministic_fallback
kolkata,13.64,31.44,168.75,74.22,40.25,73.0,,91.33,28.14,44.51,68.13,7.59,27.58,49.82,55.25,1.18,0.0,67.67,0,66.42,deterministic_fallback
kolkata,30.29,32.13,150.97,74.61,42.59,74.49,10.69,76.37,46.24,41.41,88.36,7.07,33.97,66.05,53.74,0.0,1.0,55.36,1,82.44,deterministic_fallback
,16.77,22.1,87.54,69.44,22.1,63.22,8.73,80.15,52.59,29.9,71.47,5.78,24.32,42.83,39.96,4.02,0.0,75.99,0,47.23,deterministic_fallback
delhi,23.69,37.56,142.51,57.68,51.87,47.64,7.97,83.96,45.28,43.65,66.45,9.26,27.32,46.67,35.43,0.47,0.0,66.28,0,55.65,deterministic_fallback
chennai,13.32,,87.42,85.52,48.3,67.89,10.4,81.36,43.04,40.42,71.68,5.62,26.06,58.54,30.43,0.0,0.0,54.12,0,44.32,deterministic_fallback
hyderabad,6.82,28.39,99.56,54.66,29.41,76.43,9.43,92.47,43.51,33.21,71.24,6.37,27.95,59.44,45.09,2.21,1.0,83.45,0,63.98,deterministic_fallback
delhi,7.75,33.78,153.47,49.31,37.7,74.43,10.22,87.67,17.96,32.09,75.48,11.39,33.15,57.52,51.22,2.1,0.0,62.21,0,66.97,deterministic_fallback
mumbai,36.35,32.25,96.76,80.07,45.32,89.68,13.61,77.88,62.16,39.5,88.01,9.32,,61.2,55.31,6.43,2.0,77.31,0,77.48,deterministic_fallback
chennai,20.51,34.85,102.27,70.56,50.12,68.8,9.45,68.96,59.63,39.14,78.23,6.2,28.94,47.17,22.43,5.84,1.0,77.75,0,51.02,deterministic_fallback
delhi,8.77,,178.32,55.59,41.0,76.28,9.98,85.46,46.93,38.01,78.92,4.87,29.75,43.81,37.93,,0.0,,0,38.72,deterministic_fallback
kolkata,23.14,30.98,93.01,85.75,42.92,62.96,10.37,91.04,36.9,35.5,71.91,7.17,26.4,33.6,27.82,3.95,0.0,87.29,0,40.8,deterministic_fallback
delhi,8.3,34.52,179.42,,39.86,67.53,10.54,91.3,34.24,38.55,64.34,8.79,19.86,58.43,40.46,0.56,0.0,68.27,1,57.19,deterministic_fallback
mumbai,10.4,27.94,98.5,81.7,32.21,79.78,9.68,95.04,29.75,34.55,81.32,5.55,29.98,60.84,22.87,7.92,0.0,100.0,0,38.13,deterministic_fallback
chennai,7.41,31.17,106.58,79.52,41.28,56.91,7.69,88.38,28.3,40.38,75.77,6.07,21.7,58.19,39.24,3.76,1.0,69.71,0,56.44,deterministic_fallback
mumbai,25.56,33.85,118.39,84.89,54.47,60.49,8.97,86.74,73.97,40.5,83.84,5.81,22.65,55.02,,2.43,0.0,77.81,0,48.05,deterministic_fallback
mumbai,18.51,32.88,74.91,72.77,44.29,69.1,10.1,72.54,41.72,42.51,66.61,5.89,22.54,38.46,33.06,5.19,1.0,79.97,0,47.35,deterministic_fallback
hyderabad,12.05,29.84,83.05,66.14,33.78,79.58,9.67,85.21,53.83,33.96,87.4,3.68,26.9,63.8,45.1,1.82,1.0,68.15,0,55.07,deterministic_fallback
kolkata,,32.03,141.75,84.72,,66.99,10.86,73.49,59.9,41.83,71.91,7.87,26.07,62.31,49.07,3.8,2.0,79.63,0,73.11,deterministic_fallback
mumbai,14.08,29.6,126.46,75.65,35.37,82.55,11.56,93.99,46.83,45.41,78.19,7.01,24.47,61.36,,5.43,1.0,71.31,0,65.18,deterministic_fallback
delhi,6.02,31.46,191.04,51.36,33.7,82.41,11.34,84.97,33.92,39.97,64.54,11.42,31.26,62.56,39.7,5.58,0.0,100.0,1,65.32,deterministic_fallback
chennai,18.41,34.42,153.28,78.23,52.9,59.05,8.28,82.04,55.22,45.76,79.08,7.89,32.5,68.88,38.95,4.01,0.0,79.43,1,59.4,deterministic_fallback
kolkata,20.34,35.52,151.36,91.28,60.0,62.97,5.75,71.88,30.13,40.42,67.81,5.89,32.22,38.32,30.09,7.42,0.0,84.88,1,51.32,deterministic_fallback
bangalore,7.92,27.98,115.93,60.26,29.45,81.41,10.15,89.36,40.95,31.51,84.47,9.61,20.79,36.61,32.83,8.01,1.0,90.17,0,51.43,deterministic_fallback
mumbai,21.84,33.39,141.98,90.35,55.61,,6.0,73.23,35.57,40.61,71.48,8.43,29.63,55.23,39.95,0.0,2.0,55.12,1,82.57,deterministic_fallback
mumbai,12.51,34.92,179.66,79.19,55.67,41.52,5.59,73.53,37.99,36.91,65.35,8.32,31.5,47.84,49.85,0.3,1.0,54.75,1,90.77,deterministic_fallback
delhi,0.27,31.34,148.8,44.97,32.2,74.52,10.9,87.47,31.27,24.32,56.03,5.0,14.82,35.78,27.89,4.89,1.0,66.35,0,51.45,deterministic_fallback
mumbai,19.94,40.62,136.64,75.3,60.0,73.6,9.41,78.16,60.33,46.22,98.91,7.74,29.11,63.11,33.6,6.81,1.0,90.18,0,61.74,deterministic_fallback
hyderabad,7.31,29.05,150.01,50.57,29.8,80.95,7.83,85.9,9.81,25.6,,4.31,27.51,39.41,32.95,3.0,3.0,59.35,0,69.16,deterministic_fallback
mumbai,13.14,27.43,164.45,65.12,29.12,59.87,9.64,87.29,71.76,37.53,72.58,7.04,28.35,54.14,43.01,0.9,2.0,63.09,0,60.42,deterministic_fallback
bangalore,15.05,25.6,42.79,74.62,25.6,74.3,9.96,92.29,28.65,29.65,69.23,6.02,22.99,30.76,25.51,5.15,2.0,70.61,0,54.16,deterministic_fallback
hyderabad,15.46,31.5,112.29,75.08,,86.58,9.54,83.48,37.0,,90.5,7.68,25.5,46.31,22.12,8.1,,100.0,0,30.84,deterministic_fallback
hyderabad,13.48,27.84,108.55,46.14,27.96,46.07,8.43,94.99,53.32,42.61,67.83,10.39,37.07,65.4,41.34,0.92,1.0,66.03,1,78.11,deterministic_fallback
mumbai,,39.85,162.85,72.14,60.0,64.79,9.45,76.83,53.9,37.07,,10.17,28.79,57.78,20.68,4.74,1.0,81.4,0,57.87,deterministic_fallback
chennai,27.32,34.74,35.0,82.2,56.85,62.57,6.7,71.56,58.26,,81.03,9.14,30.05,54.95,16.76,5.07,1.0,85.88,1,52.24,deterministic_fallback
hyderabad,1.64,32.21,78.87,57.77,36.89,73.21,7.83,87.51,47.78,31.91,62.64,1.64,25.33,51.81,41.54,2.95,0.0,62.81,0,45.15,deterministic_fallback
chennai,4.88,30.4,35.0,81.07,39.26,64.47,8.12,86.43,68.56,37.68,67.33,4.66,20.44,62.95,39.04,0.0,1.0,54.72,0,56.87,deterministic_fallback
mumbai,19.39,28.49,139.83,78.74,33.13,83.81,10.76,90.13,52.95,32.95,82.13,2.79,29.5,53.64,29.99,5.13,0.0,98.06,0,45.88,deterministic_fallback
mumbai,9.02,32.59,183.33,74.08,43.88,75.06,9.2,83.83,35.46,42.18,90.94,9.92,,50.3,44.95,6.16,2.0,80.52,1,72.66,deterministic_fallback
kolkata,9.7,24.54,116.8,79.97,24.54,73.61,9.35,,36.16,28.72,67.46,,18.47,51.87,28.99,5.12,1.0,81.32,0,45.85,deterministic_fallback
delhi,6.93,31.17,177.14,30.5,31.17,69.18,10.81,80.4,36.64,51.57,68.2,6.5,24.45,58.92,34.38,4.47,0.0,79.3,0,54.43,deterministic_fallback
delhi,14.75,33.58,176.62,41.03,34.96,81.5,10.64,90.35,53.56,27.88,77.61,,15.86,36.39,31.77,4.98,0.0,95.15,1,47.89,deterministic_fallback
bangalore,30.06,31.35,58.65,77.99,41.31,32.8,6.6,73.54,75.56,49.42,51.03,10.53,21.78,50.34,55.34,1.93,1.0,65.36,1,69.14,deterministic_fallback
hyderabad,17.19,30.66,122.43,68.91,36.4,61.16,10.05,84.4,55.63,40.57,83.59,7.07,24.57,55.84,49.36,0.0,3.0,41.84,0,82.14,deterministic_fallback
kolkata,9.3,31.54,163.53,92.99,48.32,86.17,10.67,89.68,5.0,34.74,68.36,6.32,23.55,37.6,33.28,7.6,1.0,100.0,0,40.62,deterministic_fallback
delhi,17.78,36.06,166.31,53.95,45.17,61.89,8.73,79.92,17.94,37.57,65.26,8.27,33.2,45.97,51.74,1.2,2.0,50.31,0,73.13,deterministic_fallback
,12.74,37.55,124.35,63.97,56.06,68.83,8.21,65.3,37.19,36.23,81.3,7.24,26.9,39.37,17.69,6.89,3.0,81.6,0,52.99,deterministic_fallback
mumbai,13.21,24.8,134.02,73.98,24.8,88.27,12.12,80.71,43.19,37.46,74.94,6.68,30.01,60.45,34.14,3.7,0.0,73.15,0,36.56,deterministic_fallback
bangalore,6.7,30.26,89.48,79.13,38.2,67.44,9.12,88.47,44.99,33.77,65.91,10.06,33.54,61.46,38.41,3.57,0.0,73.51,0,56.81,deterministic_fallback
hyderabad,7.74,30.97,160.02,71.6,38.0,59.15,9.45,89.17,54.84,39.13,86.76,8.84,14.61,58.85,47.48,0.0,1.0,50.78,0,67.16,deterministic_fallback
,18.08,34.75,125.32,90.35,60.0,63.62,8.51,59.67,65.67,43.4,54.2,7.78,32.92,58.6,48.02,8.46,2.0,,0,59.46,deterministic_fallback
mumbai,43.37,30.32,151.23,79.58,38.55,51.53,9.4,83.74,68.1,38.83,,7.22,33.88,76.39,39.56,4.1,1.0,83.96,1,60.27,deterministic_fallback
bangalore,22.13,27.8,110.33,59.32,,70.51,9.67,,27.92,36.48,71.46,8.54,32.12,48.78,40.9,6.88,0.0,80.34,0,56.64,deterministic_fallback
kolkata,1.81,28.16,92.2,80.82,32.63,82.15,10.67,89.64,23.78,34.84,70.89,3.84,17.42,51.22,32.5,7.15,0.0,100.0,0,29.34,deterministic_fallback
hyderabad,6.02,29.13,75.87,58.6,31.03,89.99,11.85,84.44,36.2,29.89,85.55,9.48,21.6,45.63,38.04,1.68,2.0,69.76,0,70.9,deterministic_fallback
kolkata,14.21,28.24,117.15,94.66,35.46,79.35,11.2,100.0,45.87,30.49,63.75,10.19,19.78,,30.99,8.25,0.0,100.0,0,36.49,deterministic_fallback
chennai,27.64,30.66,59.42,78.03,39.11,77.65,9.53,82.7,33.69,41.0,90.69,9.25,,62.13,30.47,5.13,0.0,86.48,0,50.84,deterministic_fallback
bangalore,8.46,28.85,84.73,68.81,32.19,55.28,9.09,90.51,46.83,36.76,69.87,4.5,38.33,42.4,23.07,1.32,1.0,66.21,0,57.14,deterministic_fallback
chennai,7.17,29.38,158.33,75.16,34.7,64.11,9.51,93.96,24.05,34.87,61.97,5.26,24.53,59.01,39.09,4.92,2.0,87.0,0,57.69,deterministic_fallback
mumbai,7.71,27.76,86.27,81.82,31.78,73.67,11.09,85.82,11.49,37.17,56.25,6.35,32.0,48.63,36.66,,2.0,65.6,0,60.03,deterministic_fallback
mumbai,18.88,24.6,132.7,,24.6,59.02,8.33,87.23,39.38,42.37,72.97,5.64,34.83,66.69,41.72,4.76,1.0,85.17,0,61.91,deterministic_fallback
chennai,12.98,29.24,85.17,69.24,33.12,70.74,12.51,82.59,58.66,38.2,65.02,5.48,20.43,43.46,41.1,1.22,1.0,58.61,0,58.66,deterministic_fallback
chennai,15.91,36.25,67.52,66.81,53.04,75.85,8.84,72.64,63.41,43.02,82.42,7.63,28.34,61.97,33.1,8.17,1.0,100.0,0,41.53,deterministic_fallback
delhi,15.67,39.27,240.77,61.22,60.0,44.77,6.41,68.03,30.45,39.7,63.55,10.77,30.2,63.29,42.72,2.17,0.0,67.7,1,71.78,deterministic_fallback
bangalore,0.0,24.02,35.0,54.87,24.02,80.17,10.57,85.94,11.01,33.68,86.19,9.16,26.49,33.99,40.32,3.86,1.0,80.89,0,57.36,deterministic_fallback
hyderabad,7.24,31.06,66.35,71.68,38.29,80.44,9.15,78.64,44.27,31.82,78.8,6.31,26.28,38.12,18.19,7.52,0.0,85.74,0,37.23,deterministic_fallback
kolkata,21.1,26.66,139.64,67.4,26.66,42.99,9.16,79.71,47.49,40.01,64.65,7.5,39.41,67.14,47.7,0.0,0.0,50.15,0,59.44,deterministic_fallback
hyderabad,25.07,37.6,112.12,55.33,50.53,61.28,6.8,73.55,69.17,41.18,81.51,5.02,36.38,73.92,48.3,,2.0,63.33,1,92.69,deterministic_fallback
bangalore,12.77,33.73,98.95,76.8,49.3,68.04,8.74,79.34,52.26,36.75,77.26,7.98,31.44,56.54,31.5,,2.0,81.25,0,62.63,deterministic_fallback
delhi,8.08,37.54,253.57,49.65,47.07,66.78,6.99,82.82,50.51,34.59,79.79,,31.61,52.24,48.75,5.23,1.0,86.01,1,73.83,deterministic_fallback
bangalore,17.12,37.4,62.55,58.84,52.09,77.14,8.2,78.93,26.62,31.45,90.21,6.88,31.77,37.14,24.48,,1.0,94.88,0,45.57,deterministic_fallback
hyderabad,11.52,30.31,85.59,62.33,33.95,81.71,,82.43,47.7,32.41,75.74,4.97,23.24,53.98,29.23,6.62,0.0,98.49,0,27.36,deterministic_fallback
kolkata,8.27,26.83,160.16,82.2,29.54,73.03,9.56,85.89,63.72,29.22,74.06,4.57,16.65,47.81,38.86,3.49,1.0,71.49,0,52.52,deterministic_fallback
bangalore,8.07,25.07,93.7,66.92,25.07,84.44,9.41,91.22,37.55,34.88,84.93,7.96,23.16,43.8,28.37,4.48,1.0,83.09,0,51.4,deterministic_fallback
delhi,3.02,33.03,201.99,44.25,34.8,47.92,9.99,79.82,47.51,31.27,43.88,6.7,,61.45,,0.0,2.0,50.34,1,92.25,deterministic_fallback
delhi,17.37,44.29,168.26,50.11,60.0,69.3,9.1,67.95,40.91,39.8,75.06,11.21,24.68,57.84,29.66,6.6,1.0,86.34,0,53.36,deterministic_fallback
chennai,23.12,30.46,122.26,71.19,36.51,67.34,10.07,82.76,32.73,38.48,69.84,4.87,30.58,65.35,24.3,2.27,1.0,67.3,0,55.59,deterministic_fallback
chennai,18.84,,108.2,94.98,47.5,71.01,10.44,79.57,33.19,47.04,79.06,10.46,29.59,59.53,29.92,4.49,0.0,78.83,0,44.99,deterministic_fallback
mumbai,24.59,29.52,110.24,78.05,35.73,77.12,9.36,93.38,,33.41,67.28,6.53,30.65,52.95,37.25,4.99,0.0,84.51,1,61.39,deterministic_fallback
mumbai,16.09,35.29,83.46,76.3,,73.05,8.9,82.65,17.27,32.29,88.55,6.81,26.91,39.08,27.66,6.14,0.0,88.47,0,38.91,deterministic_fallback
hyderabad,7.32,35.24,101.4,54.25,43.07,56.2,9.62,80.88,27.72,33.2,63.82,7.83,29.0,,51.62,0.0,2.0,49.45,0,88.07,deterministic_fallback
mumbai,20.76,29.86,147.99,93.88,41.45,,10.83,96.95,23.43,37.3,70.88,9.54,,72.27,44.63,5.73,0.0,,0,55.42,deterministic_fallback
chennai,5.28,22.43,54.36,,22.43,59.77,9.41,85.96,32.99,32.26,69.03,8.56,21.84,57.83,29.33,3.55,1.0,75.6,0,53.36,deterministic_fallback
delhi,7.05,31.47,155.27,52.44,33.97,93.12,11.04,93.7,44.2,,,8.57,19.58,47.97,24.42,4.5,0.0,75.02,0,37.77,deterministic_fallback
mumbai,16.73,36.87,85.73,77.42,60.0,47.71,6.94,79.06,43.53,43.9,50.36,6.94,32.78,44.6,30.91,0.88,1.0,65.17,0,58.77,deterministic_fallback
kolkata,13.61,33.34,,70.7,44.89,79.67,8.69,88.89,35.38,36.45,94.8,12.18,37.52,54.22,34.63,5.38,1.0,79.48,0,65.04,deterministic_fallback
mumbai,16.4,32.22,125.7,72.76,42.13,72.44,9.06,83.85,52.14,45.52,89.19,8.96,32.53,58.92,25.94,3.74,1.0,76.81,0,51.06,deterministic_fallback
delhi,6.7,41.44,202.8,52.07,60.0,64.34,8.47,70.06,64.63,39.01,62.34,0.6,30.0,57.52,46.66,0.03,0.0,57.49,0,60.38,deterministic_fallback
mumbai,14.59,36.26,126.11,72.25,56.71,51.59,6.98,71.33,71.1,39.88,81.22,7.0,26.86,58.52,55.35,0.66,2.0,64.81,0,78.22,deterministic_fallback
mumbai,12.65,30.68,125.62,81.09,40.17,72.58,8.85,90.54,41.14,,78.33,5.68,24.71,44.42,36.09,5.54,,94.17,0,40.16,deterministic_fallback
mumbai,35.46,31.03,117.9,94.67,46.78,51.99,7.72,71.95,56.41,49.8,84.63,8.66,42.74,85.05,,0.0,1.0,50.85,1,84.12,deterministic_fallback
mumbai,19.38,29.12,126.86,80.92,,74.82,10.1,85.29,34.71,33.01,84.14,,26.38,40.12,29.25,4.2,0.0,84.98,0,51.31,deterministic_fallback
mumbai,18.87,30.23,84.07,67.88,35.08,73.87,9.22,97.48,43.33,39.25,98.95,8.3,31.29,40.28,31.93,5.92,0.0,99.33,1,52.62,deterministic_fallback
mumbai,18.16,27.25,157.73,72.68,29.55,69.43,10.4,89.86,45.67,36.7,61.94,6.26,34.58,51.83,32.27,7.56,1.0,86.34,1,56.77,deterministic_fallback
hyderabad,5.16,25.26,84.48,56.13,25.26,68.39,9.62,90.05,37.33,37.28,74.14,10.6,32.94,51.02,41.86,0.66,0.0,58.98,0,59.56,deterministic_fallback
hyderabad,4.55,26.22,98.76,55.55,26.22,77.33,10.86,77.12,45.71,28.69,56.41,3.01,25.61,64.16,,1.79,2.0,67.79,0,68.5,deterministic_fallback
delhi,10.44,40.6,169.78,51.05,57.57,50.68,,69.69,37.83,36.57,64.27,4.0,29.53,,55.06,0.5,,51.35,0,71.0,deterministic_fallback
delhi,0.0,27.11,194.78,51.5,27.62,95.0,12.33,91.1,5.0,24.2,99.48,,19.59,38.13,36.36,6.65,1.0,83.33,0,51.81,deterministic_fallback
bangalore,5.71,34.08,91.95,82.3,53.9,75.59,8.78,76.74,27.21,35.56,82.44,7.65,,,36.4,5.32,2.0,71.78,0,58.07,deterministic_fallback
kolkata,6.81,27.62,143.09,81.51,31.38,79.49,9.14,79.66,49.88,25.21,89.63,6.84,20.16,37.49,25.32,7.88,0.0,100.0,0,32.97,deterministic_fallback
chennai,20.9,38.56,92.16,66.45,60.0,50.14,7.38,72.97,67.5,49.5,74.84,5.98,35.73,67.54,54.32,0.0,2.0,49.55,0,79.31,deterministic_fallback
mumbai,22.24,28.46,161.34,89.01,35.02,75.46,9.92,90.61,57.25,35.23,80.22,6.69,33.2,54.29,30.95,6.51,4.0,74.77,0,80.19,deterministic_fallback
mumbai,11.76,25.28,,89.04,25.28,54.35,8.88,82.45,37.91,36.65,65.14,6.13,19.16,50.74,43.81,,0.0,57.72,0,57.33,deterministic_fallback
delhi,9.99,42.07,194.5,51.66,60.0,56.54,9.68,77.03,38.14,40.72,60.83,4.59,20.58,62.71,58.68,0.0,1.0,66.24,0,64.4,deterministic_fallback
delhi,3.58,38.14,197.96,47.32,47.46,64.82,8.82,90.1,56.6,38.31,66.38,9.44,26.65,40.66,39.53,2.82,0.0,68.94,0,61.17,deterministic_fallback
bangalore,12.4,22.19,,73.97,22.19,67.98,9.24,94.38,31.83,24.36,46.46,10.62,25.77,39.46,25.65,2.6,0.0,64.12,0,55.53,deterministic_fallback
bangalore,14.5,24.02,117.44,67.47,24.02,76.3,10.15,83.42,39.87,32.01,73.59,6.45,26.58,38.35,35.81,3.34,0.0,67.23,0,48.31,deterministic_fallback
mumbai,22.53,30.25,81.59,63.36,34.05,66.99,8.75,75.43,70.34,39.1,71.92,8.03,,61.41,54.59,0.0,1.0,63.06,0,66.48,deterministic_fallback
delhi,10.77,33.93,207.66,54.37,39.78,77.84,10.91,86.06,43.73,37.28,65.87,8.82,31.98,47.38,23.8,3.96,0.0,85.59,0,36.57,deterministic_fallback
bangalore,13.09,27.34,59.09,76.19,30.09,78.55,10.92,100.0,36.32,31.32,72.74,10.87,34.58,41.16,35.3,2.91,2.0,76.5,0,72.88,deterministic_fallback
mumbai,8.31,29.21,106.29,90.19,37.85,81.17,10.2,93.21,51.75,27.9,85.05,10.85,19.93,50.17,,7.26,0.0,86.57,0,30.48,deterministic_fallback
chennai,4.1,25.31,73.57,68.48,,95.0,11.13,87.58,37.6,38.45,89.64,5.22,24.54,55.77,23.41,,0.0,95.81,0,31.55,deterministic_fallback
mumbai,29.59,28.64,100.09,82.18,34.18,57.06,9.4,95.35,52.1,32.75,60.76,7.9,26.75,42.27,35.5,3.33,1.0,90.51,0,45.88,deterministic_fallback
kolkata,22.84,36.9,153.17,84.81,60.0,55.57,6.32,78.38,66.95,40.89,66.96,9.84,29.3,53.06,45.88,5.63,1.0,81.96,0,68.63,deterministic_fallback
mumbai,13.18,32.22,82.23,79.74,45.05,55.72,8.93,72.28,11.05,46.77,84.2,8.56,37.59,55.24,33.14,5.1,1.0,77.7,0,63.03,deterministic_fallback
chennai,12.74,30.66,132.88,75.94,38.45,71.06,9.29,90.95,46.26,36.55,81.36,4.74,29.38,55.02,45.08,4.49,1.0,78.69,0,57.92,deterministic_fallback
kolkata,11.59,28.65,138.47,82.22,34.22,78.02,8.15,89.72,24.94,30.07,93.06,1.9,22.89,39.13,40.01,8.03,0.0,100.0,0,39.52,deterministic_fallback
kolkata,19.09,27.7,126.01,84.22,31.95,78.1,8.91,81.37,37.97,31.89,89.62,5.4,23.13,47.17,35.37,5.78,2.0,84.57,0,53.81,deterministic_fallback
chennai,13.89,35.44,119.96,81.04,,61.45,6.8,74.46,36.66,42.24,100.0,,21.57,44.92,31.93,5.46,1.0,79.01,0,45.29,deterministic_fallback
chennai,20.15,30.44,103.18,85.37,40.79,68.07,8.34,86.29,,,72.78,6.84,33.89,51.4,38.78,4.94,1.0,76.81,0,49.6,deterministic_fallback
hyderabad,15.51,36.15,71.72,53.19,45.03,89.58,10.87,77.69,41.27,39.03,94.13,4.73,31.66,49.08,33.23,6.71,0.0,90.78,0,44.08,deterministic_fallback
chennai,26.51,34.63,101.12,74.74,51.69,55.09,9.14,75.94,58.34,46.74,66.49,6.65,32.62,64.03,26.14,5.51,0.0,82.21,1,46.98,deterministic_fallback
mumbai,25.96,31.2,147.95,76.7,40.36,73.86,10.37,80.43,46.71,37.39,95.44,12.4,29.55,54.53,45.91,2.89,0.0,66.67,0,73.97,deterministic_fallback
bangalore,6.77,24.2,94.47,64.02,24.2,78.7,10.78,91.01,,34.56,77.75,3.46,24.63,33.35,35.53,1.62,1.0,78.33,0,46.76,deterministic_fallback
bangalore,17.99,26.82,,56.51,27.63,81.56,11.24,84.21,41.25,34.33,81.23,5.65,18.26,49.92,29.49,4.82,0.0,81.34,0,43.24,deterministic_fallback
chennai,11.04,33.53,83.97,75.08,47.66,81.24,9.08,68.97,42.63,37.55,84.81,5.03,21.99,66.08,30.03,3.44,1.0,71.56,0,55.29,deterministic_fallback
bangalore,5.58,24.63,84.36,72.28,24.63,85.83,12.16,85.12,38.89,25.38,68.08,10.85,21.55,41.89,19.19,8.54,0.0,99.04,0,26.56,deterministic_fallback
delhi,16.37,,191.69,49.07,37.85,72.7,8.63,81.36,34.58,,65.54,4.39,26.87,51.42,46.03,7.46,1.0,91.95,0,50.29,deterministic_fallback
hyderabad,16.46,33.76,68.35,59.25,41.22,62.51,9.22,72.33,59.41,37.44,71.35,5.17,28.02,49.85,39.09,0.0,2.0,57.44,0,67.81,deterministic_fallback
delhi,14.98,44.12,192.35,53.55,60.0,55.57,7.15,81.59,43.26,46.58,81.56,9.26,40.49,60.01,42.43,8.87,1.0,95.76,1,82.07,deterministic_fallback
mumbai,8.09,30.3,118.82,89.94,41.84,,11.27,90.92,27.99,38.28,100.0,6.89,26.03,44.76,28.87,7.96,1.0,100.0,0,40.75,deterministic_fallback
bangalore,25.56,21.2,81.25,66.69,21.2,70.97,,81.19,47.49,40.06,68.9,10.18,24.18,30.53,19.96,7.67,1.0,97.67,1,44.87,deterministic_fallback
bangalore,8.23,31.53,109.88,59.29,35.81,84.2,11.37,78.25,33.65,30.98,90.67,8.96,25.21,45.07,38.2,3.48,1.0,72.86,0,60.22,deterministic_fallback
delhi,7.28,35.34,137.51,48.86,41.02,72.15,7.99,80.38,55.1,36.58,70.16,4.19,20.14,48.57,32.3,1.93,1.0,62.41,0,47.85,deterministic_fallback
delhi,12.68,43.26,166.12,65.08,60.0,70.18,7.62,65.26,55.63,39.45,,8.26,30.04,58.68,40.91,5.75,1.0,92.26,0,54.55,deterministic_fallback
delhi,12.32,,191.48,40.7,46.57,61.67,7.43,,41.1,39.95,74.96,7.22,24.65,44.34,33.48,7.34,0.0,,0,39.15,deterministic_fallback
delhi,2.9,30.97,198.76,54.43,33.48,81.76,10.61,,50.73,29.99,70.39,6.23,25.99,52.43,47.93,4.09,,72.12,0,58.24,deterministic_fallback
delhi,62.63,36.78,134.23,63.27,52.74,57.29,7.56,78.57,68.05,49.09,79.96,13.0,34.97,61.72,49.13,8.79,3.0,98.2,1,84.24,deterministic_fallback
hyderabad,14.54,31.17,123.72,40.24,31.17,76.79,10.76,87.79,26.9,29.52,69.54,7.31,23.68,39.79,26.8,2.7,1.0,65.53,0,49.62,deterministic_fallback
delhi,5.24,34.25,178.12,52.7,39.93,64.47,10.11,80.38,50.94,37.45,63.59,11.33,30.3,46.84,29.25,7.17,1.0,97.25,1,63.83,deterministic_fallback
kolkata,9.11,32.39,67.5,86.56,48.96,46.2,6.29,78.16,19.59,42.97,69.98,8.32,33.51,53.21,30.29,1.39,2.0,43.19,1,81.23,deterministic_fallback
kolkata,24.12,32.35,108.15,80.79,,75.66,7.31,92.18,,31.3,82.16,10.57,36.28,46.36,50.14,6.88,1.0,87.25,0,63.55,deterministic_fallback
bangalore,16.56,32.59,35.0,64.15,39.93,83.09,10.0,72.56,52.99,30.15,66.41,0.42,28.82,47.57,19.09,8.55,0.0,100.0,0,20.0,deterministic_fallback
delhi,,36.42,177.45,46.18,42.48,72.8,9.95,85.15,47.2,36.08,79.87,8.31,25.89,38.25,28.6,5.8,0.0,88.73,1,54.07,deterministic_fallback
bangalore,7.54,36.77,35.0,65.97,54.47,75.69,6.36,70.41,39.08,38.16,89.52,7.37,24.14,43.63,,5.45,,91.26,0,44.67,deterministic_fallback
chennai,23.96,33.08,117.25,73.5,45.29,77.56,8.88,87.34,59.09,35.99,87.61,9.01,29.4,45.44,35.51,2.88,0.0,68.92,0,54.87,deterministic_fallback
hyderabad,8.84,27.18,162.52,54.78,27.92,,9.2,91.74,40.88,33.31,81.38,11.35,34.13,57.91,20.14,7.23,2.0,90.1,0,46.39,deterministic_fallback
chennai,17.53,27.71,96.61,72.65,30.43,69.09,8.64,89.44,38.52,27.99,54.66,8.73,27.72,32.41,30.91,2.2,2.0,64.52,0,65.91,deterministic_fallback
bangalore,7.24,31.93,35.0,78.11,,70.25,8.69,75.75,46.5,36.49,80.65,3.18,23.28,45.47,34.44,2.48,2.0,67.49,0,59.49,deterministic_fallback
hyderabad,7.18,31.13,101.72,48.86,32.61,70.05,10.3,87.88,29.92,30.14,82.37,7.89,27.4,51.97,39.48,1.24,2.0,74.37,0,65.53,deterministic_fallback
delhi,13.58,39.25,156.25,36.09,39.25,55.78,8.89,85.74,45.81,39.43,64.03,9.45,30.81,63.51,37.18,1.61,2.0,70.95,0,64.87,deterministic_fallback
chennai,20.26,31.88,66.53,85.28,46.22,57.13,6.9,65.47,53.99,39.02,73.96,6.46,35.64,69.07,30.41,4.09,2.0,78.78,1,73.97,deterministic_fallback
mumbai,21.54,28.77,122.72,78.19,33.74,68.07,10.09,86.08,49.03,33.25,77.35,6.46,28.44,50.04,41.24,2.5,0.0,79.11,0,48.06,deterministic_fallback
hyderabad,8.6,29.9,120.79,55.58,31.82,74.34,9.72,89.27,35.58,40.7,93.03,8.88,31.0,61.45,48.28,3.44,0.0,71.48,0,62.74,deterministic_fallback
kolkata,4.61,31.23,131.01,80.48,41.85,57.11,8.44,73.38,34.12,39.66,71.41,6.0,22.46,52.6,43.17,2.43,3.0,58.48,0,78.45,deterministic_fallback
mumbai,31.66,32.77,55.19,82.21,48.32,67.4,8.16,82.02,35.47,35.69,80.92,11.16,32.46,51.37,34.61,2.91,1.0,60.86,1,70.22,deterministic_fallback
hyderabad,5.44,32.6,48.88,54.24,36.69,90.3,9.6,86.44,28.22,30.71,80.36,6.17,18.14,50.21,28.55,4.83,2.0,67.74,0,58.03,deterministic_fallback
mumbai,16.58,32.89,88.42,83.37,49.42,77.17,8.76,84.21,62.47,39.67,74.28,1.75,28.54,40.08,46.3,1.76,0.0,63.9,0,51.3,deterministic_fallback
chennai,,33.0,101.64,67.25,42.32,89.93,9.52,82.7,35.0,30.9,93.69,6.63,22.99,52.68,40.69,8.07,0.0,98.94,0,42.71,deterministic_fallback
mumbai,21.95,26.43,106.83,77.34,26.43,72.84,10.29,87.39,48.92,40.85,71.21,6.38,26.59,50.31,21.02,8.28,0.0,91.53,0,28.89,deterministic_fallback
kolkata,19.24,25.72,113.04,64.82,25.72,79.34,10.07,90.1,24.18,34.46,80.23,9.01,29.77,45.5,41.35,6.71,1.0,88.77,0,54.24,deterministic_fallback
mumbai,28.9,41.61,123.51,89.69,60.0,57.27,8.47,50.92,84.13,41.83,68.95,9.23,31.26,61.34,45.63,0.0,1.0,57.12,1,80.46,deterministic_fallback
kolkata,22.09,36.09,132.54,81.36,60.0,70.56,9.54,70.49,33.64,38.23,58.15,4.13,15.27,31.65,28.45,3.46,1.0,66.18,0,46.86,deterministic_fallback
chennai,18.6,36.88,111.79,80.85,60.0,70.24,8.25,76.85,25.18,45.63,90.39,7.92,29.66,44.52,16.45,6.76,0.0,100.0,0,34.43,deterministic_fallback
hyderabad,8.93,29.01,143.34,62.53,31.45,83.11,9.31,69.94,44.27,29.04,81.91,7.77,24.43,70.92,51.64,2.95,1.0,62.49,0,62.18,deterministic_fallback
chennai,16.42,35.1,82.91,79.71,56.82,50.54,6.63,78.76,35.14,45.35,71.94,9.04,37.62,55.92,51.49,1.17,1.0,71.4,0,68.73,deterministic_fallback
chennai,17.15,,55.48,75.31,36.37,69.01,10.54,85.28,44.82,37.8,73.85,9.1,21.11,38.28,27.43,5.29,,70.55,0,47.13,deterministic_fallback
kolkata,10.64,25.31,117.1,84.96,25.31,67.52,8.88,85.87,20.42,30.76,71.45,4.75,34.14,39.38,42.07,0.51,2.0,55.76,0,70.07,deterministic_fallback
delhi,17.08,32.22,192.15,42.68,33.11,94.56,12.59,,56.7,34.58,80.3,8.15,31.56,51.83,27.11,5.0,0.0,76.6,1,53.82,deterministic_fallback
hyderabad,,38.18,44.69,49.41,48.78,81.89,12.01,,55.56,40.28,74.63,1.21,28.25,61.98,40.05,2.65,,,0,43.78,deterministic_fallback
mumbai,11.5,34.89,118.8,78.11,54.82,61.77,8.57,78.23,40.35,41.93,71.11,9.75,27.16,48.64,31.35,5.87,0.0,100.0,0,39.46,deterministic_fallback
hyderabad,16.31,29.39,123.79,53.87,30.73,77.0,8.28,93.01,21.74,30.0,71.25,6.95,21.6,41.42,22.83,5.3,0.0,83.97,0,32.25,deterministic_fallback
mumbai,12.33,29.54,139.96,90.39,39.11,,10.38,85.06,27.37,32.48,74.16,6.58,26.44,34.17,41.37,3.7,1.0,67.47,0,61.97,deterministic_fallback
bangalore,8.44,30.42,95.52,71.68,36.55,,12.44,75.24,40.83,33.18,68.62,,21.81,45.44,20.09,5.73,,84.15,0,45.22,deterministic_fallback
bangalore,30.85,24.1,82.06,64.74,24.1,49.53,8.07,84.43,36.19,38.84,71.94,9.37,29.02,51.96,50.19,0.0,1.0,55.71,1,77.32,deterministic_fallback
bangalore,10.86,26.92,106.14,66.7,28.46,76.18,,89.16,25.51,42.49,71.99,9.1,23.12,37.87,19.54,7.59,0.0,97.98,0,31.82,deterministic_fallback
bangalore,9.08,29.76,35.41,69.79,34.42,44.86,7.8,86.97,61.56,34.46,61.96,6.35,31.71,69.28,41.2,0.41,2.0,49.91,0,67.27,deterministic_fallback
chennai,12.36,,79.86,74.44,55.42,74.37,6.95,74.82,31.35,35.76,100.0,7.87,26.32,27.66,22.76,7.65,2.0,83.53,0,46.5,deterministic_fallback
chennai,8.11,32.51,140.59,,44.83,92.1,9.81,77.1,28.45,28.77,98.82,7.09,20.16,24.33,12.57,7.61,2.0,83.9,0,48.62,deterministic_fallback
bangalore,12.41,23.51,91.41,,23.51,95.0,,80.96,47.96,32.84,80.49,1.27,25.33,53.75,36.47,7.02,1.0,96.06,0,36.74,deterministic_fallback
hyderabad,7.93,30.22,102.05,47.51,30.99,93.03,10.21,95.54,34.7,29.11,87.07,4.39,21.06,48.32,39.19,6.19,1.0,85.08,0,46.92,deterministic_fallback
kolkata,18.58,29.45,144.93,65.28,32.78,74.65,10.24,85.46,42.4,28.46,79.73,8.33,26.6,49.52,42.93,0.47,0.0,56.81,0,69.84,deterministic_fallback
mumbai,11.53,22.85,102.3,75.93,22.85,72.76,11.61,95.67,46.03,38.94,79.87,9.55,22.12,50.97,29.06,8.25,0.0,100.0,0,37.46,deterministic_fallback
mumbai,19.85,30.99,109.41,84.07,42.32,72.79,10.78,91.14,55.89,39.43,77.54,11.31,34.01,56.35,40.48,4.08,0.0,81.33,1,61.72,deterministic_fallback
mumbai,11.04,31.93,101.61,75.98,42.47,59.38,8.91,78.34,45.47,35.17,72.52,3.78,27.25,42.7,39.14,3.63,0.0,82.72,0,36.51,deterministic_fallback
hyderabad,24.58,26.28,99.2,69.86,26.28,82.88,9.05,80.0,61.2,31.83,90.2,9.93,24.42,50.64,46.06,6.95,1.0,86.81,0,57.53,deterministic_fallback
bangalore,15.35,27.45,68.39,68.85,29.51,85.63,11.19,84.75,41.57,34.63,86.8,9.92,30.23,53.07,38.55,3.16,0.0,75.98,1,58.99,deterministic_fallback
chennai,15.89,35.16,143.88,86.13,60.0,72.02,8.56,78.1,25.22,37.02,88.49,8.4,30.17,53.95,,2.98,0.0,78.67,0,54.17,deterministic_fallback
hyderabad,13.22,24.82,90.93,68.27,24.82,78.19,10.53,74.39,57.73,35.73,75.58,1.57,22.8,59.16,43.18,1.98,1.0,60.24,0,53.62,deterministic_fallback
delhi,18.84,34.06,173.11,58.92,41.9,73.99,8.55,84.78,37.94,37.92,90.42,7.16,34.9,49.54,44.47,0.79,2.0,64.22,0,75.93,deterministic_fallback
kolkata,,36.01,180.11,72.45,55.83,78.63,9.39,80.49,32.29,37.44,77.54,7.07,15.41,49.67,23.78,8.49,0.0,100.0,0,36.89,deterministic_fallback
chennai,3.54,32.88,131.95,74.42,45.04,78.86,8.26,74.19,45.54,35.46,97.76,6.27,33.14,63.36,44.15,5.13,0.0,77.88,0,55.02,deterministic_fallback
delhi,15.19,29.55,200.69,60.0,31.99,62.03,10.17,77.09,51.68,33.82,,2.88,26.57,57.92,50.2,2.96,1.0,64.07,1,65.98,deterministic_fallback
delhi,16.05,38.36,117.04,52.46,51.17,64.8,9.04,82.88,27.86,40.67,65.12,6.99,33.56,42.65,17.22,6.55,0.0,91.43,0,36.05,deterministic_fallback
delhi,23.22,33.56,162.06,55.29,39.23,,9.84,97.29,49.01,36.81,96.06,6.19,35.3,47.81,31.14,6.68,0.0,88.89,0,47.94,deterministic_fallback
mumbai,6.08,31.26,96.13,67.38,37.5,69.7,10.69,80.65,60.54,27.84,78.42,7.59,21.91,49.17,47.13,0.4,2.0,61.52,0,64.77,deterministic_fallback
mumbai,12.7,29.0,102.23,94.37,38.21,58.56,,85.24,42.21,36.18,76.51,7.94,24.68,39.42,30.14,0.6,1.0,58.94,0,66.23,deterministic_fallback
kolkata,16.35,31.76,106.56,75.98,41.91,52.93,,78.14,41.23,38.33,68.56,8.68,29.84,48.41,35.52,1.64,2.0,64.06,0,68.8,deterministic_fallback
bangalore,12.67,23.67,109.64,53.06,23.67,68.94,9.86,86.01,,38.1,62.95,5.74,23.85,67.83,64.72,,1.0,55.3,0,76.21,deterministic_fallback
delhi,4.62,35.02,138.24,46.56,39.43,71.4,9.15,79.98,60.56,39.35,71.08,6.37,25.5,38.82,29.28,6.52,1.0,88.01,0,43.75,deterministic_fallback
chennai,7.62,30.85,,55.03,33.4,71.69,8.6,83.55,35.46,34.72,73.18,6.24,24.95,55.23,48.33,0.53,2.0,66.05,0,71.06,deterministic_fallback
bangalore,,28.8,103.1,61.23,30.87,86.25,12.13,100.0,30.71,37.6,75.6,9.56,22.99,54.05,44.8,6.44,0.0,90.58,0,44.34,deterministic_fallback
kolkata,14.76,29.58,133.64,100.0,42.28,64.44,9.38,82.28,52.92,41.22,56.88,5.81,28.27,66.35,29.15,5.38,2.0,75.26,0,62.98,deterministic_fallback
chennai,3.36,32.39,35.0,71.23,42.05,75.48,9.02,70.62,49.39,40.39,89.68,4.93,32.8,58.71,38.53,0.93,2.0,52.63,0,78.32,deterministic_fallback
bangalore,26.56,31.1,35.0,58.7,34.74,66.9,8.72,88.41,66.68,37.02,73.6,10.64,32.99,62.95,44.04,7.26,2.0,87.69,1,83.91,deterministic_fallback
delhi,11.32,28.06,178.88,50.11,28.53,,11.23,92.14,36.74,34.4,81.3,9.63,27.15,66.47,50.59,,1.0,,0,62.13,deterministic_fallback
kolkata,13.86,35.85,170.36,74.93,56.83,67.78,9.61,79.97,42.61,44.28,71.58,8.97,30.83,52.41,51.48,8.48,0.0,91.46,0,53.77,deterministic_fallback
hyderabad,17.21,32.74,157.2,66.29,41.17,58.24,10.1,79.13,50.43,43.41,,11.58,30.21,68.79,43.98,0.0,3.0,50.25,1,96.93,deterministic_fallback
kolkata,12.58,30.17,134.96,74.89,36.75,69.69,,78.53,54.17,41.66,85.15,11.68,21.3,59.67,52.25,4.51,0.0,70.75,0,55.83,deterministic_fallback
mumbai,16.81,34.37,125.35,81.51,54.7,74.93,9.15,68.85,50.73,42.08,80.24,10.08,24.98,54.05,42.82,1.63,0.0,66.64,0,59.42,deterministic_fallback
chennai,10.41,34.0,60.91,65.66,44.67,69.25,8.53,80.86,40.34,27.49,73.11,4.99,27.92,36.0,29.08,4.11,0.0,82.74,0,35.1,deterministic_fallback
hyderabad,15.58,36.85,,80.04,60.0,76.2,8.29,69.97,51.91,41.35,83.0,9.84,35.3,48.85,39.19,6.6,1.0,77.51,1,74.14,deterministic_fallback
mumbai,11.57,30.3,170.61,82.95,39.51,77.26,9.72,83.01,17.61,32.4,84.78,7.11,,32.47,33.55,7.76,4.0,79.39,0,60.66,deterministic_fallback
hyderabad,17.55,37.3,139.63,58.24,51.34,59.56,8.92,83.72,50.41,44.13,70.51,6.55,36.23,51.66,41.82,2.25,1.0,70.59,0,64.04,deterministic_fallback
hyderabad,12.27,32.54,112.63,56.64,37.28,50.47,7.76,,47.83,39.22,59.51,4.68,22.49,50.37,47.68,0.0,0.0,62.92,0,59.92,deterministic_fallback
mumbai,17.07,32.54,96.59,74.94,44.1,63.48,11.24,88.42,42.75,38.25,66.88,7.72,25.26,42.97,24.8,2.5,2.0,68.27,0,56.11,deterministic_fallback
bangalore,,29.95,,62.78,33.3,88.34,12.02,82.46,32.43,22.33,75.18,8.32,20.38,31.38,22.06,6.8,0.0,86.47,0,41.66,deterministic_fallback
chennai,25.48,38.16,136.0,69.73,60.0,55.25,6.65,66.86,53.32,40.97,73.26,11.35,29.6,63.74,46.22,3.7,0.0,81.07,1,58.1,deterministic_fallback
delhi,9.17,38.55,148.58,63.16,59.38,76.72,8.92,75.1,32.25,40.4,93.51,8.31,25.98,,,6.45,1.0,83.66,0,54.28,deterministic_fallback
bangalore,6.94,24.52,35.0,64.13,24.52,62.28,8.6,85.64,75.34,35.32,83.64,8.15,28.77,66.98,34.42,2.77,0.0,79.76,0,41.7,deterministic_fallback
bangalore,7.37,23.29,56.57,51.55,23.29,75.13,10.1,83.02,62.44,37.37,68.27,6.55,32.75,66.86,34.73,4.37,1.0,62.12,0,54.78,deterministic_fallback
delhi,12.41,34.03,161.14,40.66,35.66,58.71,7.43,85.09,54.8,42.07,87.35,7.4,22.92,58.99,50.73,0.0,0.0,59.97,0,59.54,deterministic_fallback
kolkata,13.42,27.47,92.78,89.5,32.04,,9.59,93.78,42.21,40.49,,3.55,,67.57,50.3,0.0,0.0,62.69,0,57.08,deterministic_fallback
chennai,9.19,30.42,108.04,72.72,36.82,91.95,9.7,87.31,25.2,30.12,86.09,8.33,29.59,45.89,17.74,6.98,2.0,95.95,0,53.12,deterministic_fallback
mumbai,19.03,24.92,131.84,78.45,24.92,76.43,11.08,88.84,44.98,31.36,60.92,8.14,24.03,49.77,41.26,0.73,1.0,62.19,0,57.83,deterministic_fallback
kolkata,13.9,25.36,173.86,91.47,25.36,62.79,11.89,88.26,45.5,30.72,67.97,12.05,22.92,50.82,41.31,3.48,1.0,75.52,0,55.25,deterministic_fallback
kolkata,29.6,39.95,93.95,77.15,,66.14,9.59,73.69,33.27,43.77,82.89,7.9,27.76,61.53,41.61,3.14,2.0,71.47,1,74.36,deterministic_fallback
delhi,12.75,34.62,213.36,55.08,41.78,54.51,11.04,87.58,60.99,45.93,64.3,12.83,43.78,86.73,23.1,5.19,0.0,94.65,1,60.28,deterministic_fallback
chennai,17.1,40.0,113.97,70.02,60.0,83.21,8.28,68.4,57.52,46.09,80.12,6.97,39.15,56.61,20.01,7.87,1.0,91.75,0,46.42,deterministic_fallback
mumbai,43.05,31.26,132.5,86.05,44.11,66.65,9.23,76.69,29.5,39.41,78.49,13.19,29.57,58.39,40.59,5.85,1.0,75.28,0,70.0,deterministic_fallback
kolkata,28.0,33.03,109.36,80.11,48.32,66.9,9.18,81.9,42.82,40.96,65.61,12.25,,61.01,44.42,5.76,0.0,77.35,1,58.41,deterministic_fallback
hyderabad,6.16,26.66,49.89,56.56,26.66,62.64,9.16,76.42,56.22,40.04,62.5,9.25,25.66,48.84,20.33,7.47,1.0,97.19,0,48.53,deterministic_fallback
,16.53,32.19,103.09,65.88,39.48,79.99,10.93,86.98,45.65,29.71,83.76,7.1,24.52,,31.53,3.75,1.0,77.01,0,47.96,deterministic_fallback
mumbai,17.76,37.15,115.8,85.41,60.0,74.12,8.59,65.59,32.6,46.27,99.25,6.68,27.13,64.57,48.58,0.48,0.0,62.4,0,58.75,deterministic_fallback
kolkata,9.27,35.21,110.86,80.42,57.76,72.37,9.12,82.62,47.65,,80.02,5.21,19.78,48.45,33.75,3.71,0.0,74.95,0,43.35,deterministic_fallback
mumbai,16.63,29.9,148.65,75.56,36.18,88.7,7.7,86.09,31.66,32.46,85.72,4.39,22.83,42.22,37.71,8.49,0.0,100.0,0,25.86,deterministic_fallback
delhi,7.54,31.87,172.29,62.4,37.49,74.28,10.7,95.84,39.11,35.09,69.35,8.17,24.88,53.43,30.8,7.59,1.0,94.58,0,44.29,deterministic_fallback
mumbai,10.31,26.55,86.14,83.54,26.55,83.33,11.29,85.98,24.87,36.15,89.5,6.37,29.64,53.0,26.0,3.28,0.0,80.44,0,47.73,deterministic_fallback
chennai,21.76,34.3,86.16,72.61,49.21,58.96,8.53,74.79,,39.05,67.27,8.89,32.9,58.15,53.93,1.19,1.0,55.92,1,85.53,deterministic_fallback
mumbai,10.42,33.95,134.66,,48.47,84.89,8.64,84.74,51.09,36.04,91.96,7.22,27.09,55.76,39.82,8.38,0.0,88.18,0,41.26,deterministic_fallback
kolkata,14.36,34.95,159.52,90.35,60.0,56.17,6.25,72.46,40.46,,75.7,4.42,25.0,62.71,40.03,0.65,2.0,51.0,1,78.29,deterministic_fallback
hyderabad,,33.4,104.31,59.91,40.52,63.82,8.15,83.33,46.59,43.03,86.67,9.51,26.44,49.17,32.33,8.09,2.0,82.14,0,58.53,deterministic_fallback
mumbai,18.33,32.08,179.79,78.16,43.87,71.82,9.54,80.1,41.06,34.75,81.91,8.88,34.94,46.61,34.35,6.99,0.0,84.33,1,56.14,deterministic_fallback
mumbai,24.98,36.51,86.84,80.92,60.0,66.05,7.87,71.28,56.9,41.72,82.47,10.28,32.87,45.35,36.18,6.34,1.0,98.35,1,64.12,deterministic_fallback
mumbai,21.9,28.38,125.74,82.45,33.5,57.26,9.37,97.72,40.12,38.1,75.01,5.26,35.76,49.94,36.91,2.34,1.0,53.11,1,68.07,deterministic_fallback
hyderabad,0.0,29.6,152.51,57.55,31.66,82.43,12.11,75.02,,35.42,85.78,5.09,36.73,68.12,42.32,4.49,0.0,85.94,0,45.93,deterministic_fallback
chennai,4.87,33.67,44.29,84.02,53.14,58.38,7.35,68.52,48.82,38.6,67.24,5.28,24.62,51.31,42.5,2.53,2.0,72.38,0,62.5,deterministic_fallback
delhi,4.13,30.48,179.77,59.4,33.63,,9.79,91.84,44.4,36.29,67.13,8.12,31.45,55.03,38.26,0.31,0.0,70.32,0,46.96,deterministic_fallback
chennai,1.31,28.12,123.55,78.36,32.14,95.0,12.23,93.22,35.44,29.02,92.28,5.37,19.41,46.07,33.81,4.9,1.0,82.68,0,50.14,deterministic_fallback
mumbai,23.44,28.67,152.83,,36.12,79.56,9.74,82.27,39.95,29.63,79.74,11.37,,50.76,42.27,8.25,0.0,,0,48.44,deterministic_fallback
chennai,2.73,34.82,124.35,74.29,52.16,63.41,9.04,68.27,29.04,32.91,70.42,9.07,28.95,39.14,30.21,1.8,0.0,82.75,0,47.42,deterministic_fallback
kolkata,13.18,35.85,,87.58,60.0,51.73,7.68,78.73,45.15,48.34,80.72,4.68,,54.08,40.23,0.75,1.0,59.55,0,62.57,deterministic_fallback
chennai,16.29,32.65,63.37,83.34,48.42,90.02,10.01,76.49,24.36,34.73,88.03,14.64,28.69,,30.85,7.87,0.0,100.0,0,46.41,deterministic_fallback
hyderabad,1.35,29.9,136.69,66.26,33.94,74.76,8.32,85.31,34.25,35.29,67.48,5.7,22.88,59.16,26.91,7.74,0.0,100.0,0,37.16,deterministic_fallback
chennai,11.36,31.46,73.32,82.24,43.31,86.77,9.4,85.35,24.57,29.39,87.26,9.71,22.53,40.8,13.94,7.67,0.0,91.26,0,38.93,deterministic_fallback
mumbai,15.81,31.43,99.55,84.31,44.07,77.53,9.6,76.55,47.36,41.65,82.0,6.31,25.93,46.34,24.67,8.64,1.0,,0,40.96,deterministic_fallback
mumbai,20.56,30.33,121.52,95.3,43.9,66.68,8.27,87.5,51.25,36.95,85.5,9.44,33.08,54.61,46.58,7.25,1.0,87.18,0,55.53,deterministic_fallback
mumbai,24.92,31.71,96.84,,41.64,,10.0,83.42,64.35,37.16,78.99,9.94,25.9,60.16,45.74,8.02,0.0,100.0,0,50.1,deterministic_fallback
bangalore,37.37,30.04,83.96,69.75,35.08,63.87,10.57,79.99,51.02,38.75,82.17,4.45,24.59,64.73,27.28,8.03,1.0,81.86,1,49.55,deterministic_fallback
chennai,27.13,31.58,124.86,74.45,40.76,55.11,10.12,80.88,38.77,45.18,57.24,12.12,26.51,38.85,28.12,5.61,0.0,97.86,0,40.13,deterministic_fallback
hyderabad,11.55,,163.39,55.98,35.41,70.33,12.03,94.38,27.97,37.09,62.71,5.24,27.01,55.17,38.93,2.22,0.0,75.94,0,48.76,deterministic_fallback
chennai,14.15,33.07,94.37,59.22,39.41,79.87,9.28,82.94,41.1,33.37,83.52,6.2,27.85,40.93,48.44,4.73,2.0,80.29,0,70.19,deterministic_fallback
mumbai,29.24,30.09,97.78,91.34,41.5,76.06,9.59,83.09,66.23,29.57,99.13,6.94,33.68,69.99,47.92,3.45,1.0,57.51,1,80.11,deterministic_fallback
chennai,11.62,30.9,104.71,66.72,36.39,80.5,10.47,85.2,40.78,40.89,80.0,5.84,31.95,54.65,46.88,4.67,1.0,72.42,0,64.58,deterministic_fallback
mumbai,12.04,33.2,91.77,80.32,49.11,70.8,8.98,70.54,39.02,32.78,70.52,5.67,28.09,37.21,38.28,5.64,0.0,98.38,0,42.42,deterministic_fallback
delhi,14.71,27.66,225.22,38.8,27.66,77.2,11.18,89.19,40.6,29.04,69.95,6.01,27.91,39.61,38.21,2.02,1.0,66.24,1,73.75,deterministic_fallback
hyderabad,14.28,38.1,87.16,64.11,58.32,51.17,8.15,76.75,51.44,39.07,61.5,,33.4,59.74,36.47,0.0,1.0,46.13,0,72.21,deterministic_fallback
kolkata,7.8,31.34,121.41,75.34,40.34,,8.47,94.95,42.83,37.75,89.73,7.26,31.34,31.11,28.7,5.12,2.0,79.5,0,54.45,deterministic_fallback
hyderabad,7.09,33.21,42.03,49.48,36.56,93.92,11.17,74.81,59.85,33.37,81.5,7.14,38.3,45.9,17.8,8.16,0.0,100.0,1,45.53,deterministic_fallback
mumbai,8.44,32.61,58.14,80.23,46.75,78.62,8.96,63.53,39.42,28.96,90.58,9.27,27.8,39.43,18.94,7.48,0.0,100.0,0,33.88,deterministic_fallback
hyderabad,0.0,27.83,65.79,52.39,28.47,79.32,9.72,87.45,43.23,31.66,71.25,10.52,26.28,47.12,33.49,0.66,2.0,56.37,0,68.45,deterministic_fallback
mumbai,35.33,29.17,171.69,76.23,34.38,70.36,9.62,83.17,46.74,33.09,83.88,4.8,25.44,50.77,46.03,5.34,0.0,,1,54.76,deterministic_fallback
kolkata,15.0,27.5,108.78,83.57,31.33,65.9,10.82,76.59,43.08,34.54,58.4,11.2,27.99,43.07,38.7,,0.0,73.51,0,52.14,deterministic_fallback
hyderabad,6.64,29.93,102.11,64.93,33.71,75.68,11.39,86.48,38.12,32.13,74.3,,31.45,50.45,46.97,2.32,0.0,76.47,0,54.89,deterministic_fallback
mumbai,16.02,34.58,113.1,72.73,50.33,86.36,8.67,76.07,39.15,33.51,83.15,3.28,21.16,57.03,35.39,6.26,3.0,,0,58.66,deterministic_fallback
mumbai,,28.17,107.85,71.22,31.18,64.83,9.8,77.56,43.64,33.35,72.24,8.49,32.56,46.65,31.64,,1.0,74.52,0,59.37,deterministic_fallback
mumbai,8.87,31.16,124.79,,41.01,78.92,7.66,84.22,46.56,35.81,84.01,6.25,25.15,52.72,30.25,7.99,0.0,96.09,0,42.73,deterministic_fallback
kolkata,12.78,24.14,159.47,86.34,24.14,68.79,9.46,90.29,39.13,27.84,81.12,8.98,22.78,42.8,21.61,7.24,1.0,89.08,0,45.29,deterministic_fallback
bangalore,7.61,24.9,90.42,80.31,24.9,91.68,9.3,88.57,32.22,25.21,88.9,,25.61,46.48,11.14,6.04,0.0,90.02,0,31.12,deterministic_fallback
chennai,23.1,36.51,109.38,67.28,54.35,63.25,8.73,76.77,49.18,42.94,80.77,8.56,28.51,59.14,42.64,4.24,0.0,79.48,0,43.65,deterministic_fallback
hyderabad,18.03,31.46,150.02,56.9,35.02,75.41,10.04,90.27,31.77,33.79,78.85,6.33,29.22,50.21,45.21,5.09,0.0,90.53,0,59.34,deterministic_fallback
bangalore,12.99,25.7,38.83,78.45,25.7,80.17,9.23,76.23,44.9,31.04,88.26,3.72,18.88,37.41,25.65,7.42,1.0,88.56,0,34.61,deterministic_fallback
mumbai,33.81,28.73,148.25,96.49,37.69,51.06,9.73,84.35,54.5,42.7,56.03,10.81,36.58,65.28,42.1,2.01,0.0,82.22,1,65.5,deterministic_fallback
kolkata,9.77,18.72,141.3,73.84,18.72,84.42,,89.82,23.48,23.69,71.36,5.1,22.77,36.45,20.73,7.34,0.0,,0,36.66,deterministic_fallback
delhi,8.09,,212.48,43.74,33.33,49.02,,82.51,52.3,36.09,59.86,9.3,28.04,61.76,50.05,5.25,4.0,77.4,0,80.08,deterministic_fallback
bangalore,12.49,30.02,78.21,72.05,,64.11,11.17,79.27,49.21,38.12,76.11,,29.88,55.25,44.79,0.0,0.0,68.74,0,63.82,deterministic_fallback
hyderabad,30.42,32.6,102.91,55.81,37.18,82.91,10.83,82.24,37.51,35.59,79.96,7.67,28.08,48.8,37.37,5.97,1.0,86.83,0,51.25,deterministic_fallback
hyderabad,21.81,30.37,70.76,53.67,32.27,67.37,9.49,81.51,53.72,30.87,84.28,9.38,29.02,58.73,41.61,0.69,1.0,61.92,0,65.38,deterministic_fallback
kolkata,3.28,19.71,115.6,83.22,19.71,77.45,10.63,,47.67,32.75,80.95,6.16,25.55,,30.15,4.83,1.0,75.32,0,50.07,deterministic_fallback
mumbai,12.04,25.79,107.29,91.36,25.79,79.65,9.9,93.99,65.48,32.35,74.5,5.78,24.62,50.38,19.14,8.45,2.0,89.64,0,38.6,deterministic_fallback
bangalore,15.98,33.89,66.2,58.8,41.38,78.81,7.88,92.19,39.55,,79.67,2.39,16.7,50.64,30.73,6.74,2.0,86.93,0,45.12,deterministic_fallback
bangalore,20.3,31.37,74.34,81.61,42.74,72.52,,72.71,52.68,41.17,57.51,8.13,37.64,64.86,28.15,5.42,1.0,82.8,0,57.47,deterministic_fallback
bangalore,23.27,25.02,96.62,65.26,25.02,68.12,10.57,79.07,37.35,32.87,65.52,6.59,20.09,37.58,41.02,,2.0,63.32,0,66.99,deterministic_fallback
mumbai,21.96,27.37,128.81,82.52,30.87,79.27,11.07,89.28,55.1,31.69,53.86,5.87,34.17,46.0,47.97,6.75,1.0,86.08,0,73.03,deterministic_fallback
mumbai,20.02,32.17,75.01,92.33,50.92,62.96,8.32,85.12,43.85,42.57,76.43,2.41,28.71,47.73,37.07,2.79,0.0,72.08,0,47.18,deterministic_fallback
delhi,9.1,29.8,161.86,52.33,31.12,67.92,10.99,75.43,57.71,33.93,66.53,3.35,33.49,62.22,29.07,0.0,2.0,42.75,0,62.66,deterministic_fallback
delhi,11.68,28.3,162.4,47.55,28.56,75.29,8.88,89.06,37.99,41.27,76.69,12.27,34.93,57.22,27.95,7.49,0.0,100.0,1,50.32,deterministic_fallback
bangalore,15.43,24.66,50.33,,24.66,60.62,9.7,77.91,45.94,30.01,62.28,7.32,28.77,31.65,29.58,1.08,0.0,70.85,0,40.96,deterministic_fallback
hyderabad,14.71,33.1,75.91,57.79,38.99,69.4,10.51,85.91,,31.28,65.93,3.36,25.85,47.37,36.69,1.87,1.0,73.63,0,58.32,deterministic_fallback
hyderabad,5.03,33.12,,62.57,40.81,68.43,9.06,82.0,10.87,28.69,79.62,4.33,17.14,34.61,29.51,2.25,1.0,75.78,0,54.62,deterministic_fallback
bangalore,19.34,31.32,35.0,67.91,37.81,81.19,10.93,86.52,55.02,36.04,61.87,7.33,26.86,49.89,32.27,5.3,0.0,91.89,0,45.67,deterministic_fallback
bangalore,21.41,22.68,123.12,76.6,22.68,95.0,10.52,81.45,25.57,32.24,82.29,8.46,25.7,58.85,30.73,6.42,0.0,97.37,0,35.97,deterministic_fallback
mumbai,,31.59,127.18,68.83,38.84,61.33,9.85,74.41,50.98,39.25,64.75,7.28,29.7,62.36,36.6,3.23,0.0,81.14,1,54.28,deterministic_fallback
hyderabad,8.62,29.17,139.68,50.58,29.96,75.63,9.48,,41.95,32.61,62.09,11.17,19.98,,33.2,7.2,4.0,85.26,0,72.62,deterministic_fallback
delhi,10.76,34.26,231.48,38.59,34.26,90.45,10.63,86.74,37.33,31.9,87.98,13.79,24.18,47.55,37.71,7.8,1.0,81.19,1,66.51,deterministic_fallback
mumbai,13.47,29.21,118.69,78.63,35.03,95.0,12.26,99.14,38.12,33.91,93.01,6.72,11.89,47.84,29.96,7.67,2.0,81.96,0,44.12,deterministic_fallback
bangalore,14.95,25.91,124.0,56.96,,69.68,10.02,92.44,48.42,40.31,66.17,6.25,28.37,60.83,42.02,1.14,0.0,58.41,0,52.79,deterministic_fallback
bangalore,30.77,18.09,35.0,64.93,18.09,48.59,10.31,73.38,64.89,38.7,63.13,9.39,32.29,78.34,40.72,0.01,0.0,70.93,1,77.35,deterministic_fallback
delhi,14.15,40.55,188.83,41.27,50.48,62.35,9.4,78.79,41.57,38.33,66.97,4.42,24.0,45.56,50.32,1.49,1.0,59.57,0,63.65,deterministic_fallback
bangalore,5.88,27.1,39.8,80.31,29.99,51.55,8.94,74.92,76.05,37.91,68.85,9.05,27.43,,31.07,4.66,1.0,75.29,0,57.59,deterministic_fallback
bangalore,5.12,17.97,35.0,60.48,18.0,,10.26,85.63,35.27,28.89,73.76,6.76,25.35,51.51,32.41,7.22,1.0,91.46,0,48.21,deterministic_fallback
hyderabad,10.78,31.18,76.0,48.57,32.64,61.24,9.75,73.82,28.52,37.63,77.08,4.32,33.58,58.73,34.67,1.47,0.0,60.07,0,49.13,deterministic_fallback
hyderabad,22.97,32.42,152.59,61.82,38.69,59.6,7.41,77.42,26.58,40.55,95.0,6.81,35.31,55.85,40.3,5.08,0.0,88.02,0,49.91,deterministic_fallback
hyderabad,5.1,29.97,99.7,71.9,35.43,60.68,10.68,76.45,55.74,42.32,68.29,8.36,32.7,75.74,62.49,0.33,1.0,44.81,1,84.71,deterministic_fallback
delhi,20.05,31.26,242.86,49.68,,75.81,8.88,83.01,27.7,32.15,79.91,5.53,27.1,59.87,47.06,4.0,0.0,72.17,0,64.01,deterministic_fallback
chennai,23.36,37.18,154.34,75.56,60.0,71.06,8.88,75.93,29.19,36.57,80.21,5.64,29.59,45.13,,7.19,0.0,96.44,0,36.15,deterministic_fallback
bangalore,27.38,25.97,143.23,80.52,25.97,54.91,8.92,79.12,37.62,36.23,55.81,7.5,37.76,55.49,32.2,3.73,0.0,70.47,0,54.47,deterministic_fallback
bangalore,6.16,23.2,135.36,75.52,23.2,71.76,12.36,85.16,48.9,35.28,71.81,9.22,30.19,62.08,36.33,1.12,2.0,68.66,0,66.43,deterministic_fallback
hyderabad,18.3,35.55,166.45,62.87,48.25,57.8,8.5,83.6,62.79,39.18,69.74,12.24,30.51,,43.54,2.59,2.0,66.65,0,70.87,deterministic_fallback
delhi,5.01,34.19,203.88,44.74,37.1,94.77,12.46,91.14,18.16,29.42,90.84,8.87,28.46,31.22,39.32,6.75,0.0,100.0,0,51.73,deterministic_fallback
bangalore,11.03,26.8,72.61,72.53,28.72,85.81,10.21,87.32,41.01,34.31,95.33,0.0,26.72,,30.4,7.91,0.0,100.0,0,27.48,deterministic_fallback
chennai,23.51,37.66,86.63,64.99,57.25,79.88,8.18,79.54,14.69,31.3,79.65,4.41,,53.28,36.16,5.39,0.0,86.7,0,32.63,deterministic_fallback
kolkata,10.39,29.25,127.63,76.84,,79.95,11.82,77.65,29.58,37.26,89.53,15.78,30.19,52.85,,5.69,2.0,73.61,0,73.99,deterministic_fallback
kolkata,13.66,30.38,,93.54,43.47,53.07,8.46,87.69,48.61,41.53,71.63,7.6,29.78,44.67,31.9,,0.0,82.51,0,43.87,deterministic_fallback
bangalore,9.77,29.71,96.83,79.2,36.57,94.82,10.31,80.52,36.98,34.53,91.24,0.2,26.56,62.31,31.43,7.6,1.0,96.25,0,38.76,deterministic_fallback
bangalore,13.21,19.97,58.76,72.56,19.97,73.46,,96.72,44.84,30.2,80.14,,25.95,23.32,25.86,7.16,0.0,100.0,0,44.06,deterministic_fallback
chennai,11.55,34.83,47.85,59.49,44.31,94.53,10.09,90.81,9.96,42.8,91.79,2.98,20.37,46.99,23.83,8.4,0.0,100.0,0,28.44,deterministic_fallback
delhi,9.43,31.94,211.52,40.09,32.21,78.37,10.27,90.43,29.43,,87.4,9.46,24.0,51.72,35.21,6.75,2.0,82.68,0,65.09,deterministic_fallback
chennai,7.71,32.47,65.28,69.18,41.5,74.32,9.57,86.2,48.6,39.88,82.79,3.63,25.4,67.15,25.01,3.72,1.0,77.36,0,39.63,deterministic_fallback
bangalore,7.0,25.93,49.52,67.19,25.93,74.53,11.41,87.61,42.27,39.35,73.63,11.81,23.58,,12.74,8.18,0.0,100.0,0,36.62,deterministic_fallback
mumbai,14.22,31.03,120.27,69.13,37.41,68.66,10.15,80.47,51.44,44.51,71.72,3.73,30.21,56.82,38.3,4.59,2.0,83.64,0,56.63,deterministic_fallback
mumbai,19.17,26.12,,77.56,26.12,79.49,11.21,80.79,46.58,31.2,82.5,5.43,21.84,53.98,38.1,4.24,0.0,90.76,0,35.89,deterministic_fallback
chennai,7.76,32.8,141.1,88.76,51.9,71.33,9.31,89.67,24.06,36.72,85.45,9.95,35.79,51.08,34.38,5.18,1.0,80.88,0,46.49,deterministic_fallback
mumbai,15.47,27.14,120.2,82.44,30.3,56.6,10.49,84.21,40.87,42.04,73.01,6.24,33.71,72.61,44.26,0.95,1.0,54.04,1,74.84,deterministic_fallback
delhi,17.75,37.6,224.38,52.17,48.67,67.29,10.2,70.6,69.63,38.46,71.07,10.04,23.76,40.03,34.64,6.94,0.0,80.93,0,45.62,deterministic_fallback
delhi,6.74,25.12,,41.4,,74.93,9.72,89.05,24.06,36.22,74.13,9.04,18.29,48.84,47.4,3.26,1.0,65.22,0,60.69,deterministic_fallback
mumbai,15.4,25.57,113.75,66.12,25.57,89.58,11.33,89.17,28.81,25.45,73.92,7.1,21.6,58.62,34.99,5.33,0.0,82.38,0,44.68,deterministic_fallback
delhi,7.81,39.59,174.74,39.8,39.59,78.44,9.92,83.73,48.35,27.47,74.53,4.11,22.51,51.01,30.33,6.92,0.0,100.0,0,42.09,deterministic_fallback
,12.5,33.26,58.29,61.56,40.79,61.24,8.02,78.8,26.3,43.39,90.75,4.94,26.95,52.41,45.52,0.44,1.0,70.85,0,57.43,deterministic_fallback
mumbai,19.34,29.8,116.74,80.15,37.1,57.81,9.44,87.67,69.55,39.62,67.13,7.58,42.19,55.63,46.65,1.68,0.0,76.45,1,69.94,deterministic_fallback
chennai,5.7,27.58,125.13,77.53,30.76,82.0,9.7,91.11,69.54,35.1,86.2,7.29,18.44,50.98,15.06,8.29,0.0,100.0,0,23.58,deterministic_fallback
chennai,25.0,31.18,132.62,68.28,37.55,68.94,9.92,85.56,47.41,33.01,73.96,9.78,28.13,60.25,43.22,3.07,2.0,63.56,1,75.79,deterministic_fallback
delhi,20.54,34.75,160.38,51.83,40.78,61.1,9.04,82.25,49.95,33.78,61.53,8.08,25.91,43.84,33.62,4.73,2.0,65.53,0,58.22,deterministic_fallback
mumbai,22.89,32.64,79.56,91.58,52.73,55.61,8.53,72.54,28.49,42.92,62.4,9.49,29.55,54.99,,4.61,2.0,68.55,0,73.65,deterministic_fallback
hyderabad,7.18,37.37,96.14,74.24,60.0,79.61,,75.39,,32.7,79.17,1.68,15.32,39.35,10.0,7.31,1.0,77.58,0,29.67,deterministic_fallback
mumbai,14.29,31.79,153.5,85.31,,52.93,10.68,77.28,22.87,36.04,54.23,7.93,27.97,,42.61,3.89,2.0,64.49,0,67.4,deterministic_fallback
delhi,8.46,35.13,182.93,48.28,40.31,77.4,9.9,76.46,21.38,37.38,90.91,7.47,28.73,53.01,48.7,3.38,3.0,62.59,0,76.78,deterministic_fallback
kolkata,13.86,26.1,111.52,88.01,26.1,73.15,11.13,91.18,42.99,35.15,67.39,8.47,,41.9,42.24,0.44,0.0,65.19,0,59.4,deterministic_fallback
kolkata,6.98,28.92,83.07,92.37,37.38,80.75,9.86,79.06,47.51,32.81,71.41,8.58,28.51,52.4,23.93,3.84,0.0,80.63,0,40.55,deterministic_fallback
chennai,11.66,33.79,79.81,58.88,41.14,80.15,7.97,73.85,23.77,41.78,89.52,4.98,36.31,61.23,46.89,5.47,,82.36,1,69.08,deterministic_fallback
delhi,18.18,34.14,149.28,62.31,43.58,63.85,8.08,90.17,43.68,44.42,74.7,6.58,22.0,69.95,45.62,6.07,3.0,82.5,0,67.86,deterministic_fallback
hyderabad,1.25,29.2,117.5,53.74,30.43,86.47,,77.53,9.32,22.86,86.93,8.97,19.53,32.87,26.01,7.13,4.0,74.92,0,66.57,deterministic_fallback
hyderabad,11.27,32.97,136.34,54.62,,69.01,10.88,83.87,38.31,41.37,70.27,8.77,41.64,49.45,33.66,4.91,0.0,84.64,0,51.55,deterministic_fallback
delhi,5.46,39.45,162.36,46.6,50.76,62.24,8.67,,27.33,41.15,74.38,7.07,33.5,43.35,24.19,3.51,0.0,70.4,0,52.9,deterministic_fallback
hyderabad,18.39,35.73,111.25,62.03,48.38,60.17,10.14,74.75,36.42,39.58,79.66,3.81,21.92,52.82,47.92,0.0,0.0,69.62,0,53.88,deterministic_fallback
mumbai,29.03,34.88,143.6,71.43,50.72,55.09,10.48,89.72,55.5,36.85,61.45,9.34,28.01,36.69,34.5,1.84,0.0,70.61,0,51.99,deterministic_fallback
mumbai,20.81,,79.11,77.39,56.3,55.01,7.27,74.03,46.01,42.52,78.66,3.73,24.41,43.99,42.33,3.06,1.0,77.01,0,55.03,deterministic_fallback
bangalore,10.13,30.52,71.83,73.01,37.18,70.57,12.47,88.02,52.43,37.35,56.41,6.22,25.75,52.85,33.88,8.08,0.0,,0,42.54,deterministic_fallback
mumbai,21.53,29.23,143.13,81.47,35.73,81.0,8.25,91.78,39.96,33.68,88.73,7.01,36.81,46.63,34.97,6.14,0.0,91.48,0,51.18,deterministic_fallback
mumbai,13.82,28.43,131.45,82.15,33.58,87.01,,82.75,47.41,38.39,73.65,8.38,32.05,37.36,22.32,7.66,2.0,93.63,0,51.37,deterministic_fallback
chennai,12.27,31.66,56.86,72.39,40.28,83.42,9.62,89.78,,30.06,79.81,4.75,18.91,65.61,36.19,8.35,3.0,74.68,0,60.1,deterministic_fallback
kolkata,16.97,33.21,152.67,87.91,53.3,59.74,8.23,77.92,47.4,41.85,70.13,6.51,28.13,78.65,43.77,1.9,2.0,71.34,0,72.24,deterministic_fallback
bangalore,26.51,31.99,84.07,78.57,43.74,,8.76,82.13,59.87,40.78,59.34,5.74,30.39,56.49,46.84,0.0,2.0,45.65,1,73.51,deterministic_fallback
chennai,20.05,33.75,129.38,83.58,53.22,55.12,7.54,72.0,37.62,36.68,,6.62,25.51,34.9,31.24,4.67,4.0,69.75,0,72.07,deterministic_fallback
kolkata,17.13,36.01,101.33,85.79,60.0,73.85,9.64,75.39,41.65,45.29,,8.21,33.09,58.05,41.78,1.66,2.0,74.54,0,66.92,deterministic_fallback
mumbai,30.66,29.93,99.93,87.96,39.79,72.48,8.9,85.06,54.38,27.96,82.76,6.58,20.13,29.64,30.33,7.04,0.0,100.0,1,44.56,deterministic_fallback
bangalore,14.48,32.38,42.25,76.13,44.04,55.16,8.62,87.02,50.91,32.6,66.04,5.93,23.03,32.23,22.45,3.74,0.0,68.76,0,42.58,deterministic_fallback
delhi,10.69,38.47,187.87,71.27,60.0,47.6,6.28,67.15,42.45,47.88,73.52,8.3,28.72,65.66,60.86,0.0,,49.35,1,106.79,deterministic_fallback
mumbai,25.14,36.72,114.73,89.76,60.0,57.85,6.92,82.87,56.6,35.41,76.34,10.08,25.89,47.87,58.21,1.27,3.0,,1,88.51,deterministic_fallback
chennai,9.81,32.79,121.54,74.07,44.56,64.33,8.47,83.56,26.86,36.02,71.29,8.92,30.92,52.52,,3.51,2.0,64.83,0,69.04,deterministic_fallback
bangalore,20.48,28.42,46.37,62.34,30.4,66.98,8.94,83.43,42.92,31.21,57.58,4.15,26.96,41.61,46.68,0.64,0.0,62.43,0,52.53,deterministic_fallback
bangalore,6.05,22.18,78.5,66.39,22.18,73.28,9.96,84.46,32.21,36.22,74.32,8.21,24.08,56.81,49.29,2.8,0.0,72.16,0,53.76,deterministic_fallback
mumbai,22.88,34.96,103.71,77.18,54.52,51.16,7.22,76.09,48.47,43.6,78.07,11.76,37.11,60.19,28.34,4.11,0.0,84.91,0,44.56,deterministic_fallback
mumbai,26.44,33.2,121.94,84.21,51.18,70.76,10.37,73.53,53.45,38.61,77.43,10.05,33.77,41.9,25.37,7.5,1.0,81.96,1,69.15,deterministic_fallback
kolkata,10.67,25.88,167.37,76.25,25.88,76.38,10.05,89.68,49.13,32.86,68.74,1.13,26.16,50.34,34.69,4.78,1.0,84.58,0,50.26,deterministic_fallback
mumbai,14.73,34.41,73.43,88.72,59.65,58.19,8.27,70.92,46.76,40.42,75.05,7.74,27.49,46.82,44.41,0.0,0.0,57.64,0,57.12,deterministic_fallback
delhi,13.25,31.59,149.7,38.94,31.59,85.61,10.98,96.94,40.24,32.73,84.69,,34.7,45.51,39.95,2.24,0.0,72.2,0,58.97,deterministic_fallback
delhi,11.94,36.25,134.31,36.9,36.25,89.73,12.28,83.7,37.37,32.48,69.76,6.25,33.22,38.72,26.1,6.13,2.0,81.01,0,52.8,deterministic_fallback
bangalore,1.95,24.97,70.12,67.08,24.97,61.81,11.16,82.87,54.4,40.31,72.73,13.07,21.23,57.23,33.8,3.27,4.0,66.04,0,80.3,deterministic_fallback
hyderabad,2.95,29.07,131.17,51.5,29.94,95.0,10.15,86.72,8.93,25.61,100.0,0.95,27.84,34.17,31.05,,0.0,89.36,1,40.56,deterministic_fallback
bangalore,,26.64,68.35,58.2,26.64,76.58,9.36,100.0,26.28,33.7,84.09,7.3,34.19,44.65,30.17,7.96,1.0,100.0,0,38.87,deterministic_fallback
mumbai,2.9,28.47,,73.14,32.11,75.66,10.56,75.82,48.06,30.68,59.4,8.28,28.72,56.58,40.99,0.32,0.0,,0,54.24,deterministic_fallback
delhi,27.81,33.61,205.72,45.13,36.11,54.85,10.87,83.55,71.48,45.57,65.46,9.9,30.05,59.54,30.81,3.94,0.0,74.55,1,68.2,deterministic_fallback
chennai,5.24,34.61,107.14,74.5,51.46,70.43,9.23,81.06,37.12,39.04,69.68,6.83,26.62,54.67,35.23,4.86,1.0,90.11,0,43.34,deterministic_fallback
hyderabad,8.74,30.36,128.63,,32.27,82.69,10.32,79.86,36.52,29.41,82.6,4.62,33.68,53.84,44.71,6.75,3.0,,1,81.03,deterministic_fallback
hyderabad,17.96,43.31,125.45,55.12,,61.38,8.37,91.14,25.53,39.22,81.49,6.24,32.55,44.63,32.63,7.17,2.0,88.58,0,57.57,deterministic_fallback
hyderabad,14.1,,35.0,59.09,34.88,52.25,7.94,79.4,42.12,31.15,65.76,8.65,29.6,63.89,43.74,1.39,1.0,70.54,0,62.5,deterministic_fallback
chennai,16.72,28.31,76.9,83.45,33.5,83.46,10.05,84.5,45.27,30.38,93.6,2.65,36.59,41.14,31.67,4.07,2.0,65.81,0,63.76,deterministic_fallback
mumbai,12.76,27.72,80.99,90.79,33.0,85.29,10.96,94.93,57.14,35.1,80.24,,21.34,41.6,33.28,7.33,1.0,82.24,0,49.5,deterministic_fallback
delhi,13.92,40.4,154.3,51.3,57.07,68.53,8.41,73.42,42.4,47.45,73.79,,31.87,61.03,26.78,7.71,2.0,90.04,0,42.71,deterministic_fallback
bangalore,9.24,24.77,110.85,70.54,24.77,70.98,11.47,87.71,32.88,38.4,67.36,8.26,29.05,51.37,28.41,7.16,2.0,83.07,0,53.12,deterministic_fallback
delhi,8.4,29.34,172.33,48.21,,82.48,11.72,85.46,43.37,33.89,67.86,9.22,25.56,53.1,31.88,6.52,1.0,100.0,0,46.07,deterministic_fallback
chennai,17.4,37.47,164.67,79.24,60.0,49.54,7.31,72.29,32.16,45.73,57.97,16.57,22.91,63.27,49.32,1.78,0.0,64.83,0,73.81,deterministic_fallback
bangalore,15.75,26.08,43.52,72.38,26.08,70.9,10.51,90.65,57.75,37.11,71.78,,32.71,47.01,27.48,2.85,0.0,75.38,1,57.69,deterministic_fallback
chennai,3.59,32.42,54.79,84.89,48.26,70.37,9.35,79.57,17.7,41.84,69.56,3.08,23.31,27.54,15.69,5.67,1.0,85.64,0,35.21,deterministic_fallback
chennai,18.23,34.56,124.81,60.35,43.92,56.79,7.05,65.21,49.56,36.24,79.22,12.47,24.61,58.53,46.14,1.31,0.0,76.66,0,54.33,deterministic_fallback
bangalore,32.78,30.06,71.48,68.75,34.89,66.12,9.49,83.98,56.21,42.9,69.51,1.54,29.49,53.83,38.26,5.8,2.0,74.11,0,57.88,deterministic_fallback
kolkata,13.54,39.95,127.74,84.8,60.0,75.23,6.88,72.51,45.83,35.22,84.08,,25.48,43.7,38.26,4.56,0.0,71.71,0,42.51,deterministic_fallback
hyderabad,29.69,24.9,107.19,,24.9,76.38,10.03,86.78,50.58,39.8,77.12,8.52,28.84,46.71,47.46,2.89,0.0,85.08,0,60.7,deterministic_fallback
chennai,9.85,29.9,90.24,67.27,34.16,84.2,10.84,84.22,39.43,31.47,80.8,6.22,30.43,50.12,34.99,2.86,1.0,71.91,0,54.57,deterministic_fallback
delhi,10.91,34.12,157.97,39.48,34.12,84.08,10.01,81.42,40.44,29.17,85.29,7.94,29.77,38.27,37.77,5.87,2.0,87.06,0,54.69,deterministic_fallback
bangalore,13.46,35.94,84.03,75.53,57.66,70.09,7.35,72.86,47.05,38.6,95.32,6.53,26.85,47.85,31.13,4.06,1.0,82.87,0,55.68,deterministic_fallback
bangalore,7.88,31.39,94.35,62.58,36.41,69.9,10.37,94.86,62.63,30.73,,9.45,22.03,47.37,34.05,2.54,0.0,80.91,0,42.06,deterministic_fallback
mumbai,21.39,34.33,160.7,65.67,45.74,78.92,11.7,80.77,32.47,40.44,80.63,6.68,29.18,54.84,45.48,3.46,1.0,71.48,0,62.9,deterministic_fallback
delhi,10.07,32.6,175.92,56.66,37.44,60.61,7.54,90.71,22.49,42.29,77.44,7.05,26.1,64.57,58.66,4.01,0.0,75.88,0,53.3,deterministic_fallback
kolkata,8.76,28.49,109.07,85.37,34.39,95.0,10.38,80.72,21.26,26.98,88.32,10.92,24.52,58.59,39.48,5.55,0.0,73.54,0,53.05,deterministic_fallback
hyderabad,9.89,29.9,93.08,,32.24,,9.69,87.05,15.0,31.76,81.82,8.64,20.34,42.02,31.55,8.17,1.0,,0,49.88,deterministic_fallback
mumbai,11.17,26.54,158.68,71.58,26.54,85.84,9.58,80.04,28.92,32.27,85.1,7.48,37.76,64.49,47.1,3.43,2.0,70.61,0,69.83,deterministic_fallback
delhi,12.56,40.72,203.16,49.1,56.49,35.28,7.96,81.34,29.45,42.89,,9.68,30.19,47.29,31.8,0.49,2.0,51.72,1,77.06,deterministic_fallback
mumbai,15.89,31.68,68.76,89.0,47.07,64.2,8.91,72.16,43.74,46.17,70.85,12.01,29.66,65.49,27.44,8.87,0.0,94.81,1,44.45,deterministic_fallback
mumbai,14.37,31.29,,66.23,37.23,65.64,10.43,85.82,54.57,34.28,66.06,3.83,30.34,49.35,45.02,1.11,0.0,67.46,0,54.78,deterministic_fallback
kolkata,16.0,33.91,94.92,69.77,46.34,78.84,9.14,84.3,45.11,31.66,77.44,3.72,18.52,33.04,30.26,6.63,0.0,100.0,0,40.26,deterministic_fallback
bangalore,13.18,21.04,56.13,64.03,21.04,62.85,7.58,86.58,37.93,29.51,73.21,5.14,22.35,59.89,36.59,1.83,1.0,66.22,0,60.36,deterministic_fallback
delhi,14.08,34.02,187.28,49.91,38.4,73.44,11.01,69.36,40.31,44.3,63.96,8.96,32.97,56.31,37.59,3.0,2.0,60.28,1,85.76,deterministic_fallback
hyderabad,7.78,28.06,102.08,54.65,28.96,76.62,,73.42,67.14,40.34,70.6,9.28,29.87,,23.46,7.8,2.0,99.2,0,44.87,deterministic_fallback
mumbai,23.59,31.73,114.55,85.03,45.53,50.75,8.18,78.75,57.96,31.25,,6.07,32.11,56.42,38.57,0.7,0.0,59.79,0,62.11,deterministic_fallback
delhi,9.13,32.78,225.21,58.44,38.43,48.59,9.86,77.4,57.54,43.49,51.16,5.57,18.76,82.97,56.54,1.22,2.0,70.37,1,87.12,deterministic_fallback
hyderabad,5.76,28.52,129.24,60.69,30.34,81.68,11.47,81.07,41.86,29.77,,3.4,29.17,53.91,48.29,4.56,3.0,69.71,0,73.05,deterministic_fallback
hyderabad,8.91,32.1,89.93,63.2,38.33,75.63,10.86,80.84,43.54,36.42,71.29,4.27,26.15,69.82,56.09,0.71,1.0,62.2,1,72.97,deterministic_fallback
kolkata,15.01,32.06,159.35,84.38,46.52,74.49,10.53,71.34,66.63,32.12,73.19,5.1,20.13,47.96,40.14,0.0,1.0,69.13,0,62.3,deterministic_fallback
hyderabad,4.48,30.71,73.2,,33.87,83.37,10.64,78.65,35.11,25.49,80.2,0.03,14.61,50.5,24.24,5.85,1.0,75.67,0,33.31,deterministic_fallback
bangalore,8.24,28.98,90.48,58.31,30.74,90.44,,86.81,37.1,33.84,98.32,4.99,23.69,51.58,21.56,7.74,1.0,86.46,0,41.84,deterministic_fallback
chennai,19.18,30.69,110.71,67.31,36.04,76.64,11.55,76.33,24.06,43.81,85.73,5.64,38.87,55.5,24.87,6.43,,85.48,1,54.6,deterministic_fallback
kolkata,14.99,34.63,148.57,71.39,49.76,77.79,8.71,77.75,33.85,35.3,86.34,7.08,32.41,53.94,23.41,8.14,1.0,94.64,0,38.23,deterministic_fallback
chennai,18.82,34.27,36.92,74.32,50.05,76.9,9.49,77.33,26.57,36.01,78.61,12.02,33.12,15.23,25.95,4.2,1.0,96.0,0,50.25,deterministic_fallback
kolkata,21.55,30.7,128.61,84.58,41.46,63.75,7.1,82.5,51.47,41.84,81.01,3.69,29.74,54.69,43.9,5.31,0.0,80.19,0,56.61,deterministic_fallback
chennai,9.53,28.91,,63.17,31.37,78.74,8.38,100.0,27.53,34.98,78.29,9.23,26.56,40.19,24.0,7.95,4.0,74.26,0,61.85,deterministic_fallback
kolkata,14.81,28.89,147.53,82.77,35.03,71.71,10.36,77.61,44.55,43.26,,10.85,22.43,53.79,50.55,3.49,4.0,56.3,0,92.36,deterministic_fallback
mumbai,16.16,37.44,144.25,72.29,60.0,59.7,8.59,74.75,34.98,46.07,89.55,9.28,23.78,57.22,56.19,0.9,1.0,63.98,0,74.51,deterministic_fallback
chennai,12.13,32.15,115.42,66.42,39.54,55.04,9.27,85.87,32.84,45.09,72.92,8.05,30.84,63.32,41.55,2.46,1.0,72.98,0,60.79,deterministic_fallback
bangalore,16.97,21.4,74.1,64.36,21.4,66.75,9.43,90.17,34.13,30.98,63.78,9.86,19.44,55.77,40.99,5.81,0.0,83.76,0,44.71,deterministic_fallback
bangalore,9.32,29.6,95.61,59.78,32.04,89.48,9.96,86.52,32.06,34.64,,7.86,21.43,37.87,16.91,7.52,1.0,92.93,0,31.75,deterministic_fallback
hyderabad,14.09,29.68,100.79,63.98,33.01,82.11,10.53,96.51,36.5,37.33,84.93,9.77,26.8,33.44,28.22,4.77,0.0,97.56,0,47.24,deterministic_fallback
kolkata,6.15,,,80.15,41.11,61.07,7.1,86.83,42.31,35.55,74.83,7.44,34.64,68.37,41.62,1.83,0.0,70.65,0,51.63,deterministic_fallback
kolkata,14.13,28.44,,88.65,34.89,77.5,10.51,89.61,36.91,20.29,52.71,3.95,21.88,48.56,44.67,1.39,0.0,70.62,0,38.52,deterministic_fallback
delhi,25.51,41.13,198.6,47.49,56.61,71.49,8.45,68.12,45.18,37.17,86.5,11.44,22.31,,50.45,6.32,1.0,100.0,1,69.68,deterministic_fallback
chennai,36.05,31.21,133.52,73.64,39.35,68.44,9.8,85.47,53.05,38.42,79.33,14.46,22.17,70.79,26.55,7.95,0.0,93.68,1,45.82,deterministic_fallback
chennai,15.24,41.35,127.84,90.21,60.0,47.1,7.77,69.69,30.57,42.44,69.06,6.47,30.06,46.22,38.22,1.79,0.0,64.89,0,53.63,deterministic_fallback
delhi,8.76,31.57,187.38,36.72,31.57,80.42,8.58,80.09,39.6,31.7,83.52,7.32,22.55,50.99,42.75,2.75,0.0,71.37,0,48.01,deterministic_fallback
mumbai,,29.57,144.03,89.13,38.86,54.9,8.56,78.22,68.55,35.81,53.21,7.16,28.04,53.47,36.16,2.99,0.0,72.07,1,56.31,deterministic_fallback
mumbai,15.26,35.91,188.8,92.46,60.0,63.8,9.47,70.99,38.23,36.12,,4.25,25.5,37.04,39.84,1.46,0.0,55.96,1,64.21,deterministic_fallback
chennai,19.78,33.95,130.43,81.71,52.99,59.41,,79.7,24.72,36.45,67.16,5.18,26.45,35.75,38.55,2.64,3.0,63.7,0,72.02,deterministic_fallback
bangalore,22.39,35.56,47.74,67.15,50.72,73.51,9.37,81.03,60.86,38.64,84.97,8.88,34.75,48.41,38.6,0.43,,61.67,0,72.99,deterministic_fallback
kolkata,30.3,32.97,140.96,94.84,56.23,58.98,6.84,78.29,66.26,39.85,74.44,8.43,35.52,56.1,54.38,3.49,1.0,72.93,0,70.1,deterministic_fallback
bangalore,3.2,26.72,89.28,65.68,28.09,60.71,10.09,84.87,57.73,36.61,63.0,6.54,28.86,50.19,32.29,0.0,0.0,63.73,0,53.28,deterministic_fallback
kolkata,16.98,38.87,154.69,76.71,60.0,65.24,7.56,73.6,39.79,45.87,85.04,7.31,26.3,46.23,46.38,4.09,1.0,78.83,0,58.04,deterministic_fallback
bangalore,9.39,21.99,112.08,65.65,21.99,,9.97,85.0,36.99,30.38,56.5,6.11,22.94,56.26,38.28,8.44,1.0,87.79,0,50.96,deterministic_fallback
chennai,,25.07,35.0,69.98,25.07,76.82,9.62,84.21,21.43,30.46,77.29,4.66,27.1,27.64,32.37,0.8,2.0,60.09,1,66.92,deterministic_fallback
mumbai,16.07,29.29,167.22,71.71,33.73,71.5,11.6,79.09,61.87,29.57,58.99,9.06,32.2,54.69,45.11,2.73,1.0,74.68,0,63.03,deterministic_fallback
bangalore,10.08,31.62,138.18,77.69,42.11,69.16,11.68,,62.63,30.1,71.97,6.97,19.29,56.52,40.51,5.36,0.0,75.48,0,46.38,deterministic_fallback
chennai,19.56,26.17,111.0,69.38,26.17,85.19,10.51,90.35,34.67,39.66,76.17,5.94,37.03,54.19,33.67,7.27,1.0,100.0,0,43.64,deterministic_fallback
kolkata,10.41,33.08,149.04,81.6,49.27,69.36,8.66,91.7,7.39,45.49,87.47,7.78,26.52,,33.46,7.23,0.0,86.61,0,48.45,deterministic_fallback
chennai,4.48,32.43,84.01,62.81,39.04,62.47,8.1,81.65,32.26,32.28,93.75,4.98,28.43,44.03,36.27,0.17,2.0,47.23,0,70.98,deterministic_fallback
mumbai,23.68,36.29,108.87,80.14,60.0,,6.23,67.09,41.7,49.88,54.2,10.84,,55.1,47.35,2.17,2.0,65.79,1,84.58,deterministic_fallback
delhi,7.37,40.13,212.83,40.34,,79.49,10.92,87.35,33.27,36.85,80.95,7.53,20.32,61.57,32.31,7.51,1.0,96.49,0,48.27,deterministic_fallback
mumbai,17.24,31.62,140.0,69.94,39.29,76.52,8.08,72.96,35.67,34.48,95.28,8.37,29.43,47.49,40.31,3.29,1.0,78.8,0,64.7,deterministic_fallback
mumbai,19.78,34.2,143.57,78.71,52.3,67.97,8.36,84.45,53.73,48.0,71.78,8.13,31.3,60.98,34.33,7.19,0.0,99.0,0,38.67,deterministic_fallback
hyderabad,22.38,34.21,135.07,68.25,46.61,57.4,8.87,69.22,45.53,38.34,63.08,7.82,32.7,71.25,54.45,0.41,2.0,52.66,0,87.46,deterministic_fallback
hyderabad,11.48,29.66,114.55,62.44,32.65,69.14,7.03,87.93,40.8,36.4,74.93,7.41,23.76,42.77,57.38,1.53,3.0,58.38,0,84.33,deterministic_fallback
chennai,16.25,28.33,111.95,79.37,32.84,64.46,8.53,81.86,,33.13,80.23,8.22,14.2,50.33,36.06,1.44,0.0,66.4,0,50.09,deterministic_fallback
kolkata,23.69,30.04,101.06,81.86,38.34,60.68,7.95,87.13,17.55,32.72,75.97,7.55,22.83,46.6,45.82,0.0,1.0,59.42,0,71.42,deterministic_fallback
chennai,8.51,31.23,113.1,72.0,38.87,71.34,9.4,99.32,39.28,28.85,77.24,6.73,24.52,27.2,,8.14,0.0,,0,28.97,deterministic_fallback
chennai,5.93,32.35,156.65,80.8,46.01,76.55,9.8,77.23,38.11,,70.55,6.24,32.55,61.86,43.83,7.25,0.0,91.81,0,48.73,deterministic_fallback
mumbai,29.13,23.74,115.19,75.83,23.74,61.96,10.87,79.75,34.34,42.49,85.27,3.88,33.46,60.12,42.29,2.76,0.0,72.28,1,62.31,deterministic_fallback
delhi,17.17,35.59,213.07,57.05,45.34,41.59,8.08,78.65,41.75,40.19,58.74,9.68,37.31,60.57,50.92,0.08,1.0,45.61,1,81.84,deterministic_fallback
hyderabad,15.09,33.83,76.04,69.09,45.77,56.73,8.57,88.56,48.42,35.45,51.18,3.68,24.29,43.01,41.68,0.0,0.0,67.81,0,53.94,deterministic_fallback
chennai,5.23,33.99,97.04,67.69,45.59,52.87,9.19,81.3,43.96,34.3,58.91,4.8,23.75,53.89,38.84,1.69,0.0,71.84,0,50.33,deterministic_fallback
mumbai,11.61,38.01,110.33,73.37,60.0,54.49,7.2,72.71,45.0,38.98,72.38,4.84,,34.38,27.25,6.19,0.0,74.31,0,39.13,deterministic_fallback
bangalore,11.79,26.55,116.94,64.58,26.55,78.8,10.85,88.56,43.16,38.11,94.93,5.03,26.4,52.87,38.18,7.75,0.0,100.0,0,26.89,deterministic_fallback
hyderabad,9.28,31.37,152.01,47.01,32.64,80.53,10.72,81.17,28.01,,63.31,5.46,31.2,47.0,42.34,4.58,0.0,82.68,0,52.03,deterministic_fallback
mumbai,12.54,23.05,118.75,75.25,23.05,88.2,7.26,,5.18,40.05,95.84,7.78,22.66,61.48,35.35,8.33,1.0,89.96,0,42.63,deterministic_fallback
bangalore,12.56,31.26,104.72,79.42,41.56,87.7,10.45,82.45,36.83,35.7,93.33,8.06,30.93,42.12,22.91,8.04,0.0,91.81,1,40.48,deterministic_fallback
kolkata,9.49,27.04,166.34,,29.22,85.13,10.34,93.4,47.57,33.65,78.51,7.85,32.46,50.96,30.45,5.96,,80.81,0,47.12,deterministic_fallback
hyderabad,27.12,37.85,103.26,70.77,60.0,27.69,7.77,74.03,55.16,47.26,43.53,11.43,34.73,59.27,46.41,0.0,2.0,47.88,1,83.3,deterministic_fallback
delhi,8.64,40.72,181.97,46.22,54.34,77.79,10.09,68.68,50.64,37.17,65.83,15.54,32.24,51.9,,7.58,0.0,91.3,0,57.11,deterministic_fallback
chennai,10.11,26.17,135.13,91.72,26.17,72.33,8.45,86.94,29.51,29.12,73.07,7.61,21.65,51.2,33.89,7.6,0.0,100.0,0,47.84,deterministic_fallback
delhi,5.09,36.21,173.17,43.95,41.06,82.8,8.51,88.47,30.86,35.21,92.96,8.96,22.56,51.09,29.99,5.29,0.0,88.92,0,40.03,deterministic_fallback
chennai,17.34,38.62,106.04,74.24,60.0,63.81,8.14,69.37,31.73,40.06,70.97,8.17,30.32,43.68,38.29,5.47,2.0,93.83,0,62.88,deterministic_fallback
delhi,14.47,40.04,246.16,42.88,50.11,45.87,6.46,72.09,53.95,38.12,66.47,10.88,24.9,53.78,32.02,7.37,2.0,89.87,0,60.41,deterministic_fallback
hyderabad,10.84,24.56,86.03,53.37,24.56,72.62,10.03,84.69,30.76,39.69,79.4,3.03,30.47,55.32,25.5,5.59,1.0,87.97,0,44.13,deterministic_fallback
delhi,17.6,32.07,192.03,61.11,37.59,64.04,10.64,83.97,75.64,39.29,56.73,1.83,31.12,60.02,46.34,3.04,0.0,69.8,0,53.59,deterministic_fallback
delhi,6.44,31.58,194.29,53.31,34.38,72.16,10.66,92.77,31.55,32.19,74.68,2.2,24.86,44.33,29.27,5.51,2.0,78.56,1,64.83,deterministic_fallback
kolkata,7.79,33.02,,89.85,53.54,,8.99,78.77,49.24,38.01,71.35,5.22,28.94,46.94,22.6,6.98,0.0,93.51,0,28.65,deterministic_fallback
mumbai,6.78,30.64,126.73,68.02,36.09,69.54,9.67,99.94,29.85,35.4,98.63,10.25,30.39,55.23,55.38,0.64,2.0,61.67,0,81.27,deterministic_fallback
mumbai,14.43,20.42,172.24,84.39,20.42,72.05,9.76,81.16,61.89,37.28,66.74,8.28,27.8,54.86,47.01,6.33,0.0,90.77,0,55.72,deterministic_fallback
delhi,13.96,,207.64,42.35,36.56,61.79,9.31,88.1,56.06,35.58,87.24,7.31,25.12,52.65,67.31,0.82,0.0,68.23,0,73.33,deterministic_fallback
hyderabad,6.74,36.5,113.26,,43.43,72.07,9.9,76.28,41.9,38.01,65.8,8.47,33.0,64.79,36.62,4.95,0.0,86.98,0,50.05,deterministic_fallback
chennai,21.08,35.78,133.31,77.6,58.4,51.5,6.09,80.13,57.74,40.74,72.19,8.8,33.15,78.25,52.38,0.35,,53.88,1,90.01,deterministic_fallback
kolkata,14.73,32.6,,84.01,48.56,84.94,10.79,,53.59,33.67,83.9,3.76,28.28,41.91,30.05,7.63,0.0,94.26,0,33.67,deterministic_fallback
delhi,23.99,34.12,161.17,51.35,39.14,67.15,8.87,88.72,52.64,39.25,76.91,9.52,32.85,59.45,34.36,6.48,0.0,87.13,0,46.48,deterministic_fallback
bangalore,16.57,24.34,,75.07,24.34,80.45,10.69,75.8,38.43,38.85,74.97,9.55,30.94,70.06,45.21,3.33,1.0,81.08,0,55.28,deterministic_fallback
mumbai,25.34,30.01,120.64,87.02,39.79,68.39,9.55,87.77,,30.56,82.79,12.72,24.4,48.77,50.15,4.15,1.0,75.19,1,77.33,deterministic_fallback
bangalore,20.43,26.97,97.89,81.39,29.8,72.28,8.81,82.55,29.73,29.41,79.87,6.71,21.02,32.34,40.68,4.95,0.0,87.09,0,50.83,deterministic_fallback
kolkata,9.6,32.0,107.0,72.25,41.24,73.75,10.87,83.94,47.89,34.74,70.91,11.01,27.53,65.48,34.4,1.41,2.0,59.81,0,71.5,deterministic_fallback
hyderabad,13.0,32.69,117.08,71.06,42.93,71.44,10.74,74.83,34.98,42.39,67.8,6.35,32.26,52.96,40.23,3.31,0.0,84.68,1,58.6,deterministic_fallback
hyderabad,10.19,32.77,,73.87,44.4,62.81,7.6,82.62,42.82,36.13,75.5,12.77,29.28,42.26,27.48,5.23,0.0,72.16,0,52.68,deterministic_fallback
delhi,25.3,39.09,,,50.66,50.23,8.51,76.79,29.13,42.28,67.65,7.45,31.53,56.19,43.9,2.38,0.0,75.05,1,56.93,deterministic_fallback
kolkata,14.89,30.65,117.15,68.84,36.35,78.15,10.1,81.22,30.98,35.41,72.95,8.85,29.38,54.15,51.19,3.8,0.0,70.72,0,57.0,deterministic_fallback
bangalore,16.91,22.71,35.0,58.28,22.71,51.99,7.66,88.44,42.58,36.88,73.25,7.7,24.56,77.02,25.97,1.95,1.0,69.93,0,52.4,deterministic_fallback
mumbai,34.02,33.01,104.18,77.03,46.71,51.54,6.24,77.28,56.13,39.17,54.97,12.02,28.19,59.52,63.73,0.67,1.0,60.26,1,82.02,deterministic_fallback
delhi,15.68,36.22,131.3,66.37,52.67,58.03,7.87,78.11,27.38,41.81,69.69,10.99,33.27,54.25,34.67,8.46,0.0,90.55,0,46.92,deterministic_fallback
mumbai,13.6,32.68,89.95,79.23,46.53,64.64,7.8,86.14,32.79,38.35,85.0,4.21,24.97,61.27,28.87,,1.0,84.25,0,36.6,deterministic_fallback
mumbai,11.92,27.15,91.63,74.02,29.49,57.91,8.97,95.62,60.22,38.67,51.93,6.28,30.1,64.33,36.63,3.12,0.0,77.92,0,52.25,deterministic_fallback
mumbai,7.61,36.25,135.15,73.13,,61.74,6.85,74.46,51.57,42.12,85.43,12.2,30.36,61.33,34.96,2.42,1.0,67.69,0,64.45,deterministic_fallback
bangalore,15.85,30.0,65.02,58.69,32.58,,10.06,78.38,11.14,34.26,72.17,7.26,25.78,42.52,24.65,6.25,0.0,90.02,0,36.46,deterministic_fallback
hyderabad,12.63,31.93,94.39,66.01,38.81,76.97,8.64,74.71,32.88,37.22,87.31,9.3,31.4,52.74,43.15,0.0,0.0,,0,65.08,deterministic_fallback
delhi,2.93,30.79,174.12,48.5,31.99,94.56,11.63,86.83,43.68,27.18,87.38,3.95,23.06,,34.28,4.67,1.0,87.93,0,48.1,deterministic_fallback
bangalore,16.99,30.84,63.72,,42.56,62.37,9.43,86.73,49.46,35.28,68.44,6.11,21.31,49.17,31.87,1.32,1.0,62.06,0,57.36,deterministic_fallback
kolkata,17.01,26.27,135.08,87.39,26.27,83.97,11.17,87.98,47.83,37.98,76.79,5.71,30.81,48.98,28.86,7.92,1.0,100.0,0,43.71,deterministic_fallback
chennai,10.7,40.18,86.8,81.5,60.0,74.17,,77.63,43.29,47.83,95.79,9.27,28.87,50.33,16.55,7.53,0.0,96.39,0,30.0,deterministic_fallback
bangalore,20.11,23.28,45.6,67.67,23.28,86.04,9.49,87.52,33.86,40.69,89.86,8.94,23.61,62.29,17.93,6.11,1.0,,0,47.44,deterministic_fallback
delhi,7.69,42.79,258.57,40.89,56.67,66.01,8.4,78.75,45.16,30.09,76.27,12.6,29.54,60.46,42.05,0.78,1.0,60.14,0,81.09,deterministic_fallback
kolkata,15.32,,119.41,75.24,41.9,60.55,9.67,83.21,53.71,37.29,81.82,4.11,23.8,72.04,59.41,0.05,2.0,49.99,0,79.64,deterministic_fallback
delhi,15.58,41.29,192.35,39.29,41.29,52.41,8.78,76.17,49.01,37.69,61.38,9.51,26.8,55.61,46.14,4.05,0.0,72.95,1,67.16,deterministic_fallback
delhi,11.72,35.19,210.31,57.22,44.28,57.44,8.8,84.05,43.09,35.77,72.79,8.68,30.27,69.68,49.48,3.03,0.0,75.72,1,73.09,deterministic_fallback
kolkata,19.37,30.8,96.52,79.47,40.04,70.22,9.23,75.04,45.46,31.78,69.47,1.13,25.97,50.61,32.76,6.09,0.0,84.46,1,50.99,deterministic_fallback
bangalore,30.09,34.06,35.0,78.03,51.32,58.47,8.39,82.2,41.86,40.77,64.13,9.21,28.03,63.39,33.99,5.48,0.0,97.04,1,61.87,deterministic_fallback
chennai,4.4,35.0,86.78,75.44,53.6,74.12,11.05,73.55,48.98,41.87,76.82,9.49,24.93,62.21,44.7,3.05,0.0,69.95,0,53.62,deterministic_fallback
hyderabad,24.15,36.21,141.51,57.59,47.48,58.84,8.96,79.2,35.6,43.34,64.49,11.6,27.85,62.91,51.94,0.12,1.0,53.93,1,88.93,deterministic_fallback
hyderabad,12.91,29.74,103.85,49.68,30.62,60.95,10.13,88.39,30.59,31.33,71.66,6.27,19.75,42.44,,2.29,0.0,76.59,0,53.34,deterministic_fallback
delhi,8.67,35.82,153.66,52.11,43.62,61.7,8.2,83.52,53.51,36.71,68.84,8.91,27.76,62.77,38.23,3.45,0.0,86.16,0,42.41,deterministic_fallback
delhi,6.9,40.54,190.84,47.8,54.92,56.25,7.27,83.82,49.23,37.17,58.97,8.83,25.45,59.4,47.61,2.59,0.0,79.03,0,61.25,deterministic_fallback
delhi,16.94,32.37,150.12,57.57,37.19,53.07,9.56,85.49,39.66,40.03,86.83,4.98,23.32,64.85,50.72,0.78,0.0,72.99,0,62.1,deterministic_fallback
mumbai,16.51,35.49,97.99,73.6,54.45,71.24,9.64,78.01,23.65,41.84,75.15,5.02,28.4,52.66,31.05,2.84,1.0,70.69,0,57.39,deterministic_fallback
kolkata,18.04,30.57,86.1,87.37,41.97,67.18,9.04,88.73,50.71,42.0,55.59,7.15,,59.74,43.46,0.0,0.0,61.54,0,57.93,deterministic_fallback
delhi,5.9,36.1,195.31,62.6,49.94,74.59,9.04,91.88,33.92,39.6,75.44,7.32,30.25,58.68,24.15,4.4,1.0,92.52,0,50.32,deterministic_fallback
bangalore,8.82,26.02,,70.89,26.02,94.17,9.62,87.81,38.54,26.87,96.02,6.75,25.0,40.65,22.85,8.15,0.0,100.0,0,34.94,deterministic_fallback
chennai,21.01,30.83,126.82,81.96,40.98,74.2,7.75,82.21,37.12,35.88,88.97,7.0,34.82,53.57,28.58,8.31,3.0,93.82,0,61.64,deterministic_fallback
chennai,9.91,31.9,70.54,79.37,43.74,82.11,10.2,83.25,15.85,37.5,75.15,7.52,29.95,37.45,22.22,7.86,1.0,100.0,0,46.26,deterministic_fallback
bangalore,22.1,26.66,62.6,84.95,26.66,,9.79,90.23,31.38,28.86,71.16,4.29,20.35,54.52,28.0,5.45,1.0,89.26,0,46.09,deterministic_fallback
bangalore,13.16,25.55,36.31,72.02,25.55,71.83,10.51,84.09,39.33,34.34,67.7,9.89,16.16,52.74,33.43,5.6,2.0,71.73,0,55.67,deterministic_fallback
kolkata,17.87,40.25,99.66,88.03,60.0,59.35,7.9,59.98,46.87,41.55,62.61,2.26,21.71,46.13,37.69,0.0,2.0,54.12,0,64.05,deterministic_fallback
hyderabad,4.37,35.17,138.84,58.06,44.61,58.38,8.32,88.37,29.64,45.93,65.18,6.35,28.65,60.37,57.23,0.85,2.0,68.78,0,73.37,deterministic_fallback
chennai,4.43,31.98,87.1,68.16,39.68,87.09,10.27,91.09,29.93,31.32,63.71,5.09,16.7,43.94,33.88,5.73,1.0,89.6,0,44.3,deterministic_fallback
kolkata,11.52,27.35,91.61,72.26,29.69,81.91,8.9,93.46,48.37,32.03,74.73,6.12,22.14,41.55,22.12,7.03,0.0,93.91,0,23.79,deterministic_fallback
chennai,26.3,30.04,81.13,86.24,39.68,74.61,9.99,,60.8,44.44,82.13,6.0,31.7,55.03,33.61,7.99,2.0,100.0,0,61.17,deterministic_fallback
mumbai,33.9,38.67,75.58,72.65,60.0,57.5,7.68,73.04,57.91,41.85,70.06,4.54,28.6,59.2,43.97,4.94,2.0,79.72,1,68.1,deterministic_fallback
bangalore,10.75,24.24,35.0,74.83,24.24,72.87,11.65,86.52,33.0,35.33,73.64,7.41,27.1,33.69,40.31,0.54,2.0,62.17,0,67.41,deterministic_fallback
mumbai,15.3,32.35,139.94,82.55,46.82,84.93,8.41,89.01,31.17,39.15,94.57,6.45,25.58,50.0,23.62,7.36,0.0,98.46,0,33.51,deterministic_fallback
hyderabad,14.13,32.36,71.53,66.47,40.16,64.42,7.97,74.42,47.59,36.23,90.82,7.75,24.29,57.22,57.1,1.68,4.0,58.32,0,83.73,deterministic_fallback
kolkata,20.31,30.39,135.69,78.51,38.42,61.37,9.04,81.14,43.77,38.49,69.18,4.1,37.57,54.2,51.22,0.6,2.0,61.46,0,74.1,deterministic_fallback
bangalore,19.22,22.27,78.21,63.21,22.27,81.65,10.83,86.03,48.41,31.28,86.06,11.42,24.66,34.09,20.56,6.15,2.0,91.77,0,52.38,deterministic_fallback
bangalore,20.35,23.39,57.07,72.65,23.39,39.81,6.8,89.14,58.9,44.46,69.62,7.55,31.61,53.34,40.39,1.27,2.0,70.27,0,76.48,deterministic_fallback
mumbai,9.01,27.8,117.25,76.38,31.11,82.17,11.03,,45.51,24.91,68.8,0.0,27.2,46.46,37.82,2.23,0.0,69.09,0,46.11,deterministic_fallback
kolkata,4.04,26.85,107.5,71.47,28.72,67.36,10.17,82.81,37.01,34.16,67.86,7.23,31.44,60.71,30.03,6.23,1.0,89.34,0,46.7,deterministic_fallback
mumbai,23.46,37.14,135.44,95.39,60.0,67.11,6.92,73.07,33.64,36.7,80.36,6.2,24.69,28.35,20.79,8.91,0.0,100.0,0,24.84,deterministic_fallback
mumbai,19.58,31.93,102.69,73.24,41.41,88.99,9.26,89.4,18.5,34.2,90.35,4.87,31.54,39.58,29.65,8.05,1.0,94.29,1,61.53,deterministic_fallback
delhi,,34.53,171.49,41.54,36.8,57.06,8.9,82.66,40.08,37.21,57.12,9.94,24.54,42.43,40.95,0.49,2.0,47.51,0,76.22,deterministic_fallback
mumbai,9.91,31.43,100.51,76.86,41.16,61.13,8.08,72.84,42.21,,69.62,9.49,32.19,54.55,38.25,1.32,1.0,57.91,0,66.59,deterministic_fallback
bangalore,17.85,30.43,,79.45,38.83,60.39,7.64,78.46,31.33,40.07,74.74,7.84,23.94,62.7,34.19,6.72,1.0,83.22,0,43.22,deterministic_fallback
bangalore,5.32,23.33,83.66,51.09,23.33,79.44,10.78,82.42,68.33,35.3,,6.55,25.54,54.98,34.45,1.95,3.0,56.34,1,82.92,deterministic_fallback
delhi,16.71,39.37,,59.7,59.87,45.43,7.14,71.41,48.51,43.05,73.01,8.71,30.62,42.93,41.36,,1.0,53.83,1,74.19,deterministic_fallback
mumbai,11.67,26.8,129.33,71.64,28.64,84.1,9.8,87.57,29.79,33.41,81.22,3.01,28.15,49.47,42.18,4.59,1.0,86.51,0,57.92,deterministic_fallback
mumbai,22.44,35.98,71.7,81.91,60.0,79.31,8.86,68.48,63.44,41.06,94.2,7.8,24.72,40.28,27.02,4.74,1.0,78.09,0,51.47,deterministic_fallback
delhi,13.52,35.5,181.79,44.67,39.78,66.46,10.04,91.13,38.36,35.69,69.22,10.24,19.29,52.89,27.61,8.24,1.0,100.0,1,52.48,deterministic_fallback
mumbai,17.89,29.45,109.13,95.37,40.25,57.6,7.75,,54.35,31.16,65.25,9.9,27.81,44.08,28.49,3.73,1.0,67.43,0,50.17,deterministic_fallback
hyderabad,3.69,27.48,111.99,59.29,,86.26,11.2,89.96,31.37,36.15,83.05,3.53,24.25,30.15,,7.49,0.0,93.97,0,29.22,deterministic_fallback
mumbai,10.37,25.71,127.85,73.16,25.71,89.18,11.75,88.21,34.63,32.36,89.28,7.06,24.65,58.19,39.08,3.51,1.0,75.06,0,54.96,deterministic_fallback
delhi,6.03,29.96,192.54,,30.55,73.34,10.98,96.74,42.03,34.25,62.82,5.48,35.78,64.54,38.96,7.51,2.0,94.6,1,68.05,deterministic_fallback
delhi,10.65,33.3,149.41,50.57,37.07,68.28,9.2,,56.29,30.66,78.91,6.92,23.62,46.44,29.22,4.95,0.0,92.79,0,30.13,deterministic_fallback
bangalore,15.55,27.14,35.0,70.67,29.16,67.51,8.4,81.85,54.31,36.41,74.56,5.07,25.27,52.22,34.8,5.23,2.0,74.71,0,53.13,deterministic_fallback
mumbai,24.02,26.26,133.85,83.43,26.26,79.52,9.18,85.92,38.23,30.69,86.93,4.55,16.04,,32.56,7.99,0.0,100.0,0,29.63,deterministic_fallback
mumbai,8.53,24.57,89.86,78.67,24.57,88.38,,96.95,5.0,34.79,86.85,6.93,19.03,21.98,16.21,7.93,0.0,86.69,0,32.07,deterministic_fallback
kolkata,12.61,27.32,121.25,70.99,29.5,84.98,11.68,83.51,40.85,33.46,74.63,5.31,29.6,34.39,39.87,2.99,1.0,78.03,0,47.5,deterministic_fallback
mumbai,25.41,27.75,145.89,77.31,31.11,61.09,8.91,,33.85,35.64,78.65,5.54,25.02,58.13,50.68,4.67,2.0,66.51,1,82.88,deterministic_fallback
bangalore,22.79,23.8,51.75,74.68,23.8,69.49,9.26,84.66,51.04,29.77,69.3,8.5,28.2,40.86,16.39,5.33,2.0,82.03,0,56.9,deterministic_fallback
bangalore,7.21,,60.61,63.22,25.4,75.22,11.15,85.59,33.88,35.67,80.4,2.45,21.55,63.7,53.78,1.0,3.0,63.09,0,70.94,deterministic_fallback
delhi,19.54,38.73,162.46,55.95,54.73,62.47,7.87,83.16,35.78,42.29,84.34,6.74,25.75,51.49,39.77,1.93,1.0,73.31,0,69.87,deterministic_fallback
bangalore,15.23,29.72,145.96,69.47,34.25,79.79,11.84,83.01,,35.49,,2.94,23.42,56.92,25.41,4.94,1.0,69.45,0,46.04,deterministic_fallback
chennai,19.03,39.86,88.19,73.78,60.0,41.55,7.46,64.44,63.18,43.3,65.83,4.46,33.86,64.74,45.96,0.0,3.0,47.47,1,90.22,deterministic_fallback
chennai,9.78,28.79,106.78,84.34,35.09,87.59,11.59,83.17,19.01,29.91,75.61,9.43,23.92,49.1,39.15,5.12,0.0,90.55,0,49.27,deterministic_fallback
delhi,2.95,,155.87,35.33,30.18,,10.8,84.31,41.72,40.38,83.08,5.04,21.93,39.7,34.45,4.12,0.0,85.75,0,43.6,deterministic_fallback
delhi,8.58,37.16,,44.28,43.41,78.88,10.41,98.64,39.3,32.32,74.6,5.66,28.07,33.34,39.84,5.23,0.0,88.0,1,55.68,deterministic_fallback
delhi,12.36,34.85,182.83,59.85,44.52,64.03,9.13,82.97,49.99,,64.7,10.21,31.44,73.01,,7.14,1.0,75.63,1,70.17,deterministic_fallback
bangalore,10.05,29.43,35.0,83.44,36.82,73.31,9.92,90.42,30.81,28.67,83.19,10.69,25.61,40.9,34.33,2.32,0.0,81.04,0,48.72,deterministic_fallback
hyderabad,26.33,31.92,125.62,78.39,43.42,76.76,9.91,83.17,53.68,35.62,68.15,8.54,29.2,45.93,56.02,7.58,0.0,100.0,0,53.77,deterministic_fallback
delhi,12.13,42.16,202.18,50.37,,62.84,9.13,75.2,37.23,49.63,80.35,10.86,28.39,56.98,46.65,7.27,2.0,88.99,0,70.88,deterministic_fallback
delhi,11.66,38.22,212.44,53.6,51.45,78.47,9.56,84.25,35.68,35.28,57.9,,32.25,36.37,36.19,7.96,2.0,92.6,0,65.81,deterministic_fallback
kolkata,,36.26,119.04,89.12,60.0,51.61,6.27,77.88,45.36,40.21,79.25,7.64,28.95,52.37,34.04,6.96,0.0,97.53,1,47.45,deterministic_fallback
mumbai,17.13,30.16,113.86,89.57,41.18,68.69,9.91,84.43,63.81,39.27,74.02,7.44,29.92,47.53,34.16,3.82,1.0,,1,61.93,deterministic_fallback
bangalore,5.63,26.18,70.53,70.96,,,9.52,86.94,27.85,38.9,55.58,7.6,30.63,59.55,35.26,3.22,0.0,78.58,1,55.2,deterministic_fallback
hyderabad,12.98,31.6,152.96,66.45,38.1,77.88,9.29,82.58,49.95,39.8,80.88,9.25,24.86,60.94,39.06,6.91,3.0,81.07,0,71.75,deterministic_fallback
mumbai,9.84,26.18,,82.47,26.18,85.91,10.92,90.08,42.32,36.02,69.64,3.9,37.27,57.41,24.98,8.31,1.0,99.11,0,39.55,deterministic_fallback
mumbai,22.54,37.58,120.08,83.98,60.0,66.44,9.64,72.12,44.79,37.62,72.16,5.42,28.61,52.82,32.68,1.5,1.0,65.0,0,54.36,deterministic_fallback
mumbai,6.83,32.84,96.4,71.2,43.48,79.57,9.26,96.41,20.91,32.35,70.82,5.25,25.62,46.49,46.32,3.07,0.0,76.14,0,51.95,deterministic_fallback
kolkata,16.72,29.85,123.09,79.7,37.13,75.28,11.91,92.41,24.11,28.07,60.96,4.37,22.38,45.23,45.47,4.78,1.0,67.81,0,48.56,deterministic_fallback
mumbai,12.6,35.48,90.21,74.83,55.2,45.41,7.14,70.07,47.25,37.41,60.16,7.98,33.09,43.71,30.68,0.0,0.0,65.66,1,65.38,deterministic_fallback
mumbai,13.7,29.78,145.16,69.58,34.41,68.89,11.51,79.58,36.64,36.87,63.34,8.21,35.57,73.5,41.25,2.92,0.0,83.64,0,52.62,deterministic_fallback
mumbai,18.15,23.13,127.11,66.24,23.13,80.5,,81.05,56.84,33.6,80.84,7.49,28.12,56.03,52.11,1.08,2.0,66.52,0,86.81,deterministic_fallback
mumbai,17.0,35.95,104.95,75.97,58.0,75.2,,70.16,30.49,42.48,85.65,5.85,22.93,54.61,39.23,5.97,0.0,96.13,0,38.1,deterministic_fallback
hyderabad,12.62,28.18,103.5,56.9,29.36,91.52,11.57,81.97,47.73,34.06,97.43,10.29,26.99,64.18,30.61,4.06,2.0,72.7,0,61.06,deterministic_fallback
delhi,0.0,32.47,191.95,49.84,35.21,74.07,9.71,81.24,,33.14,69.82,7.65,25.81,56.65,45.5,4.84,0.0,85.3,0,56.69,deterministic_fallback
bangalore,27.64,29.41,35.0,74.66,34.66,70.31,11.11,82.64,42.3,33.2,63.52,7.27,24.79,47.18,40.89,0.0,1.0,66.54,0,66.51,deterministic_fallback
hyderabad,18.87,36.48,86.51,61.01,50.29,59.13,8.68,78.0,35.51,40.24,77.8,7.3,25.01,58.9,35.47,5.44,1.0,89.3,0,54.34,deterministic_fallback
chennai,16.91,37.37,62.95,73.3,60.0,61.84,7.56,75.33,45.97,40.77,75.1,8.54,20.75,40.51,19.71,7.1,2.0,97.45,0,43.75,deterministic_fallback
mumbai,24.01,35.03,120.6,72.6,51.99,60.75,7.14,75.57,54.33,33.24,71.0,8.69,33.97,44.25,10.0,6.24,1.0,82.2,0,38.07,deterministic_fallback
chennai,5.28,35.04,79.54,81.44,57.72,78.32,10.32,70.68,33.42,41.06,80.69,4.74,32.33,49.13,20.32,7.27,0.0,90.69,0,46.09,deterministic_fallback
hyderabad,18.94,26.91,87.29,58.7,27.88,67.65,10.94,89.9,51.36,36.05,78.04,11.79,,51.59,47.2,0.91,3.0,52.45,0,88.14,deterministic_fallback
mumbai,8.23,29.45,119.54,75.19,34.87,67.73,9.6,87.36,44.98,35.98,55.47,7.57,23.99,51.91,,4.58,1.0,72.66,0,54.35,deterministic_fallback
chennai,26.27,28.09,86.37,74.61,31.49,69.38,10.38,81.97,39.44,39.75,68.16,5.34,33.0,71.38,42.9,3.98,0.0,71.06,1,65.88,deterministic_fallback
chennai,8.96,37.64,66.67,68.86,60.0,77.13,8.58,69.46,44.63,40.56,66.75,2.34,29.22,43.37,32.93,8.13,0.0,100.0,0,28.07,deterministic_fallback
,4.09,28.81,184.41,45.08,,63.33,9.91,77.39,38.88,34.09,,8.85,25.23,63.26,35.05,5.22,2.0,81.2,0,59.17,deterministic_fallback
kolkata,16.71,29.7,135.44,77.84,36.2,95.0,11.21,80.71,8.05,35.44,83.15,10.53,28.74,42.32,27.9,,1.0,95.51,0,42.29,deterministic_fallback
bangalore,34.13,23.25,90.83,68.43,23.25,51.8,8.88,90.12,50.51,43.88,79.64,10.01,35.4,67.94,28.2,0.18,0.0,65.32,1,66.85,deterministic_fallback
hyderabad,15.4,27.41,77.86,64.48,29.02,75.17,7.58,92.58,19.57,30.07,71.31,8.68,27.85,37.04,21.94,4.45,0.0,72.24,0,37.42,deterministic_fallback
kolkata,16.32,30.42,47.21,85.56,40.79,77.8,9.99,82.4,24.59,32.47,79.03,8.26,21.08,39.66,16.98,6.47,,88.39,0,36.14,deterministic_fallback
delhi,17.72,35.26,169.53,62.79,47.28,48.31,8.85,85.32,53.48,44.81,51.25,8.35,34.85,74.31,53.9,0.0,1.0,56.15,1,89.95,deterministic_fallback
chennai,9.94,35.5,89.76,84.49,60.0,53.37,7.41,75.73,45.91,40.86,67.41,3.27,35.98,64.88,32.06,4.26,3.0,70.54,0,71.4,deterministic_fallback
delhi,,37.01,189.39,66.64,55.86,46.39,7.0,74.76,41.92,40.34,71.31,7.31,32.21,63.97,44.17,2.29,1.0,58.53,1,79.01,deterministic_fallback
chennai,17.01,30.7,109.65,79.83,39.83,51.76,7.66,86.47,51.79,36.33,56.54,10.06,38.18,42.51,40.0,,0.0,,1,74.27,deterministic_fallback
hyderabad,6.72,,89.65,62.88,38.72,67.02,9.54,89.29,33.7,32.52,90.17,,24.64,46.95,25.06,5.45,1.0,80.2,0,45.17,deterministic_fallback
mumbai,14.98,36.81,158.34,75.3,60.0,47.05,7.03,73.57,39.63,47.11,76.68,6.49,23.41,57.66,50.7,2.18,2.0,71.86,1,79.86,deterministic_fallback
bangalore,18.1,31.22,65.36,76.06,40.2,74.89,10.6,81.82,,33.15,64.5,5.47,21.93,43.52,36.79,2.95,1.0,73.61,0,52.69,deterministic_fallback
delhi,7.92,32.29,145.33,44.38,33.58,63.82,10.67,82.75,62.14,32.86,57.67,6.81,23.71,63.47,49.49,1.98,2.0,70.67,0,60.77,deterministic_fallback
mumbai,13.1,27.01,159.54,67.28,28.64,72.28,9.71,79.38,13.2,31.61,69.27,6.37,27.51,35.82,17.63,6.24,0.0,89.85,0,31.46,deterministic_fallback
mumbai,25.99,34.22,,92.29,60.0,65.43,8.5,66.95,62.95,42.24,65.09,8.07,33.91,42.55,43.13,4.48,0.0,82.64,1,65.8,deterministic_fallback
delhi,10.34,35.04,187.54,39.83,35.04,83.28,10.11,97.9,31.64,32.68,62.01,7.93,25.5,34.47,35.12,5.02,1.0,84.77,0,48.46,deterministic_fallback
mumbai,11.3,27.69,176.12,82.41,31.66,71.27,9.97,81.93,39.59,39.2,62.95,5.88,31.2,66.8,32.53,7.09,1.0,89.55,1,52.2,deterministic_fallback
mumbai,12.48,33.98,141.37,71.96,47.72,78.01,9.03,69.03,37.44,35.5,73.78,,36.82,50.87,47.27,5.26,1.0,78.04,1,71.98,deterministic_fallback
chennai,17.66,30.56,96.39,84.43,40.91,79.94,11.11,86.85,,40.69,77.98,6.65,,49.09,41.42,0.5,2.0,46.29,0,62.58,deterministic_fallback
hyderabad,30.51,37.04,91.35,70.54,58.76,54.34,8.4,73.95,38.91,34.91,62.52,9.25,27.51,47.78,48.43,0.82,0.0,61.59,0,66.92,deterministic_fallback
chennai,9.68,33.67,113.14,79.01,50.29,76.2,8.87,81.46,50.68,36.17,85.45,6.79,25.58,57.5,18.94,,1.0,100.0,0,39.32,deterministic_fallback
delhi,12.54,29.15,171.28,59.97,31.28,72.41,11.09,84.62,42.4,32.58,67.98,10.7,19.53,40.57,43.44,2.24,1.0,77.34,0,65.65,deterministic_fallback
kolkata,19.82,30.37,120.59,82.64,39.65,70.61,10.36,90.26,16.54,30.95,80.31,7.73,14.8,36.33,27.58,3.66,3.0,62.03,0,64.32,deterministic_fallback
hyderabad,8.25,30.35,118.51,76.53,37.71,73.06,,92.55,49.47,33.2,66.79,8.11,32.49,48.7,38.51,2.97,0.0,63.54,0,52.07,deterministic_fallback
mumbai,26.55,33.17,146.91,86.09,52.1,66.77,8.27,74.34,54.03,36.58,79.38,8.51,24.84,53.32,38.45,7.14,3.0,89.91,0,58.78,deterministic_fallback
mumbai,9.36,30.22,136.97,71.54,35.99,79.46,9.85,92.36,24.34,35.18,79.85,11.88,26.37,59.32,40.22,6.97,0.0,94.53,0,50.24,deterministic_fallback
hyderabad,12.56,26.02,138.04,59.56,26.02,75.4,8.75,91.32,,34.76,88.37,6.93,28.53,43.22,32.96,4.04,2.0,63.57,0,65.98,deterministic_fallback
mumbai,22.59,27.47,143.27,78.59,30.65,70.69,9.97,79.84,56.99,35.9,81.68,,23.31,66.74,,6.26,1.0,65.22,0,48.51,deterministic_fallback
bangalore,7.66,28.4,79.94,66.61,30.96,77.89,9.43,95.98,17.37,28.66,77.6,6.29,19.64,41.58,29.96,3.23,0.0,70.13,0,38.27,deterministic_fallback
kolkata,10.27,32.48,110.14,68.56,41.29,61.9,9.11,89.42,44.0,32.04,,1.69,24.9,39.66,32.92,4.84,2.0,73.44,0,53.52,deterministic_fallback
mumbai,11.46,30.46,159.36,82.01,39.76,78.48,10.57,78.72,28.94,37.2,74.03,7.1,24.32,35.06,23.96,8.43,1.0,88.94,0,42.19,deterministic_fallback
mumbai,17.71,34.25,81.39,68.33,46.79,66.6,,90.9,47.05,39.37,69.19,9.3,21.22,34.43,13.28,5.95,0.0,94.2,0,35.77,deterministic_fallback
kolkata,9.78,27.61,140.2,61.58,29.04,63.19,10.18,,29.04,30.15,62.91,8.06,27.37,39.93,37.46,0.85,4.0,45.01,0,88.54,deterministic_fallback
hyderabad,7.83,32.17,35.0,55.87,36.25,59.91,10.06,,53.24,37.16,77.24,10.29,25.54,54.79,27.55,4.95,0.0,84.87,0,43.45,deterministic_fallback
mumbai,13.49,40.04,141.78,73.03,60.0,68.0,8.34,79.65,35.01,38.74,79.81,9.03,28.2,39.42,31.47,6.46,1.0,100.0,0,51.9,deterministic_fallback
kolkata,3.93,33.58,118.23,74.42,47.53,,10.28,85.14,31.83,42.52,75.11,7.87,29.69,53.63,46.67,0.62,2.0,58.06,0,73.37,deterministic_fallback
kolkata,9.8,30.45,,56.96,33.07,82.78,10.58,87.36,27.44,33.6,,9.27,30.73,44.18,44.27,3.51,0.0,77.34,0,54.25,deterministic_fallback
bangalore,25.29,27.42,104.77,63.22,,72.3,9.85,78.99,55.43,,75.12,8.7,28.32,42.83,41.18,0.89,2.0,57.83,0,76.87,deterministic_fallback
hyderabad,6.6,21.3,70.4,57.14,21.3,68.64,10.7,86.24,33.43,40.53,66.18,5.65,24.51,,15.03,5.98,0.0,94.21,0,34.36,deterministic_fallback
delhi,10.04,39.29,182.63,44.73,49.17,51.98,7.27,73.79,61.08,38.14,71.59,7.95,,72.96,50.07,0.98,2.0,62.73,1,91.92,deterministic_fallback
mumbai,4.95,29.9,151.66,81.5,37.79,87.14,10.41,89.84,,38.08,82.14,0.49,26.33,63.4,36.33,5.09,1.0,74.59,0,46.9,deterministic_fallback
hyderabad,23.04,30.04,82.43,70.98,35.38,61.17,8.66,82.54,25.03,39.11,82.09,11.31,24.21,40.13,42.32,0.0,1.0,55.32,0,69.54,deterministic_fallback
delhi,5.45,29.55,156.93,53.57,30.93,86.71,10.81,83.3,35.33,34.25,77.72,5.66,20.66,39.43,41.12,7.79,1.0,89.34,0,43.63,deterministic_fallback
hyderabad,4.36,26.81,126.75,66.56,28.29,82.4,9.33,75.56,46.61,34.58,71.99,2.98,16.53,73.53,43.69,1.82,0.0,68.4,1,60.44,deterministic_fallback
chennai,20.04,36.07,111.41,84.48,60.0,68.17,8.74,71.6,,38.18,83.99,6.33,25.59,50.79,39.35,2.84,0.0,87.84,0,44.32,deterministic_fallback
mumbai,16.24,30.23,128.67,71.15,,78.64,9.9,85.99,38.49,26.99,79.87,11.4,25.37,,34.33,,3.0,86.41,0,56.53,deterministic_fallback
hyderabad,14.23,34.17,129.03,62.65,43.83,41.91,7.97,72.76,58.39,45.85,56.34,7.07,25.5,67.66,48.94,1.88,1.0,66.29,0,62.38,deterministic_fallback
delhi,12.29,34.77,171.98,57.94,43.44,53.78,9.09,69.88,61.35,32.55,51.7,8.72,34.95,53.41,39.61,1.05,0.0,75.54,0,54.22,deterministic_fallback
kolkata,14.99,31.7,141.38,78.71,42.77,95.0,12.03,88.79,51.67,39.84,97.19,11.54,17.84,52.47,24.82,7.74,2.0,91.31,0,37.89,deterministic_fallback
delhi,0.88,34.71,167.5,42.75,37.5,57.61,7.25,74.76,64.89,24.95,52.95,7.97,17.4,31.69,45.21,0.07,1.0,47.04,0,64.75,deterministic_fallback
hyderabad,16.9,36.25,92.53,63.6,51.04,70.28,9.09,71.26,42.19,47.9,73.06,6.2,23.85,43.86,25.23,3.82,0.0,91.24,0,41.36,deterministic_fallback
bangalore,1.05,16.73,113.38,56.23,18.0,76.55,8.91,92.55,45.69,29.82,81.69,2.22,30.04,61.9,41.23,0.81,3.0,53.23,1,84.83,deterministic_fallback
delhi,0.54,29.61,148.78,40.34,29.28,68.68,,91.23,30.39,31.95,61.11,7.86,27.91,42.94,34.04,6.64,1.0,72.94,0,54.91,deterministic_fallback
hyderabad,12.96,30.17,60.97,53.7,31.93,65.96,10.77,87.7,71.74,41.59,61.84,5.41,29.15,64.3,37.58,1.73,0.0,58.76,0,60.31,deterministic_fallback
chennai,21.37,39.22,54.7,79.31,60.0,69.56,8.38,,31.48,35.6,67.18,8.48,19.29,33.25,22.6,8.33,3.0,96.83,0,48.91,deterministic_fallback
bangalore,14.14,34.66,96.34,70.88,49.58,70.12,9.69,83.15,63.47,41.84,90.49,6.66,24.13,57.87,54.11,1.69,0.0,58.7,0,56.15,deterministic_fallback
chennai,18.41,31.65,65.77,83.73,44.63,85.09,9.65,85.95,65.64,39.61,96.98,8.67,31.74,69.03,37.92,5.69,2.0,90.0,0,62.85,deterministic_fallback
kolkata,14.31,30.69,113.16,74.77,38.17,59.27,9.65,82.23,33.62,35.63,63.08,8.97,23.39,43.03,43.46,0.0,0.0,62.57,0,60.41,deterministic_fallback
bangalore,13.95,19.12,35.0,61.31,,71.28,9.35,77.65,55.22,39.29,78.5,2.6,26.1,53.98,35.73,1.86,1.0,71.77,0,47.09,deterministic_fallback
bangalore,14.08,31.44,86.11,73.32,39.91,60.08,9.2,74.87,51.52,36.35,76.07,7.42,28.23,62.87,49.41,2.11,0.0,69.93,0,57.57,deterministic_fallback
mumbai,11.22,,148.16,72.51,29.38,66.71,9.83,86.85,35.7,39.72,75.46,6.74,26.39,48.45,27.44,,1.0,94.92,0,45.38,deterministic_fallback
chennai,9.45,44.86,93.05,69.93,60.0,62.91,8.4,,38.67,40.21,64.05,6.82,19.2,41.4,19.17,7.8,1.0,96.28,0,36.94,deterministic_fallback
bangalore,17.8,23.84,62.97,54.57,23.84,72.43,8.03,81.84,39.25,40.89,,8.09,22.05,41.61,32.78,5.34,0.0,86.31,0,45.64,deterministic_fallback
,11.01,32.93,45.31,71.21,43.76,69.55,10.45,79.46,50.66,33.75,56.2,6.66,20.22,53.57,37.17,2.98,0.0,68.25,0,45.52,deterministic_fallback
mumbai,19.6,33.32,121.21,,56.21,58.23,10.19,79.86,64.89,38.85,73.22,5.61,25.62,56.1,48.49,1.08,3.0,,0,71.93,deterministic_fallback
kolkata,10.53,27.79,132.42,73.61,30.72,74.16,9.28,73.19,48.04,31.84,64.86,3.86,25.7,43.43,52.01,0.82,2.0,45.46,1,79.28,deterministic_fallback
delhi,10.28,35.12,149.36,58.0,44.44,74.71,10.71,82.58,33.36,33.77,82.67,2.86,27.61,61.57,34.87,2.41,0.0,79.6,0,48.32,deterministic_fallback
hyderabad,11.81,35.48,131.71,58.47,45.71,71.23,9.12,73.15,44.89,38.53,83.56,7.66,33.16,37.95,26.17,,1.0,78.24,1,65.24,deterministic_fallback
mumbai,17.12,29.4,131.86,65.25,32.67,73.03,9.52,85.22,20.13,31.56,66.5,7.77,17.85,35.14,30.25,5.54,0.0,90.74,0,37.45,deterministic_fallback
kolkata,17.44,34.8,117.51,,52.67,60.44,7.85,80.15,41.6,34.76,64.87,6.49,28.8,50.62,47.64,2.24,1.0,50.18,0,74.37,deterministic_fallback
mumbai,32.19,34.47,163.32,72.92,50.04,48.23,8.23,69.49,51.19,36.27,51.25,10.3,24.54,48.1,45.54,0.02,3.0,42.82,1,95.2,deterministic_fallback
mumbai,26.25,33.0,117.19,77.57,46.95,78.18,8.12,77.74,53.47,34.12,76.31,8.24,36.95,44.45,23.03,4.38,0.0,78.59,1,52.54,deterministic_fallback
chennai,10.02,32.32,119.59,78.16,44.74,65.93,9.91,79.98,58.16,38.68,80.11,6.54,26.9,41.11,41.98,1.75,2.0,67.18,0,61.07,deterministic_fallback
kolkata,17.82,27.1,189.47,97.22,31.86,66.53,9.36,88.5,50.75,,66.82,4.55,26.13,57.84,,3.31,0.0,70.63,0,50.74,deterministic_fallback
mumbai,15.87,31.5,82.21,67.82,38.27,72.13,,83.77,40.63,36.14,75.69,6.2,29.49,56.51,14.93,6.57,1.0,100.0,0,41.74,deterministic_fallback
bangalore,25.33,30.5,80.21,66.15,35.28,91.17,9.95,94.68,34.21,34.36,97.35,10.11,28.63,51.24,30.72,7.55,2.0,87.28,0,62.72,deterministic_fallback
chennai,15.27,,140.25,68.05,29.96,75.17,9.03,80.52,47.63,31.3,83.01,10.25,23.03,38.2,38.74,3.45,4.0,55.56,0,86.88,deterministic_fallback
kolkata,14.58,32.96,113.12,72.02,44.22,83.18,9.22,87.03,34.24,42.96,94.64,6.99,32.42,44.26,,8.98,1.0,98.18,1,60.08,deterministic_fallback
delhi,21.65,,162.48,51.5,,37.76,8.28,73.93,48.18,40.24,47.89,10.79,37.64,58.87,46.92,2.0,1.0,60.72,0,80.3,deterministic_fallback
bangalore,22.89,23.18,53.43,69.84,23.18,66.94,8.49,89.73,50.61,35.29,82.21,11.38,30.89,32.23,35.33,6.05,0.0,81.52,1,54.69,deterministic_fallback
chennai,22.25,32.51,81.7,61.27,38.73,80.39,11.51,97.86,54.45,32.44,81.22,4.98,24.86,36.49,28.14,7.63,1.0,100.0,0,45.17,deterministic_fallback
chennai,12.87,32.89,84.37,75.17,45.42,57.48,10.03,79.39,29.15,40.94,59.39,8.51,36.74,34.42,35.09,1.11,1.0,66.89,0,64.84,deterministic_fallback
chennai,23.2,38.34,84.26,66.21,60.0,57.96,,75.62,29.76,36.57,67.24,8.31,30.54,49.23,26.17,6.86,0.0,97.16,0,39.93,deterministic_fallback
bangalore,6.12,27.15,86.34,68.58,28.98,68.12,10.35,83.87,45.36,41.14,74.1,9.07,25.22,74.23,40.61,4.13,0.0,89.92,0,42.04,deterministic_fallback
mumbai,11.32,33.92,85.73,89.06,57.42,72.62,9.3,74.21,25.61,34.52,66.37,4.67,26.01,37.15,32.72,7.53,0.0,100.0,0,37.0,deterministic_fallback
kolkata,22.69,31.49,105.86,,45.23,51.12,9.03,75.14,35.65,48.21,63.93,8.7,31.82,58.36,31.32,2.01,3.0,52.39,1,89.61,deterministic_fallback
kolkata,,24.2,153.05,82.93,24.2,88.95,12.52,88.8,23.43,34.33,74.35,5.63,22.78,38.7,20.88,7.49,1.0,97.6,0,27.21,deterministic_fallback
chennai,13.58,35.55,121.2,70.86,52.92,72.4,8.48,72.4,47.54,29.01,84.18,7.89,25.15,32.65,22.92,6.66,0.0,84.74,0,41.25,deterministic_fallback
mumbai,17.99,30.22,96.84,79.97,38.34,73.65,11.08,79.25,59.09,35.59,69.48,9.71,19.74,70.05,42.35,5.44,1.0,79.88,0,45.21,deterministic_fallback
mumbai,33.09,31.03,129.13,85.15,42.9,33.2,7.41,57.84,89.68,45.32,63.65,13.02,41.81,,35.14,0.11,1.0,58.38,1,76.12,deterministic_fallback
chennai,7.61,29.09,136.15,,34.62,61.58,8.68,93.0,33.84,38.44,81.49,10.08,31.84,60.92,50.28,0.61,1.0,59.98,1,80.68,deterministic_fallback
mumbai,9.43,30.32,113.67,77.96,38.04,72.61,11.62,92.24,61.57,38.22,59.42,3.63,19.19,55.73,38.7,5.08,,65.23,0,64.94,deterministic_fallback
kolkata,33.89,36.32,104.6,85.45,60.0,37.49,7.19,75.13,58.46,44.28,75.16,7.65,,56.12,41.54,3.85,0.0,72.92,1,64.55,deterministic_fallback
delhi,11.14,39.35,210.26,39.36,39.35,77.71,8.35,78.49,35.84,34.6,72.98,11.03,29.24,53.0,,1.61,1.0,65.43,0,72.61,deterministic_fallback
hyderabad,14.86,35.3,145.04,53.31,42.81,77.19,9.54,76.06,41.69,42.25,82.15,9.41,37.61,57.59,,7.18,0.0,90.74,0,46.99,deterministic_fallback
kolkata,10.77,36.61,88.57,87.52,60.0,69.7,9.58,64.29,37.75,38.41,69.86,6.98,37.33,57.77,,3.38,1.0,81.64,0,56.51,deterministic_fallback
delhi,7.4,28.07,184.71,56.33,29.15,62.1,9.47,89.66,49.88,36.48,62.07,6.05,,64.43,28.87,3.43,0.0,86.87,1,55.63,deterministic_fallback
delhi,22.24,31.91,210.28,51.53,34.57,76.22,9.69,90.73,55.16,32.35,84.08,0.0,25.13,48.24,39.19,,1.0,61.63,0,63.96,deterministic_fallback
hyderabad,33.76,26.95,83.44,72.53,28.97,60.01,7.89,87.8,46.54,32.64,69.15,4.43,29.89,46.66,17.49,7.86,1.0,94.78,1,43.43,deterministic_fallback
hyderabad,22.33,34.61,57.66,63.85,45.73,60.41,8.66,85.27,60.44,36.99,61.8,6.68,26.28,54.92,44.76,2.85,0.0,86.19,0,47.81,deterministic_fallback
bangalore,11.05,25.39,97.03,67.02,25.39,62.82,11.05,85.31,62.08,34.24,73.28,6.57,32.95,67.69,51.08,1.92,2.0,62.27,0,79.72,deterministic_fallback
hyderabad,11.08,30.38,101.41,49.13,31.47,59.99,9.35,79.55,67.97,41.0,71.03,7.32,20.35,76.7,39.78,6.36,1.0,84.62,0,49.21,deterministic_fallback
kolkata,7.57,29.3,88.12,93.12,38.99,64.35,8.32,90.53,28.01,31.36,81.77,7.57,20.09,62.98,39.8,0.08,1.0,64.6,0,61.05,deterministic_fallback
bangalore,7.17,27.97,35.0,74.74,31.26,79.57,9.35,91.5,39.43,35.56,74.11,12.06,24.79,51.03,17.63,4.63,1.0,77.57,0,50.82,deterministic_fallback
mumbai,12.18,25.83,139.13,93.36,25.83,73.16,9.62,80.41,49.42,32.75,87.28,4.92,26.43,56.64,,4.65,0.0,92.27,0,34.68,deterministic_fallback
delhi,7.87,30.55,160.92,66.96,35.59,78.79,10.81,90.05,30.49,36.63,76.27,2.2,29.18,63.35,35.64,1.9,1.0,62.79,0,46.7,deterministic_fallback
delhi,5.0,32.36,193.56,39.1,32.36,67.08,10.77,86.46,30.98,37.24,72.01,5.92,35.69,74.78,36.16,6.15,0.0,86.97,1,61.32,deterministic_fallback
mumbai,14.95,34.64,125.29,68.92,48.44,66.81,9.36,76.07,39.1,34.77,81.28,10.95,23.29,43.41,56.95,0.0,3.0,56.13,0,88.56,deterministic_fallback
mumbai,21.44,30.99,120.61,56.81,34.06,83.88,10.24,89.74,44.18,41.66,72.63,7.26,24.24,60.37,41.54,7.94,0.0,99.22,0,35.77,deterministic_fallback
hyderabad,11.26,28.84,,66.25,31.73,84.35,9.56,89.62,30.15,27.25,75.99,8.8,19.93,20.69,24.97,7.02,2.0,87.47,0,53.26,deterministic_fallback
delhi,13.75,27.14,,55.35,27.91,50.51,8.94,88.94,39.67,38.71,73.64,6.83,26.08,59.19,31.99,0.98,0.0,53.15,0,65.08,deterministic_fallback
kolkata,21.33,35.02,123.39,83.49,59.01,58.96,8.48,65.84,72.65,44.95,76.12,6.76,34.18,55.08,30.11,3.61,,76.13,0,53.37,deterministic_fallback
delhi,4.21,30.91,160.33,39.53,30.91,75.2,11.97,89.33,35.4,32.58,,2.9,33.41,51.6,51.64,1.55,0.0,75.19,0,66.17,deterministic_fallback
mumbai,10.04,24.7,78.52,78.09,24.7,79.42,9.03,77.98,42.94,24.17,,6.03,28.15,23.88,34.94,4.76,2.0,70.8,0,54.96,deterministic_fallback
chennai,,26.51,86.65,79.46,26.51,53.65,8.22,81.86,66.65,35.1,70.01,9.83,35.23,56.4,40.62,3.06,3.0,69.6,1,90.8,deterministic_fallback
kolkata,13.64,27.03,121.39,88.35,30.65,53.46,8.84,86.32,24.77,,66.74,9.08,26.21,53.3,35.34,2.97,0.0,77.54,0,51.63,deterministic_fallback
delhi,20.41,34.0,193.9,52.82,39.37,75.69,10.71,89.94,61.98,37.94,76.57,9.93,27.6,48.84,30.09,7.89,1.0,93.11,0,49.17,deterministic_fallback
mumbai,13.08,31.26,154.12,84.36,43.43,63.47,9.55,82.96,48.0,35.57,70.33,12.15,28.68,,27.64,4.45,0.0,91.98,0,44.34,deterministic_fallback
mumbai,17.33,24.71,143.46,78.39,24.71,65.34,10.77,84.77,46.51,32.11,69.79,6.44,22.35,49.02,51.02,6.51,,,0,34.55,deterministic_fallback
bangalore,7.47,27.32,59.36,78.05,30.26,71.63,,93.96,52.89,41.06,75.95,7.11,25.64,52.56,41.44,6.21,1.0,84.88,0,60.47,deterministic_fallback
bangalore,12.96,26.5,,74.09,26.5,80.06,10.71,82.86,37.99,28.64,74.79,6.8,25.76,38.58,,4.12,2.0,71.9,0,48.59,deterministic_fallback
delhi,4.81,43.03,176.38,39.89,43.03,67.97,8.91,,50.98,37.62,76.9,4.91,21.25,57.65,33.62,0.61,5.0,46.38,0,90.37,deterministic_fallback
mumbai,17.55,25.79,86.62,90.52,25.79,66.9,8.22,75.18,22.56,37.28,74.81,8.79,33.87,53.85,43.0,0.43,0.0,69.34,1,68.75,deterministic_fallback
bangalore,8.71,26.28,53.15,78.5,26.28,92.54,11.04,83.37,39.5,25.23,97.38,5.42,19.87,,30.9,4.49,2.0,64.75,0,56.51,deterministic_fallback
kolkata,13.26,31.7,145.88,85.78,45.73,59.83,9.3,75.62,45.97,35.19,75.6,11.38,30.3,56.09,43.17,3.9,0.0,86.02,0,53.78,deterministic_fallback
hyderabad,15.31,28.98,115.17,61.47,31.23,66.78,9.8,,49.01,34.02,69.35,5.23,28.51,58.16,41.99,4.8,0.0,,0,48.07,deterministic_fallback
bangalore,23.04,28.49,133.16,83.11,33.94,75.14,10.4,88.58,39.77,40.9,76.18,7.49,37.03,63.22,23.73,,2.0,92.43,0,55.7,deterministic_fallback
mumbai,8.98,32.57,115.53,65.65,40.43,70.3,8.07,76.62,42.45,36.77,76.72,2.88,18.15,67.26,52.79,0.02,2.0,71.24,0,71.02,deterministic_fallback
delhi,8.18,34.85,226.2,59.58,44.42,81.71,9.91,77.37,33.12,29.36,83.04,9.68,30.52,43.11,38.96,5.13,1.0,78.22,0,61.5,deterministic_fallback
delhi,0.0,36.06,199.0,45.19,41.23,84.81,9.17,75.02,24.76,31.73,89.37,4.52,32.66,66.98,,5.93,1.0,76.91,0,52.25,deterministic_fallback
chennai,4.17,24.51,,83.1,24.51,76.83,10.19,83.54,39.83,27.59,66.8,6.16,24.11,34.92,31.92,5.03,0.0,86.48,0,35.48,deterministic_fallback
kolkata,13.5,27.32,117.72,83.04,30.81,82.19,11.25,77.76,,29.46,85.7,4.15,28.26,,48.11,1.98,1.0,,0,65.97,deterministic_fallback
kolkata,6.05,34.74,110.42,71.54,50.24,83.16,9.68,92.57,22.2,40.77,74.7,4.44,31.65,50.48,17.62,3.19,,75.18,0,51.12,deterministic_fallback
kolkata,14.69,34.42,129.9,78.2,52.91,49.52,8.21,82.88,58.1,46.26,61.76,5.24,,72.12,50.5,0.87,1.0,58.43,0,62.38,deterministic_fallback
kolkata,15.26,32.81,140.86,90.39,52.88,51.08,8.14,81.82,46.13,43.15,67.93,9.31,32.08,72.35,40.69,0.4,3.0,46.62,1,88.65,deterministic_fallback
kolkata,0.35,32.15,123.67,79.35,44.64,77.15,6.75,74.74,29.38,36.52,93.01,6.35,32.09,60.42,30.1,7.57,2.0,78.5,0,55.21,deterministic_fallback
mumbai,19.16,24.59,78.56,74.56,24.59,66.18,9.0,83.66,45.52,38.43,80.24,6.44,19.99,54.09,44.6,4.82,1.0,70.78,0,50.34,deterministic_fallback
mumbai,21.21,32.48,134.98,74.67,43.79,58.04,9.63,75.56,49.53,40.81,66.11,9.25,32.2,53.61,25.97,7.63,0.0,94.21,1,48.43,deterministic_fallback
delhi,15.79,39.41,147.17,55.4,56.7,51.17,7.55,85.97,,36.25,64.13,5.55,28.11,50.55,28.29,5.83,1.0,84.22,0,52.05,deterministic_fallback
bangalore,3.24,22.9,35.0,82.26,22.9,66.2,8.88,92.5,24.2,28.12,61.97,1.39,26.39,,28.47,2.21,1.0,82.81,0,44.98,deterministic_fallback
mumbai,15.88,40.24,83.42,62.14,60.0,73.22,8.63,65.93,56.02,43.12,71.24,4.08,23.4,46.46,26.64,6.92,0.0,81.99,0,27.63,deterministic_fallback
chennai,12.43,33.29,104.01,97.4,59.59,77.06,9.7,75.99,46.46,44.2,77.57,6.24,27.65,64.44,24.62,5.13,0.0,87.97,0,42.36,deterministic_fallback
hyderabad,11.15,24.75,78.32,60.52,24.75,53.31,9.19,74.69,53.88,38.03,61.75,6.28,21.71,58.84,38.98,1.87,0.0,65.52,0,56.18,deterministic_fallback
bangalore,6.54,28.51,89.81,73.17,32.2,66.43,10.92,81.19,62.87,34.39,67.0,7.5,21.34,74.3,43.13,0.0,2.0,55.96,1,84.72,deterministic_fallback
mumbai,11.36,28.12,136.76,75.42,31.69,93.61,,,11.93,29.4,91.35,6.59,28.41,41.02,37.67,6.04,,85.92,0,45.21,deterministic_fallback
delhi,3.99,36.93,225.01,49.29,45.22,71.4,8.57,87.14,40.95,37.14,90.11,10.57,23.9,,32.26,5.47,0.0,94.43,1,65.93,deterministic_fallback
mumbai,12.62,30.85,101.45,80.55,40.57,76.42,8.71,88.74,38.92,33.97,86.12,7.56,23.74,55.11,35.28,0.0,1.0,65.4,0,62.85,deterministic_fallback
chennai,8.2,30.09,59.74,66.26,34.37,82.74,12.14,84.27,57.84,28.89,57.83,3.42,30.56,56.32,31.33,3.9,1.0,,0,63.85,deterministic_fallback
hyderabad,3.94,37.25,70.81,51.87,47.46,91.33,8.3,82.17,21.63,32.88,97.55,0.0,23.51,43.49,22.15,7.7,0.0,100.0,0,31.01,deterministic_fallback
chennai,8.38,35.44,126.57,84.15,60.0,68.86,7.74,54.49,52.08,40.52,79.43,4.7,33.99,56.05,29.26,6.42,0.0,96.83,0,43.72,deterministic_fallback
delhi,26.86,32.98,201.37,38.73,32.98,68.62,12.28,97.34,37.87,43.86,74.95,9.36,26.45,59.12,32.8,6.98,0.0,100.0,1,49.69,deterministic_fallback
delhi,,34.08,,53.47,39.8,80.32,9.04,79.61,42.49,30.7,81.12,8.35,23.07,41.95,47.09,,0.0,72.09,0,53.19,deterministic_fallback
bangalore,9.77,27.46,121.73,65.82,29.23,80.59,11.5,84.91,45.48,35.06,79.17,6.16,22.96,57.93,34.55,1.06,2.0,65.95,0,63.53,deterministic_fallback
chennai,8.13,31.34,157.16,66.97,37.56,55.96,8.77,97.83,46.56,45.19,54.46,7.7,34.11,63.29,40.07,2.94,0.0,70.13,0,54.9,deterministic_fallback
chennai,11.26,32.15,94.92,90.68,49.94,65.06,9.0,71.59,30.6,34.06,70.35,10.04,25.76,52.44,32.06,4.76,2.0,70.21,0,59.79,deterministic_fallback
mumbai,9.99,31.58,155.64,71.16,39.61,79.06,11.25,87.23,30.84,34.54,73.9,7.08,28.83,31.07,32.32,6.74,1.0,100.0,0,45.46,deterministic_fallback
kolkata,15.89,29.9,120.14,73.23,35.58,70.3,9.4,86.74,57.71,32.5,63.22,8.01,,52.9,45.81,5.23,,70.88,0,65.97,deterministic_fallback
mumbai,16.01,22.25,145.9,77.79,22.25,71.12,9.88,88.55,62.08,37.2,79.17,10.45,18.76,56.39,37.06,0.0,1.0,,0,60.77,deterministic_fallback
kolkata,14.97,31.73,156.45,76.05,41.85,88.1,10.23,80.85,58.82,43.12,89.59,2.74,27.55,,19.72,5.26,1.0,69.09,0,46.56,deterministic_fallback
mumbai,14.13,24.64,79.73,79.18,24.64,54.71,8.85,90.05,52.6,39.32,71.8,10.86,21.77,60.47,35.76,1.22,1.0,57.87,0,59.4,deterministic_fallback
delhi,,31.49,159.0,50.99,33.67,,12.56,82.42,44.49,35.45,77.79,0.72,29.15,55.59,29.67,4.49,1.0,71.9,0,47.02,deterministic_fallback
chennai,11.52,26.1,83.53,76.8,26.1,67.37,11.1,,44.75,28.94,74.21,4.79,27.02,42.83,12.98,2.99,2.0,63.48,0,46.11,deterministic_fallback
mumbai,8.03,23.06,77.97,77.65,23.06,60.12,9.88,86.96,64.03,33.95,77.4,5.49,30.07,55.14,45.82,4.41,0.0,84.4,0,50.64,deterministic_fallback
bangalore,13.0,27.78,96.04,63.42,29.49,84.79,9.9,85.18,,32.67,87.22,2.77,25.94,54.23,38.4,4.56,1.0,,0,50.19,deterministic_fallback
bangalore,9.35,24.72,141.04,73.9,24.72,,12.26,87.22,46.15,28.64,,5.48,16.69,53.36,41.8,4.9,0.0,77.48,0,40.34,deterministic_fallback
delhi,2.38,31.68,193.55,48.3,33.41,64.61,9.68,79.54,31.7,23.12,74.35,6.91,22.58,41.22,44.92,0.58,0.0,59.12,0,60.0,deterministic_fallback
hyderabad,2.97,26.28,146.9,54.27,26.28,78.88,10.03,86.55,33.2,29.0,79.8,,25.94,44.75,32.83,7.57,0.0,100.0,0,38.28,deterministic_fallback
chennai,7.02,29.24,150.63,86.4,36.98,80.95,11.51,79.14,45.21,34.15,69.14,8.24,25.42,49.44,31.16,5.23,1.0,94.19,0,45.71,deterministic_fallback
kolkata,,33.13,134.12,81.07,49.23,56.94,7.39,76.19,40.1,45.97,69.12,7.85,32.86,69.48,45.53,3.46,3.0,75.31,0,73.59,deterministic_fallback
delhi,8.79,35.66,178.91,58.44,46.25,64.67,8.93,86.18,32.82,36.04,90.5,9.54,18.65,61.87,45.61,2.92,2.0,56.31,0,73.93,deterministic_fallback
bangalore,2.47,28.61,73.46,78.01,33.31,69.8,10.26,86.99,45.15,36.87,,8.05,28.66,65.99,38.2,0.22,1.0,67.55,0,62.58,deterministic_fallback
delhi,20.28,38.01,215.47,60.92,55.66,58.57,7.72,78.84,38.34,,68.82,8.05,25.13,41.3,44.1,3.8,0.0,92.45,0,56.47,deterministic_fallback
delhi,14.57,31.52,211.26,55.7,34.83,71.39,8.17,,49.52,32.66,,8.37,20.83,57.43,58.77,2.73,0.0,62.7,0,60.6,deterministic_fallback
mumbai,13.5,23.83,135.93,79.08,23.83,80.88,10.43,88.28,58.0,28.02,67.03,5.53,28.85,69.96,30.96,8.21,0.0,100.0,0,34.98,deterministic_fallback
kolkata,16.6,28.91,140.53,81.82,34.88,72.81,10.86,85.53,44.84,42.04,70.93,4.05,26.53,41.07,28.59,5.11,1.0,83.3,0,42.67,deterministic_fallback
kolkata,19.45,31.81,122.96,80.6,43.94,56.1,8.46,83.91,50.1,37.56,73.45,8.58,29.25,47.37,43.46,2.74,0.0,72.31,0,56.14,deterministic_fallback
chennai,9.79,29.28,49.61,57.45,31.11,64.81,8.59,91.87,42.46,34.81,75.05,3.19,29.33,51.49,43.63,0.0,2.0,55.14,0,71.32,deterministic_fallback
bangalore,16.85,24.78,100.63,,24.78,79.99,11.5,86.79,5.0,40.43,74.52,7.14,32.48,70.96,33.95,4.31,0.0,84.95,0,41.56,deterministic_fallback
bangalore,10.71,25.12,56.93,70.81,25.12,77.76,10.99,86.82,28.53,42.27,70.07,,21.92,39.85,25.24,6.84,0.0,100.0,0,29.92,deterministic_fallback
bangalore,8.56,33.76,88.71,75.29,48.63,72.34,8.78,84.99,47.8,35.96,80.66,6.72,25.3,51.53,24.25,4.27,1.0,85.6,0,55.43,deterministic_fallback
bangalore,19.25,26.28,95.74,68.6,26.28,86.34,10.88,81.57,36.28,31.88,75.1,6.33,37.43,55.94,36.39,5.19,2.0,67.73,0,65.78,deterministic_fallback
bangalore,13.68,29.33,35.0,74.41,34.39,64.18,10.02,,45.66,38.58,77.7,8.93,33.63,29.15,29.07,0.78,3.0,49.63,0,73.19,deterministic_fallback
mumbai,17.36,27.1,108.86,68.37,28.88,88.6,11.96,72.52,53.29,29.91,83.57,6.87,29.8,51.49,35.92,3.54,1.0,75.12,1,63.18,deterministic_fallback
mumbai,44.35,35.3,192.43,72.19,52.77,51.36,9.11,76.05,55.39,46.63,57.41,10.14,34.24,48.6,36.04,6.7,0.0,100.0,1,57.97,deterministic_fallback
kolkata,14.32,30.99,143.64,62.34,35.42,78.14,8.25,91.83,37.59,36.85,84.12,6.9,23.93,63.88,49.54,3.6,1.0,55.65,0,61.73,deterministic_fallback
bangalore,6.22,26.99,42.07,67.42,28.63,70.07,9.68,88.86,43.96,38.52,77.96,5.12,28.48,67.94,35.68,7.66,0.0,92.96,0,42.87,deterministic_fallback
kolkata,9.98,35.94,156.74,75.62,57.71,77.2,7.54,79.09,37.36,33.31,81.91,5.26,23.8,45.71,31.57,3.53,0.0,67.52,0,37.59,deterministic_fallback
mumbai,14.93,29.0,94.68,71.97,33.11,74.33,10.44,91.2,47.16,43.97,83.59,,29.53,45.86,30.87,6.91,1.0,80.4,0,49.53,deterministic_fallback
bangalore,14.85,24.39,35.0,71.87,24.39,95.0,9.97,97.59,16.34,36.65,96.44,6.35,22.2,71.37,,6.27,0.0,97.76,0,38.72,deterministic_fallback
mumbai,20.97,37.08,136.01,76.27,60.0,70.2,6.88,72.79,34.09,37.64,78.81,6.49,32.79,,35.73,8.08,1.0,91.63,0,54.5,deterministic_fallback
delhi,3.67,37.38,156.98,37.83,37.38,82.79,10.57,91.39,23.35,34.32,71.03,6.47,11.89,38.61,39.78,4.12,0.0,64.62,0,51.44,deterministic_fallback
mumbai,12.76,24.55,128.51,99.38,24.55,78.35,11.08,100.0,17.2,34.23,69.91,2.92,32.22,64.8,35.43,3.99,3.0,67.84,0,64.07,deterministic_fallback
mumbai,10.27,32.78,100.22,78.53,46.59,67.75,9.22,81.42,37.74,38.96,63.42,3.49,32.72,51.05,,2.44,0.0,87.45,0,52.75,deterministic_fallback
kolkata,20.86,30.68,144.57,74.0,37.93,82.29,9.88,77.86,26.89,,83.58,13.04,38.39,55.05,36.53,5.65,1.0,71.53,1,74.3,deterministic_fallback
delhi,3.99,38.15,184.47,43.96,45.72,,8.58,78.94,43.21,41.66,67.23,6.39,29.7,76.59,45.03,7.71,1.0,97.41,1,67.84,deterministic_fallback
hyderabad,5.96,33.27,47.28,57.09,39.15,81.43,9.3,88.31,26.82,29.42,81.09,3.48,20.72,33.37,28.25,1.46,1.0,75.89,0,52.48,deterministic_fallback
bangalore,14.08,22.4,114.51,67.72,22.4,62.4,9.78,77.1,46.16,30.58,78.51,6.85,25.9,46.92,30.01,8.58,1.0,97.32,0,43.76,deterministic_fallback
bangalore,16.86,26.57,52.64,79.77,26.57,76.12,10.91,83.3,39.15,28.24,62.48,9.06,26.58,36.06,28.34,8.3,1.0,100.0,0,42.44,deterministic_fallback
bangalore,23.99,31.68,99.81,69.28,39.23,77.3,9.87,83.98,24.74,41.2,91.03,9.44,29.94,56.63,38.37,5.65,1.0,79.59,0,67.88,deterministic_fallback
mumbai,15.56,32.8,118.54,,54.93,56.17,8.3,77.08,52.68,37.21,42.33,4.79,21.59,44.33,32.04,4.83,0.0,94.34,0,29.37,deterministic_fallback
kolkata,,33.55,148.04,79.2,49.9,71.63,8.59,,72.8,37.18,74.57,6.41,30.64,44.84,46.9,5.66,0.0,96.51,0,47.31,deterministic_fallback
chennai,33.54,38.97,85.96,80.09,60.0,40.6,5.48,74.58,65.73,45.31,72.98,7.77,32.35,55.99,25.36,1.94,0.0,70.7,1,52.37,deterministic_fallback
chennai,19.03,37.08,80.38,83.7,60.0,54.29,9.6,63.98,56.7,45.34,53.33,7.98,25.78,47.61,25.7,5.4,3.0,65.04,0,64.8,deterministic_fallback
bangalore,8.7,28.19,,78.26,32.29,,7.99,100.0,32.05,27.78,83.71,5.84,15.1,37.19,33.15,6.88,0.0,86.64,0,38.1,deterministic_fallback
mumbai,6.4,32.77,113.72,89.01,51.91,83.05,9.31,78.26,28.99,36.04,72.64,5.14,38.06,33.91,24.37,6.7,0.0,76.43,0,39.15,deterministic_fallback
,14.0,40.81,157.85,79.94,60.0,70.95,8.25,64.31,36.53,37.29,72.28,6.33,32.12,50.91,29.94,4.85,0.0,88.47,0,40.64,deterministic_fallback
delhi,5.27,37.73,175.02,49.38,47.46,76.46,8.95,74.32,34.16,33.12,86.98,,,33.99,36.24,3.61,1.0,78.12,0,49.52,deterministic_fallback
mumbai,14.36,31.87,83.48,59.31,36.58,95.0,10.2,82.61,26.61,38.67,81.42,10.77,27.59,47.08,20.26,7.97,0.0,99.23,0,37.64,deterministic_fallback
delhi,7.55,34.72,141.4,48.04,39.3,80.16,9.31,77.29,46.63,28.23,75.12,6.32,28.94,64.47,36.66,6.93,0.0,93.01,0,39.94,deterministic_fallback
chennai,8.67,34.63,110.25,83.42,57.15,72.36,9.36,80.04,34.46,37.4,76.2,14.63,23.03,58.48,38.16,5.71,0.0,97.79,0,50.52,deterministic_fallback
hyderabad,,31.15,83.98,65.44,36.65,95.0,8.77,72.7,10.46,31.62,95.52,5.58,25.64,42.15,31.14,5.11,1.0,83.78,0,45.33,deterministic_fallback
chennai,17.01,40.72,98.23,74.67,60.0,80.86,8.53,80.43,35.63,43.59,82.31,3.37,31.95,55.77,39.27,6.78,0.0,89.32,1,52.09,deterministic_fallback
chennai,9.19,29.98,128.38,88.33,40.11,71.59,9.11,88.78,51.88,37.2,67.86,7.12,,33.13,23.37,5.04,0.0,86.2,0,40.19,deterministic_fallback
mumbai,18.01,37.74,99.11,76.37,60.0,55.66,7.75,71.36,47.64,34.83,70.04,9.86,26.97,52.74,35.14,4.09,0.0,95.15,0,48.21,deterministic_fallback
kolkata,18.9,33.33,45.18,76.78,47.81,68.9,8.75,89.78,5.0,43.53,67.7,8.58,28.18,48.41,35.67,8.06,2.0,95.85,0,55.73,deterministic_fallback
bangalore,21.98,21.88,35.0,66.01,21.88,,9.74,79.39,36.96,35.94,69.61,7.7,23.58,43.75,40.87,3.79,0.0,76.7,0,49.67,deterministic_fallback
hyderabad,16.0,31.43,115.07,50.3,33.41,89.87,10.56,79.24,55.05,36.0,89.64,6.09,25.99,64.03,50.84,2.76,0.0,74.4,0,57.58,deterministic_fallback
mumbai,19.12,28.56,80.45,84.51,34.43,95.0,10.09,90.6,34.24,24.99,75.5,5.52,13.6,28.01,26.33,6.06,1.0,89.32,0,36.33,deterministic_fallback
kolkata,31.75,34.57,97.78,85.85,58.48,53.21,8.83,70.65,58.4,38.97,59.24,2.85,34.54,,47.67,3.42,1.0,70.98,1,69.52,deterministic_fallback
delhi,10.91,34.86,190.39,54.75,42.27,70.49,10.43,77.44,35.38,39.22,72.29,10.67,35.78,44.82,46.41,0.0,1.0,54.63,1,86.5,deterministic_fallback
mumbai,30.15,26.83,131.85,77.1,29.13,60.5,10.12,83.92,53.61,36.25,68.09,6.79,24.06,52.41,47.0,3.17,0.0,76.52,1,69.37,deterministic_fallback
bangalore,31.51,33.52,75.12,70.06,45.18,55.06,9.6,87.01,57.47,42.18,74.15,11.81,38.1,73.73,54.53,0.0,1.0,,1,84.21,deterministic_fallback
mumbai,8.43,34.06,141.29,61.25,42.88,84.02,12.05,92.8,,32.73,76.35,5.26,26.08,53.53,24.36,7.13,0.0,100.0,0,28.42,deterministic_fallback
mumbai,9.42,36.5,116.93,81.76,60.0,80.66,6.6,75.56,41.25,42.17,94.11,6.73,28.78,43.81,16.45,7.24,4.0,77.24,0,63.14,deterministic_fallback
hyderabad,1.14,30.62,84.48,58.88,33.79,73.47,11.4,81.35,59.67,33.78,65.11,8.79,19.99,57.11,51.02,1.95,2.0,69.47,0,76.23,deterministic_fallback
delhi,21.34,35.86,,41.9,39.54,77.28,11.43,87.54,53.6,36.08,64.46,12.28,25.44,54.01,40.98,8.55,3.0,89.98,1,82.82,deterministic_fallback
kolkata,18.87,36.18,140.04,81.67,60.0,69.48,8.66,68.76,47.61,43.43,86.03,9.97,34.16,64.53,33.6,6.27,0.0,93.27,0,46.49,deterministic_fallback
delhi,10.45,33.99,206.89,47.77,37.64,86.92,12.22,94.75,29.6,29.09,56.2,2.85,18.52,32.31,34.6,7.38,1.0,93.94,0,48.35,deterministic_fallback
chennai,23.35,35.5,108.09,89.98,60.0,60.4,9.41,73.72,61.5,39.75,67.77,4.31,26.23,57.81,30.94,0.05,2.0,39.86,0,59.56,deterministic_fallback
bangalore,5.98,25.2,35.0,59.99,25.2,70.13,9.42,94.86,31.11,27.01,79.65,7.8,21.08,47.53,40.64,0.25,0.0,41.81,0,64.42,deterministic_fallback
hyderabad,12.65,27.22,90.55,61.66,28.5,66.14,,82.02,52.03,31.67,59.21,3.72,8.81,50.07,21.18,8.79,1.0,100.0,0,26.96,deterministic_fallback
hyderabad,11.67,31.13,82.8,50.21,32.87,66.2,,77.85,53.29,28.26,73.18,,26.86,57.82,39.74,1.52,0.0,63.01,0,57.76,deterministic_fallback
bangalore,6.56,25.14,93.97,64.06,25.14,59.2,9.54,87.93,55.41,36.61,63.58,7.38,30.87,55.98,31.09,6.05,0.0,78.35,0,49.6,deterministic_fallback
kolkata,11.33,31.23,173.31,84.12,43.24,81.78,12.59,80.28,58.5,34.75,59.77,8.24,29.15,56.06,10.0,8.0,1.0,89.23,0,39.54,deterministic_fallback
delhi,10.52,36.42,,48.15,43.35,62.9,10.34,87.26,52.97,33.16,61.37,4.43,30.26,41.37,45.57,2.02,0.0,77.77,0,53.11,deterministic_fallback
mumbai,12.34,33.48,101.28,78.94,49.47,63.3,8.71,85.22,32.55,40.58,68.81,9.53,27.95,65.28,45.51,0.0,3.0,,0,81.74,deterministic_fallback
hyderabad,11.77,27.19,125.5,61.6,28.45,78.11,8.84,98.7,31.44,30.68,72.29,6.15,34.42,49.03,32.41,7.38,0.0,100.0,0,47.41,deterministic_fallback
chennai,3.7,29.89,120.48,70.35,34.85,77.23,10.57,88.17,17.27,27.91,87.52,7.24,19.35,44.81,,4.06,1.0,80.07,0,51.53,deterministic_fallback
mumbai,13.95,29.01,92.07,86.19,36.18,,8.41,89.6,33.06,40.1,72.18,6.7,,74.53,42.72,0.74,1.0,55.18,1,75.46,deterministic_fallback
,34.83,26.98,35.0,68.34,28.69,41.6,10.46,79.29,74.89,45.8,66.16,13.41,31.44,61.71,39.41,2.4,2.0,70.88,1,89.98,deterministic_fallback
kolkata,25.48,30.83,120.29,82.26,41.08,42.15,6.72,85.61,38.52,40.74,60.96,11.61,30.73,50.19,40.64,4.06,0.0,84.77,1,60.88,deterministic_fallback
,5.97,29.66,35.0,77.37,35.96,81.76,11.81,87.66,26.0,,81.99,11.91,27.84,56.81,27.87,,1.0,89.59,0,48.8,deterministic_fallback
kolkata,27.27,35.04,133.77,85.0,60.0,55.5,7.25,71.13,45.69,37.96,91.35,12.08,28.94,56.69,46.89,1.93,,67.48,0,74.13,deterministic_fallback
bangalore,9.93,29.43,107.37,73.95,,78.17,8.38,97.89,33.91,33.72,68.45,6.12,,52.51,49.88,3.81,0.0,85.07,0,58.72,deterministic_fallback
hyderabad,4.48,26.14,140.42,60.89,26.14,71.61,9.94,73.42,66.18,31.79,65.82,4.76,22.84,45.43,38.31,0.82,2.0,52.92,0,66.73,deterministic_fallback
delhi,9.93,39.11,166.51,53.55,54.32,53.81,8.6,75.86,42.18,45.7,60.94,3.76,19.87,55.64,39.77,2.09,1.0,,0,55.21,deterministic_fallback
kolkata,15.47,35.84,,79.63,60.0,68.86,7.92,72.37,47.3,45.17,84.31,8.4,35.02,53.36,55.02,2.15,1.0,72.05,0,63.21,deterministic_fallback
delhi,10.0,32.62,199.69,41.25,33.44,78.35,11.66,90.31,31.16,34.06,81.93,7.64,21.77,54.52,40.63,4.13,1.0,77.2,0,63.44,deterministic_fallback
chennai,13.35,35.45,77.43,63.65,48.35,75.54,9.69,75.97,25.83,30.55,72.79,6.6,23.89,60.62,37.02,5.6,0.0,98.49,0,35.82,deterministic_fallback
bangalore,20.92,29.0,99.67,56.31,30.49,71.75,10.37,80.47,41.27,31.66,64.19,4.92,21.66,57.84,47.27,0.4,4.0,39.58,0,84.56,deterministic_fallback
bangalore,2.34,23.46,77.34,82.29,23.46,54.3,9.74,80.33,38.0,39.55,62.3,7.64,32.52,71.15,38.51,0.0,1.0,54.98,1,75.88,deterministic_fallback
hyderabad,4.47,32.94,77.84,40.66,33.83,89.25,10.79,73.63,29.57,32.24,76.42,5.14,22.89,50.67,36.04,6.51,1.0,83.36,0,44.58,deterministic_fallback
bangalore,9.14,28.5,71.87,78.28,33.08,72.36,8.61,,24.43,,83.03,4.66,16.43,66.85,41.76,1.53,1.0,67.74,0,46.71,deterministic_fallback
kolkata,6.87,32.93,108.68,74.98,45.47,76.99,9.83,73.51,41.63,39.63,77.43,,29.99,53.83,,4.81,0.0,92.4,0,31.79,deterministic_fallback
bangalore,24.08,26.96,87.59,79.42,29.59,69.88,8.75,73.19,47.6,43.66,82.23,7.55,28.75,72.04,46.72,0.0,1.0,51.32,1,79.31,deterministic_fallback
hyderabad,18.42,32.06,107.39,41.85,32.71,81.9,11.72,94.1,32.36,34.64,68.39,3.82,28.49,67.23,,4.68,0.0,100.0,0,41.53,deterministic_fallback
delhi,16.07,29.27,186.09,48.41,29.82,69.92,10.19,83.81,45.88,34.75,53.19,,30.37,38.52,46.86,7.27,2.0,83.21,1,78.96,deterministic_fallback
bangalore,12.81,30.68,64.36,80.66,40.03,68.7,10.37,81.25,48.42,43.83,99.9,8.17,25.94,59.57,49.45,2.72,1.0,73.21,0,65.25,deterministic_fallback
bangalore,11.39,26.92,35.0,74.62,29.09,76.44,10.48,83.31,55.63,40.29,,6.87,28.78,53.06,43.23,5.32,1.0,82.71,0,56.56,deterministic_fallback
mumbai,27.05,35.24,129.05,77.47,55.91,67.63,10.04,82.51,20.46,40.28,78.85,2.89,26.53,58.29,46.99,2.0,1.0,67.71,0,63.83,deterministic_fallback
mumbai,11.9,33.71,91.12,63.41,42.8,56.29,7.51,,33.96,36.94,65.52,9.05,32.35,47.18,35.91,2.25,3.0,55.41,1,91.9,deterministic_fallback
hyderabad,9.42,31.15,118.12,48.17,32.51,58.12,9.89,89.26,27.81,36.8,57.34,6.67,27.82,49.72,45.97,0.0,1.0,65.67,0,65.71,deterministic_fallback
hyderabad,20.26,35.71,119.57,70.73,53.47,67.16,7.37,69.97,33.41,37.73,76.66,4.75,27.4,38.66,30.55,4.45,1.0,72.7,0,50.98,deterministic_fallback
hyderabad,7.8,32.38,74.12,55.84,36.7,59.8,7.89,86.75,61.32,34.4,60.52,4.46,20.76,55.67,,7.75,0.0,85.25,0,43.39,deterministic_fallback
mumbai,16.36,29.88,,78.73,36.94,61.27,8.43,88.6,41.9,31.65,67.53,7.9,31.31,68.71,54.51,0.0,1.0,50.35,1,88.09,deterministic_fallback
delhi,6.4,33.18,170.59,51.78,37.19,81.22,11.44,95.63,31.16,30.61,83.29,1.73,29.35,48.33,42.13,3.16,0.0,86.65,0,40.1,deterministic_fallback
mumbai,7.12,36.5,75.75,68.15,54.88,69.19,8.85,69.76,26.36,35.43,,7.3,22.71,46.42,33.49,7.38,1.0,100.0,0,43.88,deterministic_fallback
chennai,12.8,30.84,75.82,78.28,39.77,70.72,9.33,,58.54,29.19,77.61,9.25,25.15,42.44,31.59,3.72,0.0,65.06,0,51.89,deterministic_fallback
kolkata,18.82,31.89,115.96,79.15,43.61,90.26,10.35,95.77,8.31,35.11,95.29,9.7,29.28,36.54,23.32,6.6,1.0,94.25,0,36.96,deterministic_fallback
delhi,8.68,30.61,180.43,52.04,32.37,66.15,10.0,89.7,31.84,36.33,,11.2,37.92,44.92,27.39,2.57,2.0,52.37,1,85.37,deterministic_fallback
hyderabad,8.84,35.95,107.65,54.08,44.91,71.5,10.11,81.13,34.47,35.44,58.39,4.91,29.16,53.31,,5.34,1.0,82.55,0,54.35,deterministic_fallback
mumbai,18.22,30.47,161.16,66.87,35.4,83.89,10.53,88.39,26.51,28.31,77.5,10.03,25.95,61.88,30.15,8.87,0.0,94.36,0,31.14,deterministic_fallback
delhi,2.26,,156.76,45.76,35.19,,11.04,88.56,43.03,31.16,95.56,6.86,23.43,39.61,38.87,5.02,0.0,,0,42.25,deterministic_fallback
mumbai,15.52,30.02,92.24,84.37,39.03,80.06,9.38,,20.89,36.52,75.46,5.01,27.13,48.7,30.03,6.89,2.0,89.96,0,48.97,deterministic_fallback
delhi,14.23,34.88,230.52,53.29,,78.29,10.87,87.95,38.27,40.03,91.79,10.76,34.04,66.68,44.33,5.95,1.0,92.41,0,59.25,deterministic_fallback
hyderabad,28.34,29.47,46.34,60.51,31.95,65.42,8.28,86.73,45.07,31.9,80.1,8.56,22.12,45.76,47.62,0.81,,59.88,0,63.95,deterministic_fallback
kolkata,27.03,24.04,124.85,90.35,24.04,51.86,9.57,77.32,45.08,33.19,66.19,12.12,33.05,64.33,33.88,1.2,1.0,62.39,0,64.53,deterministic_fallback
mumbai,7.34,30.94,94.67,76.96,39.62,77.62,10.92,82.17,19.68,38.19,67.67,9.03,19.91,47.65,38.99,,3.0,68.04,0,71.07,deterministic_fallback
bangalore,6.11,19.83,35.68,68.94,19.83,78.96,9.91,82.14,37.74,35.84,78.49,5.09,30.63,54.88,29.09,3.14,1.0,65.43,0,59.42,deterministic_fallback
hyderabad,16.98,37.3,94.83,55.52,49.7,,8.43,78.27,32.16,35.95,87.24,8.46,32.42,51.21,40.15,3.67,1.0,81.74,0,61.36,deterministic_fallback
kolkata,13.25,36.2,133.82,89.71,60.0,70.89,10.57,72.95,58.51,36.58,58.65,8.22,32.47,60.5,46.96,3.71,2.0,74.03,0,65.98,deterministic_fallback
hyderabad,15.96,32.05,92.52,,37.7,85.01,11.6,86.95,53.81,39.54,79.88,8.12,31.61,68.29,37.53,7.03,0.0,95.07,1,56.6,deterministic_fallback
delhi,8.42,40.31,143.37,45.22,52.41,69.0,9.2,72.81,66.51,34.42,58.1,6.01,28.37,48.07,32.2,6.98,1.0,99.14,0,47.23,deterministic_fallback
hyderabad,7.59,30.46,89.05,46.69,,80.26,9.21,,42.88,36.62,77.08,10.91,25.89,57.79,28.9,7.76,1.0,84.81,0,35.96,deterministic_fallback
delhi,11.42,41.31,163.95,58.75,60.0,35.89,5.71,70.53,56.81,43.25,52.44,5.49,25.13,61.6,54.34,0.0,1.0,,1,82.45,deterministic_fallback
kolkata,7.31,27.45,156.45,75.63,30.26,84.26,11.03,95.77,29.79,39.7,82.7,11.05,28.57,37.41,22.89,6.12,0.0,81.9,0,43.89,deterministic_fallback
delhi,1.51,25.85,258.52,49.7,25.85,84.71,11.97,94.99,,32.18,67.77,5.27,25.41,46.41,30.3,6.97,0.0,100.0,0,41.37,deterministic_fallback
hyderabad,19.12,33.23,121.2,78.35,48.19,86.29,9.48,74.05,40.62,45.81,89.86,7.04,35.59,47.44,30.48,7.03,3.0,86.74,1,63.53,deterministic_fallback
mumbai,17.99,37.48,80.11,85.85,60.0,51.64,6.13,70.26,39.76,38.56,67.06,9.12,26.59,,27.31,2.04,0.0,78.13,0,54.32,deterministic_fallback
bangalore,16.11,28.45,60.6,82.18,33.65,63.77,10.17,81.89,52.64,32.61,,4.54,27.54,54.61,32.32,3.54,,73.39,0,46.65,deterministic_fallback
kolkata,23.01,29.82,144.35,78.54,,65.21,9.42,88.6,44.97,33.12,57.3,5.87,29.12,58.85,36.19,4.13,1.0,92.48,0,54.43,deterministic_fallback
hyderabad,9.9,33.07,69.83,67.36,42.56,68.44,9.87,88.49,36.36,34.0,78.48,8.33,30.01,58.21,33.8,3.05,0.0,90.0,0,41.14,deterministic_fallback
bangalore,16.58,30.42,98.88,69.54,35.95,82.28,12.05,85.22,54.18,39.7,78.47,3.47,34.97,66.67,37.82,2.81,1.0,74.15,1,67.15,deterministic_fallback
kolkata,29.63,,62.58,86.3,45.64,74.65,9.98,77.4,59.91,41.68,84.71,10.68,26.75,64.38,40.89,5.48,1.0,,0,59.09,deterministic_fallback
chennai,28.59,41.17,110.43,92.45,60.0,52.95,8.22,79.99,56.34,35.25,75.96,11.96,31.8,52.94,50.94,0.47,1.0,58.23,1,84.04,deterministic_fallback
delhi,11.87,33.25,149.87,47.72,36.13,69.39,9.96,83.17,38.43,38.16,80.58,10.67,26.93,47.11,,5.89,1.0,76.42,0,50.21,deterministic_fallback
bangalore,12.88,30.07,69.31,69.18,35.01,82.68,10.82,91.92,44.11,41.09,85.6,8.2,32.71,54.28,23.18,7.55,0.0,100.0,0,36.3,deterministic_fallback
bangalore,8.15,27.45,121.79,61.43,28.79,68.31,9.21,83.23,52.43,27.57,79.86,5.99,32.08,56.86,41.01,1.55,0.0,62.7,0,52.11,deterministic_fallback
hyderabad,11.31,28.26,50.98,66.01,30.62,70.85,10.74,86.48,26.87,38.19,81.61,5.18,17.56,50.68,35.34,1.48,0.0,78.0,0,41.39,deterministic_fallback
delhi,22.26,,195.12,46.3,40.87,51.01,9.32,87.28,51.57,44.35,55.9,10.17,37.33,55.01,63.7,,1.0,83.29,0,80.75,deterministic_fallback
delhi,12.71,39.1,205.21,58.2,57.7,73.75,7.52,87.41,5.59,31.45,70.11,8.43,24.54,42.05,26.71,6.28,1.0,88.72,0,48.9,deterministic_fallback
kolkata,26.84,29.65,125.69,69.95,34.2,50.29,10.64,84.95,63.92,,54.15,6.61,24.37,,37.35,1.3,0.0,69.22,0,51.8,deterministic_fallback
kolkata,23.92,30.03,92.2,87.3,39.95,59.57,7.15,82.74,30.51,29.54,77.13,11.15,21.94,29.42,28.03,3.7,0.0,85.94,0,39.67,deterministic_fallback
chennai,12.74,27.12,109.59,69.87,29.04,88.32,9.29,94.32,24.43,34.73,87.85,5.77,20.29,31.62,44.92,0.8,2.0,59.99,0,68.03,deterministic_fallback
,19.16,35.48,125.9,88.38,60.0,85.79,8.87,77.46,42.48,40.91,87.96,11.35,32.61,57.49,32.93,7.78,0.0,94.96,0,44.43,deterministic_fallback
chennai,9.73,33.74,99.04,74.67,48.25,85.03,10.42,79.98,46.21,34.18,72.27,6.49,20.73,41.98,27.24,6.17,1.0,,0,41.31,deterministic_fallback
chennai,20.86,34.61,103.15,71.39,49.67,56.09,9.19,81.14,77.95,42.84,74.76,8.33,37.31,63.1,51.27,0.0,0.0,68.71,0,70.45,deterministic_fallback
chennai,12.21,34.76,89.59,71.88,50.51,59.53,7.93,79.69,,48.12,75.26,8.96,36.66,70.31,43.91,0.93,2.0,61.23,1,89.28,deterministic_fallback
bangalore,10.43,26.23,37.36,62.03,26.23,68.5,9.95,100.0,29.18,32.68,74.16,,26.75,44.36,44.17,0.81,5.0,66.04,0,86.94,deterministic_fallback
bangalore,11.03,23.06,71.62,75.58,23.06,63.27,10.58,86.63,41.46,29.44,65.75,5.39,13.6,35.18,37.81,6.67,1.0,88.19,0,45.9,deterministic_fallback
delhi,8.09,35.47,161.95,41.26,38.51,93.53,11.86,94.91,24.02,31.7,92.26,7.64,18.07,38.8,13.9,8.07,1.0,97.42,0,25.32,deterministic_fallback
hyderabad,17.14,29.91,125.77,57.23,32.13,62.76,10.94,86.37,56.47,37.02,61.39,8.95,27.52,49.16,,,2.0,69.26,1,80.61,deterministic_fallback
delhi,16.78,43.84,187.61,53.1,60.0,57.08,8.83,,44.54,,64.77,12.3,27.73,52.52,38.71,0.82,3.0,58.93,1,94.66,deterministic_fallback
delhi,21.58,37.05,235.85,63.63,53.97,67.0,8.51,72.91,58.52,42.02,80.75,10.47,35.66,61.98,46.79,5.14,0.0,78.87,0,57.34,deterministic_fallback
hyderabad,13.23,28.86,118.54,58.98,30.65,89.69,9.14,85.42,39.33,30.73,76.01,3.73,11.11,51.61,28.92,7.67,0.0,96.72,0,28.21,deterministic_fallback
bangalore,18.03,34.62,50.83,67.5,47.62,73.8,7.72,84.25,48.66,32.75,80.35,5.19,22.54,47.43,24.64,7.95,0.0,100.0,0,31.07,deterministic_fallback
mumbai,7.84,29.27,62.06,80.82,35.69,70.74,9.79,81.31,29.7,27.42,76.75,12.69,28.73,55.92,22.94,3.68,0.0,76.59,0,60.96,deterministic_fallback
chennai,,33.67,142.62,59.06,40.9,75.55,10.49,79.42,71.35,36.58,77.17,2.72,27.27,61.47,42.64,6.4,0.0,96.96,0,52.19,deterministic_fallback
kolkata,23.17,33.77,155.08,73.26,47.62,77.23,,83.39,23.27,41.83,79.26,4.72,27.26,44.57,22.13,8.38,,100.0,0,32.19,deterministic_fallback
mumbai,14.92,23.2,97.96,76.19,23.2,88.99,10.93,95.4,,27.67,81.92,6.33,17.08,57.0,34.05,7.85,1.0,97.14,0,38.41,deterministic_fallback
mumbai,18.53,32.42,175.05,73.78,43.19,64.16,8.63,85.47,22.39,36.09,73.95,6.73,31.68,33.07,28.24,4.53,0.0,90.91,0,44.32,deterministic_fallback
delhi,15.38,,214.1,37.42,34.46,61.65,9.22,83.5,60.94,34.97,60.19,10.66,26.1,67.06,47.71,2.17,1.0,66.57,0,75.34,deterministic_fallback
chennai,17.77,32.65,67.3,82.28,47.91,55.25,10.28,70.19,56.91,35.43,57.76,9.59,33.65,58.94,52.67,2.68,2.0,56.56,0,71.78,deterministic_fallback
chennai,23.37,35.09,73.16,77.95,55.59,61.85,9.01,85.83,29.68,41.7,82.84,7.05,37.25,49.03,56.99,2.86,1.0,69.48,1,70.22,deterministic_fallback
mumbai,7.05,29.69,106.24,79.69,36.65,87.35,9.95,93.73,43.84,37.22,91.9,10.82,33.0,37.1,13.42,8.53,0.0,95.45,0,29.44,deterministic_fallback
chennai,41.19,30.91,61.63,71.74,37.88,53.45,8.3,90.84,48.84,45.94,76.67,6.39,33.4,62.62,32.24,4.86,1.0,65.67,1,70.38,deterministic_fallback
mumbai,16.55,36.18,102.13,79.96,60.0,72.3,9.21,65.13,43.66,40.34,81.65,5.22,25.9,40.09,26.84,6.82,1.0,88.82,0,46.42,deterministic_fallback
delhi,10.0,33.67,223.82,53.92,38.99,72.34,10.98,87.0,54.46,37.35,65.24,12.46,26.02,63.82,56.69,6.37,0.0,92.68,1,71.21,deterministic_fallback
kolkata,28.32,32.44,88.49,81.15,46.54,53.04,9.69,74.38,54.84,42.4,48.62,5.74,41.33,61.92,37.11,3.43,0.0,84.93,1,65.46,deterministic_fallback
mumbai,14.84,31.16,133.29,82.74,42.45,61.78,9.34,86.77,54.62,47.07,76.0,8.21,30.63,53.98,41.44,7.21,1.0,83.4,1,62.75,deterministic_fallback
mumbai,24.41,37.13,144.81,73.58,60.0,49.8,6.66,74.19,48.11,39.81,55.58,12.13,34.35,46.04,41.64,5.19,3.0,75.09,1,84.66,deterministic_fallback
bangalore,6.43,28.18,73.63,69.29,30.92,75.82,10.35,90.02,40.25,36.9,79.46,0.22,29.17,43.24,19.77,5.27,1.0,90.35,0,38.52,deterministic_fallback
hyderabad,22.26,31.01,96.31,68.92,37.31,90.38,11.08,80.06,35.6,30.61,85.05,6.31,22.73,34.18,26.83,2.04,2.0,59.78,0,67.81,deterministic_fallback
kolkata,19.47,23.16,121.41,92.41,23.16,61.66,8.93,80.49,23.56,30.98,65.67,9.5,24.55,47.49,37.21,1.69,0.0,,1,63.13,deterministic_fallback
kolkata,19.11,26.99,145.54,93.15,31.03,63.32,9.96,80.88,45.96,42.19,64.74,7.35,36.01,52.21,63.24,1.21,2.0,71.14,0,80.77,deterministic_fallback
mumbai,23.7,29.52,75.47,82.18,36.8,71.53,11.21,84.97,40.25,36.71,62.14,7.88,28.82,54.84,43.28,2.33,3.0,48.3,0,82.37,deterministic_fallback
mumbai,27.22,28.86,126.51,80.43,34.45,73.1,9.61,83.41,61.38,35.04,79.03,8.1,24.99,42.08,41.25,8.2,4.0,86.43,0,78.12,deterministic_fallback
chennai,24.11,30.82,102.2,72.34,37.81,71.52,9.8,89.83,28.13,37.52,78.66,8.16,24.19,45.6,18.09,8.04,1.0,100.0,1,44.55,deterministic_fallback
delhi,14.51,38.16,231.59,35.7,38.16,56.91,8.04,74.69,66.71,35.07,57.12,,30.21,68.28,49.16,1.14,3.0,53.41,1,93.4,deterministic_fallback
kolkata,21.22,31.36,115.57,71.94,39.21,64.22,10.28,83.83,46.92,37.69,82.89,9.37,27.32,67.94,45.42,3.41,3.0,76.0,1,81.49,deterministic_fallback
hyderabad,12.19,29.8,94.15,57.63,32.02,84.42,9.51,96.14,35.42,28.18,100.0,7.45,26.08,31.42,18.52,7.98,2.0,95.57,0,48.56,deterministic_fallback
mumbai,10.5,31.48,91.14,77.97,41.73,81.4,8.12,88.57,18.7,35.73,89.47,4.9,39.2,41.77,,5.6,1.0,96.35,0,44.39,deterministic_fallback
chennai,20.79,38.48,95.56,86.96,60.0,57.49,7.03,76.13,43.42,44.0,75.23,6.78,33.76,56.47,26.35,5.52,1.0,87.65,0,51.14,deterministic_fallback
mumbai,17.65,28.32,95.54,89.93,34.75,73.99,10.51,90.27,38.83,34.14,75.24,4.47,36.81,59.8,38.51,5.34,0.0,99.54,0,37.29,deterministic_fallback
bangalore,20.32,28.87,37.94,64.13,31.45,50.16,8.1,79.3,71.09,42.43,67.44,7.86,26.27,47.17,39.26,2.34,2.0,67.26,0,65.47,deterministic_fallback
bangalore,13.85,21.43,37.88,75.65,21.43,72.39,,97.28,31.87,32.93,75.76,8.4,29.24,43.31,28.39,8.86,1.0,89.37,0,45.44,deterministic_fallback
bangalore,13.36,22.35,97.79,65.25,22.35,82.47,10.47,84.74,57.29,36.09,80.11,8.08,34.37,58.22,50.46,0.0,0.0,,1,82.81,deterministic_fallback
hyderabad,6.77,29.84,73.31,64.0,33.33,91.13,10.35,88.25,43.51,34.97,89.34,8.32,31.76,27.7,24.81,6.73,1.0,96.27,0,49.57,deterministic_fallback
hyderabad,15.0,35.12,73.48,65.65,48.33,60.26,8.26,84.07,60.24,35.62,66.84,7.98,34.29,56.57,35.63,6.82,0.0,100.0,0,41.94,deterministic_fallback
,1.23,25.62,124.58,,25.62,70.76,9.72,90.21,32.9,33.07,76.78,8.11,26.64,61.33,36.65,1.2,2.0,57.74,0,66.5,deterministic_fallback
kolkata,,28.62,145.96,79.06,33.52,,11.89,76.83,67.7,36.9,83.21,7.83,33.09,52.8,46.3,3.24,1.0,85.73,1,67.03,deterministic_fallback
bangalore,35.6,27.39,90.92,78.96,30.5,73.41,11.24,84.75,70.32,26.92,73.35,9.41,18.96,31.2,17.1,7.31,1.0,89.35,1,44.37,deterministic_fallback
mumbai,18.5,31.91,130.51,64.5,38.27,63.99,9.65,97.64,53.93,37.46,71.39,4.89,37.44,64.86,33.5,3.3,0.0,80.43,0,55.44,deterministic_fallback
chennai,9.05,28.38,80.03,85.09,34.01,70.92,10.9,94.72,37.28,44.18,79.72,3.15,26.21,62.01,57.15,1.46,2.0,64.17,0,68.76,deterministic_fallback
kolkata,10.0,38.85,123.44,81.6,60.0,48.43,7.85,69.7,34.06,50.32,78.01,7.99,39.64,64.49,51.2,0.0,3.0,41.29,1,107.7,deterministic_fallback
delhi,14.19,36.95,196.61,50.11,45.69,63.91,7.23,84.55,46.29,39.69,75.02,10.41,33.47,43.9,49.61,2.79,0.0,74.08,0,64.38,deterministic_fallback
bangalore,19.4,27.51,114.55,53.25,28.17,57.26,7.89,84.12,41.58,37.22,75.34,7.06,32.37,37.44,33.02,2.44,2.0,82.3,1,69.71,deterministic_fallback
bangalore,20.42,25.51,94.18,66.52,25.51,72.96,9.09,88.37,,36.86,82.08,9.9,38.48,50.29,,7.03,0.0,87.88,0,43.34,deterministic_fallback
mumbai,18.53,32.97,88.59,90.33,53.6,,6.91,75.68,30.77,39.45,75.11,8.68,34.9,58.96,28.61,6.6,2.0,89.14,0,62.08,deterministic_fallback
hyderabad,24.25,39.17,58.27,56.53,56.68,62.49,8.31,70.39,47.64,45.93,61.14,2.27,24.23,41.7,37.64,2.49,0.0,65.35,0,43.76,deterministic_fallback
delhi,3.0,39.39,211.85,54.95,56.3,48.93,7.78,68.65,59.24,36.94,54.07,14.01,30.9,60.49,62.46,1.36,0.0,61.75,1,88.17,deterministic_fallback
chennai,16.7,30.62,142.38,75.61,38.23,81.3,9.91,91.89,50.92,38.24,76.78,3.33,18.41,43.37,54.14,1.29,2.0,50.45,0,71.15,deterministic_fallback
chennai,23.3,35.73,148.49,84.37,60.0,60.08,8.37,69.95,41.2,,73.13,5.32,28.54,48.24,43.23,3.13,2.0,,0,66.61,deterministic_fallback
chennai,15.83,34.16,88.82,76.8,51.01,73.45,9.58,85.34,39.7,36.46,81.58,9.86,25.42,47.69,32.94,,0.0,81.86,0,45.07,deterministic_fallback
bangalore,26.56,30.34,96.79,62.67,34.09,59.22,8.78,83.1,36.89,39.9,61.55,8.35,33.79,62.98,49.3,0.63,0.0,73.77,1,69.29,deterministic_fallback
delhi,29.88,36.56,188.69,,45.52,85.98,9.78,80.3,33.57,42.56,77.71,6.82,24.74,27.0,24.7,8.93,0.0,99.38,1,46.07,deterministic_fallback
chennai,22.32,34.87,96.48,88.6,60.0,56.25,7.04,76.38,43.46,48.56,77.61,6.48,28.97,57.45,17.23,6.06,0.0,90.78,1,36.71,deterministic_fallback
chennai,6.04,36.9,95.68,78.46,60.0,74.53,8.81,63.45,45.37,41.99,85.2,4.71,31.82,53.27,46.26,0.89,,61.38,0,77.78,deterministic_fallback
bangalore,19.18,29.81,81.86,68.6,34.27,79.79,11.03,87.52,39.91,38.12,80.86,6.01,35.73,67.08,41.45,2.04,2.0,52.48,0,73.21,deterministic_fallback
kolkata,16.68,39.97,117.12,,60.0,60.73,9.01,74.28,32.85,44.6,70.49,9.44,30.83,52.62,21.74,6.44,0.0,93.04,0,36.46,deterministic_fallback
mumbai,6.74,31.1,109.69,87.81,44.18,69.29,9.19,77.2,47.89,42.04,80.68,6.43,40.93,52.39,19.67,3.65,3.0,69.84,0,67.39,deterministic_fallback
kolkata,5.22,29.83,99.09,87.95,39.43,76.53,10.58,80.22,41.95,31.91,68.44,3.69,25.6,72.93,41.09,3.73,1.0,83.36,0,48.86,deterministic_fallback
mumbai,19.78,19.91,84.2,82.12,19.91,42.3,7.99,95.38,40.21,33.47,44.09,5.68,,45.55,39.49,0.33,1.0,52.99,0,64.73,deterministic_fallback
mumbai,24.19,27.32,121.52,85.78,31.13,68.27,7.78,82.99,55.69,32.41,89.23,7.39,29.14,58.03,46.42,2.24,1.0,62.79,1,74.56,deterministic_fallback
bangalore,16.52,26.98,69.29,75.42,29.27,79.61,10.72,86.14,45.92,31.53,73.03,4.99,23.39,38.46,28.28,5.5,0.0,91.9,0,42.0,deterministic_fallback
mumbai,28.24,30.53,131.54,62.8,34.52,85.98,11.43,91.97,44.28,31.01,85.06,7.59,33.27,52.07,37.02,5.2,1.0,91.99,1,63.95,deterministic_fallback
mumbai,4.71,31.9,147.14,81.54,44.67,68.3,8.0,75.84,37.75,30.09,,6.83,20.91,56.81,33.79,3.88,2.0,68.09,0,54.51,deterministic_fallback
mumbai,,28.46,174.25,78.28,32.96,62.4,9.83,90.05,56.79,32.46,63.44,5.98,17.48,66.47,43.89,3.2,1.0,64.28,0,61.17,deterministic_fallback
bangalore,8.74,25.34,117.1,64.7,25.34,83.7,10.38,,49.26,31.97,66.14,4.4,25.26,52.23,48.24,0.47,2.0,54.35,0,75.04,deterministic_fallback
chennai,16.67,32.51,76.72,73.77,43.49,77.91,8.83,75.03,40.07,36.56,81.87,5.28,25.33,35.24,25.68,7.65,0.0,90.09,0,27.25,deterministic_fallback
mumbai,12.15,32.91,75.02,66.53,41.75,85.07,9.41,81.44,41.16,32.33,80.25,10.7,31.16,47.54,25.51,6.52,0.0,94.79,1,44.75,deterministic_fallback
hyderabad,19.74,31.93,153.97,45.14,33.15,84.47,10.64,79.58,34.84,30.55,81.34,12.26,19.29,45.73,41.62,6.58,2.0,77.09,0,72.74,deterministic_fallback
chennai,20.84,35.68,149.05,85.64,60.0,70.12,,75.06,39.48,42.76,69.91,7.99,32.75,48.89,42.36,5.28,0.0,93.08,0,47.76,deterministic_fallback
mumbai,9.12,31.63,153.64,82.43,44.03,73.39,9.81,79.14,37.95,37.82,79.03,8.85,29.95,51.9,22.3,7.47,0.0,97.87,0,35.13,deterministic_fallback
mumbai,17.1,35.06,128.57,60.06,45.27,64.47,8.37,78.1,34.62,44.98,69.95,5.3,32.75,54.53,31.27,7.17,1.0,98.21,0,44.79,deterministic_fallback
kolkata,11.85,32.9,,77.34,46.47,77.89,8.95,81.86,25.89,41.87,94.22,6.04,35.0,55.24,25.8,7.36,5.0,59.88,0,75.19,deterministic_fallback
chennai,5.67,32.07,107.84,81.5,45.29,60.46,8.69,79.34,40.41,31.99,61.36,7.49,25.31,48.67,39.37,2.6,2.0,54.05,0,60.67,deterministic_fallback
bangalore,4.56,20.41,81.84,66.12,20.41,67.03,9.75,,57.98,33.8,63.28,0.58,27.73,67.04,51.3,0.0,1.0,67.25,0,56.53,deterministic_fallback
chennai,0.03,29.6,135.89,83.96,37.5,62.34,9.15,91.62,14.94,37.81,67.13,8.33,29.9,55.24,47.83,0.0,3.0,45.56,0,82.94,deterministic_fallback
mumbai,12.75,32.14,174.0,87.42,48.29,78.37,9.04,80.72,33.2,35.1,100.0,6.11,,55.16,,7.83,2.0,80.15,0,62.47,deterministic_fallback
delhi,20.7,37.67,193.02,39.8,37.67,77.25,8.97,89.43,,33.02,83.79,5.17,19.38,41.88,38.1,7.76,1.0,92.49,0,42.93,deterministic_fallback
chennai,4.21,29.44,67.15,73.19,34.39,79.75,10.38,77.74,45.31,22.35,69.02,6.67,,26.21,27.93,5.02,0.0,86.77,0,30.77,deterministic_fallback
delhi,5.12,39.48,147.87,45.82,50.37,83.91,8.7,82.22,53.05,29.43,85.79,9.68,22.03,33.92,33.56,6.04,1.0,84.89,0,47.91,deterministic_fallback
chennai,12.96,32.68,106.15,63.92,40.09,51.81,8.5,85.28,,41.93,76.4,6.17,27.17,,43.67,0.55,1.0,64.02,0,68.27,deterministic_fallback
bangalore,15.87,24.24,,57.64,24.24,63.4,7.95,89.94,63.79,33.72,78.42,7.65,24.56,42.34,35.69,4.52,1.0,81.34,0,49.5,deterministic_fallback
chennai,,30.52,148.32,68.43,35.91,82.67,11.16,84.42,39.13,28.57,83.32,7.72,24.06,31.23,27.85,5.58,2.0,82.05,0,53.22,deterministic_fallback
bangalore,4.05,32.51,36.66,63.2,39.39,76.99,10.63,81.36,47.14,31.94,72.57,6.74,23.69,45.43,33.96,0.36,1.0,69.3,0,63.42,deterministic_fallback
delhi,7.86,38.8,194.96,51.89,52.19,65.01,8.1,78.05,26.77,45.33,77.74,5.88,34.7,51.18,30.18,6.58,0.0,92.18,1,48.67,deterministic_fallback
mumbai,16.52,34.58,123.8,87.68,59.79,59.84,8.73,80.01,56.25,40.37,57.07,8.3,,61.43,49.51,2.14,0.0,71.55,0,74.77,deterministic_fallback
mumbai,21.92,,96.24,83.86,39.42,62.97,8.3,83.86,53.74,37.9,85.16,7.1,16.54,48.2,27.42,0.95,2.0,64.38,0,62.92,deterministic_fallback
chennai,11.09,30.65,78.7,80.89,40.03,80.57,9.58,77.18,32.3,38.57,74.48,0.0,20.81,47.65,29.2,6.81,1.0,93.41,0,36.47,deterministic_fallback
mumbai,19.38,27.32,65.67,77.42,30.17,69.45,,91.16,13.75,38.97,,8.59,16.09,41.36,23.81,3.35,0.0,71.08,0,40.45,deterministic_fallback
mumbai,19.0,33.36,117.27,84.34,,56.76,,74.22,50.43,37.62,69.92,3.6,27.75,60.14,40.7,4.21,0.0,80.72,0,52.16,deterministic_fallback
mumbai,12.19,31.27,101.29,77.79,40.99,73.61,10.34,90.1,39.57,29.93,70.19,6.92,23.39,48.25,33.15,3.48,1.0,77.26,0,48.93,deterministic_fallback
mumbai,16.4,30.3,147.57,75.78,37.37,70.05,9.33,86.66,60.18,30.19,66.64,10.86,25.99,46.06,24.64,4.63,2.0,71.6,0,57.37,deterministic_fallback
,20.72,33.39,75.95,90.83,55.94,61.85,7.88,82.43,41.89,46.07,81.9,7.58,36.82,65.54,43.56,3.67,0.0,75.12,0,63.49,deterministic_fallback
delhi,6.76,31.31,204.49,30.9,31.31,77.77,11.03,92.96,28.56,41.68,86.3,,28.82,50.56,,7.24,2.0,77.95,0,48.69,deterministic_fallback
kolkata,17.46,30.19,75.64,67.41,34.87,74.34,10.07,91.88,32.32,37.33,59.42,8.43,24.86,,29.41,7.45,0.0,76.07,0,40.3,deterministic_fallback
mumbai,20.97,34.66,139.54,82.74,56.8,57.66,7.56,81.74,39.94,38.42,68.61,11.07,28.89,52.61,45.22,4.04,0.0,77.95,0,53.69,deterministic_fallback
hyderabad,5.86,24.9,38.12,56.35,24.9,66.1,10.32,86.72,73.11,38.64,67.95,3.63,25.56,51.98,47.14,0.86,1.0,63.04,0,53.18,deterministic_fallback
bangalore,10.94,27.84,121.02,57.38,28.95,81.36,11.03,82.09,15.98,28.05,71.89,0.0,15.28,27.46,27.83,2.38,1.0,61.5,0,49.1,deterministic_fallback
delhi,12.79,41.7,155.12,41.59,53.96,63.66,9.97,72.48,24.7,37.58,,,33.49,59.82,30.23,6.13,1.0,96.04,0,51.16,deterministic_fallback
kolkata,18.81,30.69,48.25,75.11,38.29,60.1,8.01,77.66,46.02,34.36,64.09,9.6,29.24,49.57,46.97,1.92,2.0,55.88,0,80.7,deterministic_fallback
kolkata,7.95,27.26,123.83,88.77,31.35,84.36,9.02,90.13,62.65,33.39,94.15,8.18,34.3,61.12,40.13,,0.0,97.34,0,46.21,deterministic_fallback
kolkata,12.26,32.06,121.9,91.68,50.04,74.38,10.11,65.1,51.91,36.22,75.69,1.97,21.63,55.06,44.14,5.48,1.0,86.32,0,46.3,deterministic_fallback
mumbai,22.87,29.89,,92.95,41.24,57.44,9.15,81.39,,46.27,90.27,8.91,25.5,75.08,57.38,4.22,,81.45,1,90.07,deterministic_fallback
delhi,2.85,34.79,193.37,36.52,34.79,56.22,7.76,83.62,37.41,32.87,66.48,9.57,21.65,58.21,42.04,0.7,0.0,68.98,1,69.79,deterministic_fallback
hyderabad,12.5,27.45,81.97,48.06,27.72,78.14,9.25,93.59,28.97,29.7,71.85,12.38,28.0,60.7,36.78,4.59,0.0,72.99,0,50.41,deterministic_fallback
delhi,10.13,28.07,169.63,38.33,28.07,75.12,9.86,87.08,33.22,35.1,76.02,,30.68,43.59,32.37,,1.0,93.74,0,50.86,deterministic_fallback
chennai,18.57,30.4,58.59,85.8,40.8,72.98,9.21,81.96,35.69,29.51,84.24,7.55,25.52,33.07,22.04,1.13,0.0,79.09,0,43.44,deterministic_fallback
bangalore,11.01,24.57,91.35,72.22,24.57,87.98,11.0,93.92,39.7,30.2,81.3,1.35,25.9,49.43,28.49,7.44,1.0,80.03,0,36.53,deterministic_fallback
bangalore,12.09,26.41,100.18,69.61,26.41,69.08,9.03,85.4,32.25,32.75,74.36,9.44,28.62,26.98,23.97,1.33,0.0,72.61,0,46.3,deterministic_fallback
chennai,14.83,38.82,66.21,77.02,,60.99,9.15,71.5,46.9,36.91,80.51,9.25,25.06,44.33,30.17,3.15,0.0,82.5,0,46.11,deterministic_fallback
hyderabad,4.3,38.56,114.66,57.89,55.5,68.16,8.94,73.84,26.42,33.94,67.42,7.67,30.08,33.3,23.35,3.91,0.0,78.48,1,50.35,deterministic_fallback
mumbai,13.3,33.33,79.4,70.1,44.57,79.16,7.91,84.35,26.89,35.53,82.29,10.69,36.5,41.77,33.26,6.99,0.0,77.21,0,59.14,deterministic_fallback
mumbai,29.66,34.93,111.17,84.48,59.27,44.44,7.38,70.66,39.67,42.54,64.42,5.91,26.11,59.46,37.7,1.63,0.0,67.44,0,53.76,deterministic_fallback
hyderabad,15.31,34.59,94.46,57.74,42.84,76.32,9.92,80.02,42.65,35.09,89.08,6.45,26.02,51.2,22.68,3.37,0.0,73.45,0,41.05,deterministic_fallback
bangalore,12.91,26.67,65.61,59.43,26.67,95.0,10.41,96.42,,24.53,83.12,5.63,16.3,48.57,,6.96,1.0,100.0,0,38.69,deterministic_fallback
delhi,5.84,29.14,212.49,54.06,30.38,77.31,10.39,83.09,53.48,33.99,77.26,10.42,21.93,56.41,42.11,,,56.43,0,86.46,deterministic_fallback
bangalore,24.86,33.18,,66.58,42.57,55.67,8.72,78.43,68.29,42.95,55.61,10.86,32.09,45.06,31.49,5.62,0.0,84.95,1,54.27,deterministic_fallback
chennai,8.55,29.0,48.21,76.5,34.01,78.38,10.71,79.98,30.42,40.04,81.54,7.05,21.77,70.84,25.73,2.84,0.0,70.98,0,39.79,deterministic_fallback
chennai,21.03,40.52,125.51,74.68,60.0,51.66,7.37,72.37,51.01,42.21,68.05,8.1,27.17,62.89,54.75,0.3,0.0,65.66,0,66.58,deterministic_fallback
bangalore,9.45,27.61,56.81,75.89,30.62,,12.92,82.14,39.27,34.71,61.55,8.47,31.53,44.34,34.26,4.13,2.0,73.81,0,70.5,deterministic_fallback
delhi,28.34,31.59,239.79,53.03,,62.67,8.26,83.09,36.14,40.96,68.26,9.7,32.41,65.66,46.08,2.68,0.0,68.8,1,72.09,deterministic_fallback
delhi,10.08,36.11,,42.74,40.38,69.11,12.58,77.84,41.83,34.06,55.79,11.68,31.22,,29.51,2.63,2.0,68.34,1,79.57,deterministic_fallback
bangalore,10.26,35.03,122.18,71.4,51.26,64.49,7.88,78.36,57.13,43.2,85.72,5.34,23.24,49.61,51.02,7.36,2.0,84.33,0,57.53,deterministic_fallback
delhi,10.51,39.77,215.71,52.68,55.96,70.3,9.73,67.42,29.17,39.35,88.3,9.62,28.41,45.9,57.49,5.78,1.0,66.65,0,72.06,deterministic_fallback
bangalore,15.25,25.65,,73.31,25.65,65.08,10.98,88.65,35.9,32.09,55.48,6.23,35.12,44.28,47.88,2.55,0.0,78.41,0,50.76,deterministic_fallback
hyderabad,40.26,29.27,98.51,69.51,33.23,51.19,8.53,80.91,52.66,42.46,71.57,,,47.06,36.03,3.58,3.0,71.1,1,80.18,deterministic_fallback
mumbai,10.77,29.14,104.37,73.93,33.81,81.31,10.91,90.08,50.77,25.16,76.35,6.06,20.77,47.0,27.55,5.99,1.0,87.13,0,39.19,deterministic_fallback
mumbai,10.69,30.43,140.29,84.2,40.38,48.37,8.94,85.16,39.89,29.1,50.12,11.96,26.96,40.28,49.06,0.0,0.0,58.9,0,65.74,deterministic_fallback
mumbai,10.52,33.66,92.67,65.04,43.35,,9.56,81.27,40.16,38.19,80.46,6.17,23.21,46.35,34.72,0.38,,59.42,0,53.48,deterministic_fallback
kolkata,10.21,31.16,110.77,80.86,41.73,70.09,9.81,90.94,10.58,37.75,81.65,9.44,31.06,45.56,27.91,,1.0,81.23,0,43.4,deterministic_fallback
hyderabad,14.4,26.27,147.24,56.95,26.27,89.19,9.91,96.3,46.2,42.21,99.64,,21.24,57.35,,8.38,0.0,96.12,0,32.66,deterministic_fallback
mumbai,11.11,33.29,133.67,90.47,55.21,85.24,8.31,85.17,42.81,31.01,85.15,5.0,13.72,54.08,28.47,8.3,0.0,100.0,0,27.96,deterministic_fallback
kolkata,13.16,31.11,131.17,80.8,41.54,80.18,9.8,73.08,55.53,40.03,65.89,7.13,30.61,52.94,30.33,3.81,1.0,65.41,0,52.16,deterministic_fallback
bangalore,30.77,27.92,43.24,75.33,31.23,71.53,8.99,84.38,31.74,34.56,82.06,,24.72,70.94,36.32,6.91,0.0,94.99,0,40.92,deterministic_fallback
bangalore,1.17,25.17,88.77,54.0,25.17,78.87,9.37,83.59,32.67,36.22,89.07,4.17,24.56,58.02,28.5,3.63,0.0,78.87,0,41.81,deterministic_fallback
kolkata,16.22,33.29,160.85,79.48,49.02,70.99,10.24,83.88,54.19,37.23,72.69,6.38,32.07,45.99,17.4,7.3,0.0,100.0,0,28.92,deterministic_fallback
mumbai,20.53,37.19,154.22,72.87,60.0,60.55,8.33,69.75,33.56,42.93,83.41,8.17,32.57,39.89,30.36,5.43,3.0,69.14,0,68.05,deterministic_fallback
mumbai,12.83,26.91,136.92,98.83,31.39,,8.79,83.02,44.39,31.66,54.67,7.29,19.03,41.39,28.56,6.93,0.0,88.19,0,46.27,deterministic_fallback
hyderabad,6.67,32.65,99.0,53.2,36.49,72.36,8.75,80.64,27.21,36.01,90.51,6.6,28.6,37.47,38.46,3.75,3.0,58.07,0,71.38,deterministic_fallback
mumbai,12.5,28.47,84.69,79.59,33.23,73.7,7.97,89.63,,30.71,,6.22,23.95,49.41,27.97,8.05,,95.07,0,33.63,deterministic_fallback
hyderabad,12.83,26.23,138.99,60.04,26.23,70.28,11.23,88.64,63.76,35.34,50.73,3.84,29.9,58.42,45.12,5.29,0.0,88.11,0,48.35,deterministic_fallback
mumbai,13.88,29.73,110.26,66.39,33.6,74.23,10.81,79.34,26.6,36.61,80.93,8.34,28.25,58.85,32.55,5.53,0.0,74.83,0,43.32,deterministic_fallback
mumbai,16.83,38.24,148.26,75.14,60.0,38.23,6.61,67.49,,49.09,,9.14,,57.58,43.79,0.0,0.0,58.9,0,57.93,deterministic_fallback
mumbai,20.53,25.2,85.97,82.88,25.2,78.75,10.89,75.0,52.92,40.68,72.26,9.8,27.02,63.91,39.33,7.19,1.0,95.56,0,51.28,deterministic_fallback
bangalore,4.65,26.29,35.0,69.06,26.29,72.71,12.25,69.04,53.34,36.9,78.68,5.96,16.32,,44.33,0.34,0.0,62.83,0,54.4,deterministic_fallback
mumbai,14.65,29.33,94.74,60.77,31.74,85.31,,90.36,36.4,34.52,78.93,5.52,26.84,36.91,25.9,8.25,2.0,92.88,0,43.02,deterministic_fallback
mumbai,9.48,,113.4,74.22,43.25,67.57,8.56,81.44,49.9,40.45,84.54,6.22,30.68,49.65,,0.85,0.0,55.36,0,62.9,deterministic_fallback
kolkata,19.45,25.93,150.15,90.72,25.93,69.71,8.3,86.84,43.5,36.26,77.41,7.5,24.34,50.06,,6.76,3.0,81.01,0,68.55,deterministic_fallback
delhi,10.69,30.61,194.18,54.56,32.86,72.32,11.2,95.4,40.2,28.37,73.79,7.56,23.33,41.69,30.46,5.25,2.0,78.77,1,58.01,deterministic_fallback
delhi,24.43,33.85,232.94,60.7,42.06,54.72,9.2,71.98,50.4,41.95,79.75,7.53,26.27,62.36,65.7,,0.0,76.09,1,78.1,deterministic_fallback
mumbai,12.22,37.55,,71.09,60.0,80.76,7.88,61.51,48.79,40.37,77.31,3.33,35.09,49.34,24.36,8.57,2.0,94.9,1,54.64,deterministic_fallback
delhi,17.02,32.57,158.41,60.61,38.64,,9.83,75.99,52.29,35.11,71.56,5.54,21.25,54.63,46.03,2.68,2.0,64.58,1,73.76,deterministic_fallback
delhi,6.09,33.13,208.05,49.13,36.3,76.53,9.23,72.03,27.51,31.26,68.88,7.03,23.87,51.53,38.04,0.0,1.0,55.01,1,75.56,deterministic_fallback
hyderabad,4.92,36.65,91.16,71.13,57.57,67.13,7.67,68.31,40.96,40.97,70.78,6.82,21.84,46.2,48.07,0.0,,50.92,0,73.69,deterministic_fallback
mumbai,16.52,26.58,99.45,79.35,26.58,93.02,10.58,90.56,46.54,36.52,90.28,6.28,28.94,49.91,19.91,7.08,1.0,97.6,0,40.47,deterministic_fallback
,17.77,33.99,136.22,66.04,44.84,59.13,8.22,78.55,68.0,36.18,65.86,7.17,34.12,64.96,57.22,2.61,4.0,50.22,1,106.63,deterministic_fallback
kolkata,15.21,33.62,128.69,89.01,55.91,72.22,8.07,83.74,31.41,35.11,69.82,6.53,16.68,48.28,46.51,6.79,0.0,94.33,0,42.33,deterministic_fallback
mumbai,12.05,33.58,110.39,75.42,48.01,46.24,8.82,80.61,49.22,43.9,60.06,11.26,,43.03,47.33,0.0,1.0,70.89,0,72.45,deterministic_fallback
mumbai,25.69,26.11,119.12,77.05,26.11,49.86,9.84,81.18,54.88,42.24,47.93,8.33,40.03,69.36,47.0,0.15,1.0,66.58,1,77.94,deterministic_fallback
mumbai,11.8,27.02,149.34,67.32,28.66,95.0,11.05,84.3,44.31,37.25,93.97,3.21,29.65,65.76,29.08,8.0,0.0,100.0,0,33.35,deterministic_fallback
hyderabad,6.29,31.34,141.17,71.48,39.01,71.79,10.4,86.98,30.6,38.26,62.96,4.65,24.84,55.63,42.18,1.25,1.0,65.71,0,58.06,deterministic_fallback
mumbai,15.26,37.68,139.66,75.05,60.0,58.31,6.54,64.73,42.52,38.77,74.28,11.69,28.19,48.73,38.03,5.95,0.0,88.46,0,49.9,deterministic_fallback
chennai,10.1,29.09,88.46,87.41,36.73,69.05,11.4,65.12,45.06,36.14,89.72,10.23,25.52,62.43,38.23,2.71,1.0,64.36,0,54.46,deterministic_fallback
chennai,5.04,30.23,57.47,70.95,35.86,66.14,10.12,88.11,29.06,35.25,74.94,9.61,37.01,56.91,39.87,4.1,3.0,67.66,0,72.14,deterministic_fallback
chennai,5.94,33.37,142.02,67.05,43.37,65.69,9.08,81.62,55.67,39.47,76.26,8.69,32.23,48.55,36.0,0.54,0.0,68.51,0,61.6,deterministic_fallback
bangalore,20.68,,102.32,80.21,37.42,55.32,8.7,94.74,35.92,33.41,58.26,9.66,32.93,68.61,52.54,2.28,1.0,71.44,1,84.5,deterministic_fallback
kolkata,19.18,33.06,131.12,81.95,49.37,90.22,11.14,83.58,45.2,33.04,90.46,7.5,36.85,41.98,31.78,5.86,2.0,86.86,0,51.1,deterministic_fallback
mumbai,20.75,27.79,69.83,79.15,31.46,78.55,12.65,90.45,13.93,28.47,73.42,9.92,31.27,41.7,27.94,4.1,1.0,85.61,0,50.29,deterministic_fallback
bangalore,16.62,25.97,66.63,59.08,25.97,81.22,12.11,83.77,44.26,38.88,64.92,9.54,28.43,55.42,36.41,4.11,0.0,79.8,0,46.87,deterministic_fallback
delhi,,35.56,189.73,45.9,,72.13,10.18,80.52,46.97,35.07,68.81,9.68,26.93,51.37,34.75,8.8,0.0,100.0,0,43.51,deterministic_fallback
kolkata,10.03,35.03,140.28,85.23,60.0,80.68,8.27,68.94,46.91,37.42,90.81,6.29,39.8,53.77,27.37,3.19,2.0,55.78,1,74.02,deterministic_fallback
bangalore,13.01,26.82,54.49,58.65,27.77,75.44,12.01,93.27,43.28,34.59,73.15,5.87,23.77,57.24,21.75,7.04,1.0,,0,40.57,deterministic_fallback
chennai,23.93,33.86,102.86,,47.09,71.7,8.76,,39.24,32.09,66.19,5.76,24.12,28.83,17.14,5.65,0.0,85.11,0,27.72,deterministic_fallback
mumbai,16.82,27.2,,75.98,29.78,69.75,10.64,90.6,51.73,28.94,70.05,9.11,20.15,50.91,33.34,4.4,2.0,79.21,0,59.9,deterministic_fallback
kolkata,9.64,37.63,108.64,82.3,60.0,55.04,8.24,71.09,58.14,48.94,73.63,7.27,24.19,69.62,35.09,1.86,,63.88,0,56.48,deterministic_fallback
bangalore,3.18,26.45,66.3,80.09,26.45,88.52,12.24,78.27,52.75,31.82,75.85,6.81,20.54,45.15,37.69,2.24,1.0,65.43,0,53.53,deterministic_fallback
bangalore,15.16,29.57,76.24,66.81,33.34,92.09,11.77,95.13,22.21,37.46,83.06,8.17,22.82,38.7,22.58,6.9,1.0,88.29,0,44.44,deterministic_fallback
kolkata,28.86,32.18,165.39,77.78,44.07,61.62,8.76,86.84,,29.3,71.87,4.31,21.52,33.22,42.93,2.1,0.0,62.92,1,60.72,deterministic_fallback
delhi,4.98,35.92,197.36,71.37,54.74,71.8,10.15,77.85,13.59,42.15,80.34,10.31,32.78,58.33,52.06,4.59,,61.96,1,80.41,deterministic_fallback
delhi,18.08,30.39,222.06,46.98,31.14,55.25,9.83,88.11,36.28,32.61,64.33,7.78,28.1,70.82,67.6,0.94,3.0,63.05,1,107.58,deterministic_fallback
hyderabad,14.63,24.87,95.15,57.64,24.87,62.62,9.4,88.97,31.31,44.97,94.67,6.64,36.06,54.83,30.29,2.96,2.0,71.86,0,63.31,deterministic_fallback
mumbai,12.28,35.45,176.2,76.12,55.92,68.98,8.25,,50.46,31.47,73.08,5.38,25.97,43.33,41.89,7.97,1.0,88.46,0,59.24,deterministic_fallback
delhi,13.71,36.25,129.77,47.88,42.81,69.12,9.64,81.6,34.23,44.14,89.17,7.53,31.4,52.88,39.85,4.62,2.0,78.8,0,53.3,deterministic_fallback
mumbai,13.86,33.03,174.85,79.73,48.13,58.32,8.35,75.66,39.29,37.29,69.9,7.39,26.24,47.7,21.99,6.34,1.0,93.15,0,43.25,deterministic_fallback
mumbai,17.7,27.9,186.6,86.78,32.91,59.64,9.23,81.57,52.66,34.52,56.73,5.47,37.17,53.68,39.43,3.02,3.0,59.63,1,81.13,deterministic_fallback
kolkata,13.81,27.7,141.05,85.34,32.11,68.85,8.67,93.99,31.37,32.91,60.15,2.16,22.59,29.49,10.0,5.98,0.0,,0,20.0,deterministic_fallback
hyderabad,25.45,37.66,121.03,68.65,59.98,69.78,7.24,81.63,22.28,38.39,82.15,7.72,33.71,52.01,33.21,8.29,0.0,100.0,1,46.81,deterministic_fallback
delhi,9.36,41.41,180.61,58.1,60.0,73.08,8.56,78.74,24.64,41.34,89.84,9.14,22.17,38.08,,8.06,0.0,89.03,0,42.14,deterministic_fallback
bangalore,10.27,25.71,77.96,70.49,25.71,67.18,11.27,91.58,37.14,34.3,61.92,8.33,24.04,33.0,37.62,2.14,0.0,75.56,0,49.01,deterministic_fallback
bangalore,14.87,29.75,49.6,72.2,34.93,71.09,11.17,83.21,54.11,37.16,68.16,10.52,39.07,64.12,49.92,5.47,1.0,85.92,0,60.16,deterministic_fallback
hyderabad,15.64,33.01,98.24,68.12,42.71,85.56,10.17,77.6,40.23,38.48,83.43,7.02,32.23,54.96,40.83,7.74,1.0,,0,53.05,deterministic_fallback
kolkata,,29.55,143.68,72.75,34.57,69.09,8.77,86.46,44.92,41.91,,5.38,22.29,51.78,24.12,7.5,0.0,100.0,0,25.43,deterministic_fallback
kolkata,11.5,38.46,149.27,,60.0,,7.31,72.87,50.29,41.52,,6.28,23.35,41.02,24.59,7.31,1.0,88.94,0,48.82,deterministic_fallback
delhi,14.73,37.4,236.53,46.08,44.86,46.37,8.71,80.75,66.92,37.47,52.93,12.07,,69.76,64.7,0.0,3.0,48.53,1,106.51,deterministic_fallback
delhi,19.05,38.82,204.7,47.72,49.62,61.85,9.99,81.98,50.15,43.71,74.51,13.09,31.81,61.58,34.86,4.08,2.0,87.34,1,75.35,deterministic_fallback
bangalore,15.52,28.43,35.0,59.55,30.05,71.69,9.58,93.48,32.45,35.48,85.51,5.97,27.41,67.97,33.42,7.24,1.0,89.0,0,55.38,deterministic_fallback
bangalore,8.47,26.32,117.43,,,77.38,9.04,76.19,28.09,33.73,83.45,5.74,23.71,66.09,52.83,6.22,0.0,94.72,0,46.21,deterministic_fallback
bangalore,18.36,31.12,37.93,77.26,40.3,61.58,10.9,77.62,34.13,39.98,70.86,7.44,28.26,59.44,45.09,0.51,2.0,55.07,0,75.94,deterministic_fallback
hyderabad,12.22,35.18,70.85,77.14,55.44,63.43,7.8,77.09,27.81,33.57,65.14,6.69,32.73,39.71,41.44,4.2,0.0,88.89,0,48.87,deterministic_fallback
bangalore,9.12,25.72,70.2,64.19,25.72,69.91,8.86,87.94,42.6,34.74,75.67,4.98,23.53,,46.0,1.27,1.0,71.95,0,59.57,deterministic_fallback
delhi,3.41,39.16,187.84,52.05,53.48,58.86,8.89,86.74,57.78,38.82,72.17,6.75,23.87,38.6,41.72,0.72,0.0,65.14,0,53.02,deterministic_fallback
delhi,12.78,37.15,154.02,51.78,47.13,54.88,8.76,71.37,47.91,44.81,,5.56,33.33,48.54,49.01,0.83,3.0,51.56,1,93.62,deterministic_fallback
delhi,3.75,38.15,160.73,57.3,53.63,67.5,8.41,73.67,41.35,43.48,75.85,8.34,25.43,64.89,23.82,7.43,0.0,93.15,0,42.59,deterministic_fallback
mumbai,6.69,16.0,71.21,96.28,18.0,73.31,9.93,80.42,49.1,26.95,77.07,9.59,18.81,45.7,48.4,1.79,1.0,54.32,0,58.13,deterministic_fallback
mumbai,20.45,33.43,148.9,91.8,56.71,62.99,7.17,71.09,28.63,31.07,72.85,6.46,24.27,26.72,,4.2,2.0,74.41,0,53.59,deterministic_fallback
chennai,14.36,37.66,146.2,73.24,60.0,37.54,7.3,64.23,64.67,50.45,52.03,11.73,33.9,65.26,49.62,1.88,,59.83,0,83.98,deterministic_fallback
delhi,3.15,34.36,161.6,53.48,40.5,75.09,10.02,85.18,48.04,31.4,74.03,5.87,20.7,44.62,38.25,8.7,0.0,96.32,0,33.74,deterministic_fallback
mumbai,15.71,30.8,136.49,84.28,41.71,59.94,7.31,88.87,46.03,31.31,72.7,5.5,28.72,55.73,27.71,8.46,2.0,80.48,0,54.14,deterministic_fallback
bangalore,10.06,29.17,94.61,68.64,32.85,92.48,11.31,85.75,59.76,27.23,82.6,8.24,24.05,35.27,26.34,5.09,0.0,86.87,0,37.47,deterministic_fallback
chennai,34.19,34.35,97.5,67.97,46.96,70.27,7.33,,58.19,42.16,100.0,5.4,20.79,48.16,,6.02,2.0,84.43,0,54.87,deterministic_fallback
delhi,15.29,35.88,129.14,43.83,40.3,53.5,8.45,80.95,48.59,38.99,71.29,9.17,33.61,64.37,38.18,0.0,0.0,64.76,0,66.26,deterministic_fallback
chennai,5.32,37.85,63.06,83.61,60.0,80.16,9.49,68.61,33.34,39.54,68.71,6.87,23.96,33.17,25.97,7.73,0.0,90.61,0,27.42,deterministic_fallback
kolkata,25.03,32.84,119.23,93.01,54.52,77.92,8.89,81.42,42.74,40.24,70.79,7.18,33.61,49.95,34.27,2.63,1.0,73.06,0,60.13,deterministic_fallback
hyderabad,11.35,33.65,155.25,57.25,40.16,63.83,9.73,92.21,41.12,31.76,73.16,6.46,36.47,53.38,34.39,3.1,1.0,71.19,0,58.17,deterministic_fallback
hyderabad,12.25,34.79,91.4,61.07,44.93,66.26,7.38,71.56,38.64,29.22,79.55,4.51,24.42,47.39,44.01,1.11,0.0,73.14,0,51.32,deterministic_fallback
mumbai,16.27,34.73,92.22,88.88,60.0,74.51,7.44,75.24,37.49,38.4,90.03,9.6,25.54,54.31,36.73,6.16,0.0,83.53,0,42.69,deterministic_fallback
kolkata,5.71,33.88,142.33,67.82,45.32,62.29,9.11,76.54,34.55,37.22,86.07,6.54,34.44,52.16,39.27,1.4,1.0,72.7,0,59.65,deterministic_fallback
delhi,9.23,34.33,132.97,46.17,37.82,77.6,10.05,89.04,23.56,29.77,84.25,6.98,20.65,48.44,17.29,7.01,0.0,100.0,0,28.82,deterministic_fallback
kolkata,5.64,32.69,142.54,97.59,56.43,77.79,9.89,75.64,37.93,46.96,77.88,7.67,41.97,71.72,42.35,6.18,1.0,87.44,1,66.68,deterministic_fallback
bangalore,12.38,28.17,35.0,71.38,31.19,,12.45,80.06,25.24,34.13,93.12,6.3,26.16,72.32,22.5,6.37,1.0,90.34,0,44.97,deterministic_fallback
mumbai,7.76,35.21,83.87,69.59,50.87,59.3,9.43,83.3,50.68,33.91,67.67,7.23,24.35,64.44,57.4,0.0,1.0,63.69,0,65.51,deterministic_fallback
mumbai,15.24,34.22,122.32,80.16,53.23,58.31,8.06,76.09,42.67,,78.73,9.42,40.28,48.77,32.15,6.63,1.0,81.52,0,49.79,deterministic_fallback
hyderabad,11.53,30.87,155.25,67.09,36.43,85.16,11.51,84.13,40.85,38.46,76.4,7.59,30.31,54.31,33.01,7.93,1.0,91.27,1,47.69,deterministic_fallback
bangalore,9.87,35.58,132.0,48.42,41.42,48.21,9.03,83.09,55.32,41.32,53.63,7.08,36.99,47.79,33.87,3.76,0.0,80.57,1,58.96,deterministic_fallback
mumbai,13.23,24.47,81.75,80.47,24.47,70.66,7.39,83.14,24.5,25.08,87.53,3.86,22.26,35.21,35.47,3.55,0.0,92.53,0,43.33,deterministic_fallback
chennai,6.08,35.14,79.86,71.51,51.75,53.38,7.27,75.32,33.25,45.99,80.15,5.34,31.0,62.86,66.14,1.72,1.0,57.74,0,69.64,deterministic_fallback
chennai,9.65,32.2,97.82,61.64,38.07,52.72,7.45,75.99,30.93,37.41,51.5,4.92,13.84,59.92,,3.55,0.0,89.78,0,31.01,deterministic_fallback
bangalore,8.97,34.88,111.44,69.37,49.56,74.77,8.78,65.77,45.6,32.99,89.76,6.99,30.16,37.67,39.3,7.27,0.0,94.11,0,52.31,deterministic_fallback
bangalore,17.49,28.51,35.0,68.31,31.42,60.01,9.62,77.66,50.26,35.98,68.87,3.02,28.98,42.66,37.92,1.52,2.0,61.17,0,70.13,deterministic_fallback
mumbai,14.13,29.52,119.57,78.94,35.96,78.41,8.52,83.43,54.73,39.73,88.17,8.64,27.99,47.47,40.51,6.53,0.0,100.0,0,50.57,deterministic_fallback
chennai,11.8,33.12,80.13,72.16,44.81,62.44,8.33,68.77,61.32,30.1,71.46,7.77,28.23,50.3,25.04,0.0,1.0,72.35,0,56.44,deterministic_fallback
delhi,5.23,31.89,132.24,41.25,32.34,69.35,8.87,83.94,44.48,36.95,64.99,5.24,29.75,78.9,46.8,6.36,0.0,94.2,0,49.58,deterministic_fallback
kolkata,7.25,28.05,68.25,69.94,30.75,85.46,10.2,84.6,27.83,29.89,77.44,3.7,19.47,41.17,32.42,4.98,1.0,89.26,0,41.98,deterministic_fallback
delhi,14.39,34.44,172.01,44.63,37.56,52.38,8.7,84.52,25.82,38.75,61.1,6.15,30.71,55.88,44.46,1.45,1.0,58.45,0,59.96,deterministic_fallback
bangalore,11.6,25.14,109.77,,25.14,68.69,11.0,88.24,33.38,41.07,60.42,3.68,28.64,56.59,48.79,1.6,2.0,58.06,0,64.54,deterministic_fallback
delhi,19.55,37.47,208.88,52.43,48.43,68.91,8.97,88.77,41.09,39.34,78.87,8.43,32.95,53.76,47.66,3.25,0.0,67.5,1,71.1,deterministic_fallback
mumbai,7.34,31.06,126.61,78.03,40.38,81.45,11.54,88.72,12.35,33.36,80.89,5.94,24.39,45.97,25.67,5.04,1.0,77.76,0,50.53,deterministic_fallback
chennai,14.99,28.24,130.71,66.88,30.71,81.65,9.62,81.6,23.66,34.27,89.13,9.09,23.72,39.66,18.95,3.53,0.0,82.19,0,39.03,deterministic_fallback
bangalore,24.64,21.84,92.85,66.98,21.84,76.44,12.36,89.27,57.2,,71.53,9.05,29.8,85.27,49.1,5.15,0.0,87.18,1,65.57,deterministic_fallback
bangalore,11.16,27.99,64.99,74.79,31.3,69.46,10.17,93.07,57.03,26.78,62.76,9.41,20.27,58.09,34.73,1.34,0.0,80.28,0,48.43,deterministic_fallback
kolkata,2.91,30.22,99.14,85.27,39.99,80.46,9.27,78.29,26.77,35.93,78.84,6.35,23.74,,34.04,0.64,1.0,75.54,0,56.36,deterministic_fallback
kolkata,18.29,34.08,153.67,78.65,51.75,73.66,11.43,71.35,50.65,45.1,68.28,5.63,33.96,61.51,,6.65,1.0,87.82,0,51.97,deterministic_fallback
chennai,6.76,32.34,153.2,53.65,35.97,54.16,8.01,74.37,65.31,40.11,71.61,10.87,25.46,59.54,50.87,3.99,2.0,68.0,0,79.26,deterministic_fallback
mumbai,14.74,35.18,120.71,73.78,53.3,70.69,8.01,75.14,20.28,34.73,79.92,5.79,21.25,51.13,33.87,3.6,2.0,79.09,0,57.84,deterministic_fallback
hyderabad,21.46,37.38,62.28,55.86,50.17,52.1,6.84,78.71,60.42,41.98,70.84,4.16,34.18,53.19,43.03,2.05,2.0,72.68,0,75.64,deterministic_fallback
kolkata,17.61,42.93,140.5,75.15,60.0,52.04,6.26,83.48,47.16,46.41,74.83,8.03,30.25,45.52,27.23,8.73,0.0,100.0,0,35.38,deterministic_fallback
delhi,3.26,44.15,181.3,45.96,60.0,33.21,6.01,77.57,52.66,47.46,58.24,3.69,33.55,36.33,31.52,2.57,0.0,78.74,1,61.76,deterministic_fallback
mumbai,42.47,24.39,166.08,87.93,24.39,71.46,10.43,87.7,62.14,37.37,81.92,8.97,,42.4,48.36,5.89,0.0,92.92,0,56.89,deterministic_fallback
chennai,16.23,25.37,66.48,75.0,25.37,72.47,8.59,86.35,,39.7,72.79,5.91,26.59,57.25,40.67,5.21,0.0,79.07,0,39.12,deterministic_fallback
bangalore,,29.47,56.12,77.94,35.57,73.78,9.32,85.88,46.51,31.66,77.66,8.26,17.87,49.8,34.38,,1.0,58.35,1,73.07,deterministic_fallback
bangalore,15.81,28.07,85.74,57.2,29.25,74.24,10.81,87.67,29.4,32.26,75.44,9.06,21.62,62.94,42.24,0.26,,59.05,0,60.59,deterministic_fallback
kolkata,20.52,30.07,110.58,80.2,37.93,81.35,10.15,92.74,35.76,39.0,83.09,6.35,24.17,45.66,42.17,2.03,0.0,69.93,0,51.47,deterministic_fallback
hyderabad,,36.63,104.76,,42.01,73.22,9.82,82.01,43.53,27.37,70.46,6.13,25.57,,43.55,2.32,1.0,70.8,0,63.44,deterministic_fallback
bangalore,17.28,25.53,110.25,65.97,25.53,76.74,11.47,87.23,51.92,37.8,74.34,9.24,28.89,64.59,48.26,6.43,1.0,86.87,0,55.31,deterministic_fallback
delhi,8.94,33.58,137.46,41.35,35.05,75.79,11.84,81.71,51.37,39.37,64.35,4.46,23.0,47.67,35.27,4.27,0.0,69.7,0,44.73,deterministic_fallback
bangalore,0.31,23.03,118.98,78.28,23.03,60.99,8.74,83.37,59.27,37.4,69.97,5.29,13.88,58.46,35.41,2.86,0.0,60.38,0,48.98,deterministic_fallback
mumbai,11.02,30.06,80.26,82.16,38.48,68.44,10.45,84.33,34.82,37.86,79.31,8.43,30.19,49.56,31.51,4.26,1.0,82.96,0,49.42,deterministic_fallback
chennai,6.54,33.63,106.5,82.64,52.15,67.97,8.8,70.93,56.71,40.04,74.05,,33.73,61.71,17.49,9.12,0.0,99.3,0,28.94,deterministic_fallback
chennai,7.79,29.82,94.19,71.19,34.88,82.22,10.22,92.4,40.95,32.12,83.01,6.15,30.46,49.12,13.96,,0.0,93.75,0,29.46,deterministic_fallback
,12.61,35.16,200.38,41.85,38.11,63.84,7.97,93.41,27.99,45.88,82.36,8.42,26.93,61.69,51.08,0.24,0.0,59.21,1,79.05,deterministic_fallback
delhi,6.24,36.93,168.48,41.09,41.49,63.38,9.29,84.38,40.05,41.94,74.42,10.95,34.88,58.71,36.06,7.92,0.0,92.02,0,55.54,deterministic_fallback
kolkata,5.64,29.86,169.26,83.58,38.24,56.82,9.33,85.44,44.0,38.1,59.16,4.24,30.57,50.84,42.99,2.41,1.0,62.72,0,56.91,deterministic_fallback
mumbai,11.25,33.86,100.38,93.38,60.0,81.88,9.96,81.37,25.83,37.33,74.43,6.63,29.08,31.72,,6.5,0.0,99.04,0,38.06,deterministic_fallback
bangalore,5.02,23.47,55.34,71.7,23.47,76.09,9.24,88.01,26.35,30.26,67.5,9.4,21.47,45.26,14.76,8.57,0.0,99.74,0,26.52,deterministic_fallback
bangalore,12.24,23.44,112.9,,23.44,63.58,7.53,87.87,32.49,42.37,87.91,9.62,30.65,71.93,39.09,3.26,0.0,81.45,0,52.91,deterministic_fallback
hyderabad,16.39,34.44,112.72,57.8,42.46,74.38,9.42,82.21,29.98,31.56,77.47,6.97,33.5,,36.48,5.36,4.0,76.82,0,83.09,deterministic_fallback
mumbai,5.16,28.74,122.15,78.16,33.66,78.08,8.81,82.75,32.23,35.15,67.5,6.98,35.61,57.64,41.62,2.86,1.0,73.59,1,72.01,deterministic_fallback
hyderabad,3.0,27.81,39.89,,30.87,68.81,9.87,86.15,50.54,33.36,66.07,7.29,24.56,36.84,40.3,0.0,3.0,56.21,0,74.47,deterministic_fallback
delhi,10.73,39.93,230.43,59.73,60.0,52.44,8.63,76.17,18.79,42.92,54.58,10.36,31.35,58.99,55.38,0.0,1.0,58.3,1,82.44,deterministic_fallback
,39.33,38.6,99.46,63.23,59.63,52.33,7.63,78.22,55.96,51.06,82.17,11.73,24.1,60.61,50.65,3.66,1.0,84.57,0,70.32,deterministic_fallback
mumbai,20.48,29.37,159.82,80.52,35.91,85.21,,86.58,50.34,32.0,94.86,10.97,33.32,60.88,39.44,6.94,1.0,95.91,0,53.65,deterministic_fallback
bangalore,16.33,32.58,91.4,71.7,42.85,72.33,9.19,75.25,37.23,38.04,58.58,4.12,32.51,56.06,41.65,2.77,2.0,73.83,0,61.06,deterministic_fallback
bangalore,7.82,18.24,91.44,72.58,18.24,75.25,11.01,91.78,37.54,43.88,84.9,3.06,32.28,59.05,22.88,2.78,0.0,68.2,0,44.05,deterministic_fallback
mumbai,10.13,34.03,123.62,75.51,49.78,61.13,7.74,74.53,42.06,44.41,72.88,5.53,28.46,66.48,45.01,3.83,0.0,81.46,0,53.05,deterministic_fallback
mumbai,23.28,27.65,186.1,73.11,30.38,73.44,10.45,78.88,45.45,35.19,81.22,3.94,28.44,54.89,47.06,1.46,0.0,55.87,0,58.22,deterministic_fallback
mumbai,11.92,36.02,75.99,87.21,60.0,52.13,7.15,69.64,56.78,45.77,56.87,11.11,38.95,61.1,33.54,3.76,0.0,89.12,0,48.04,deterministic_fallback
delhi,3.94,,209.43,49.49,31.89,92.98,10.87,74.68,43.23,32.25,76.31,4.14,26.93,44.94,30.27,5.06,2.0,73.31,0,64.33,deterministic_fallback
mumbai,,,109.89,88.0,42.6,56.2,7.61,82.05,43.53,44.44,73.25,8.65,44.84,53.96,50.24,7.2,1.0,87.94,1,76.49,deterministic_fallback
kolkata,13.82,28.42,,95.27,36.24,89.25,10.6,91.55,15.95,34.43,84.99,5.0,29.31,29.67,13.02,6.6,1.0,79.0,0,43.88,deterministic_fallback
bangalore,10.27,28.44,68.06,72.99,32.01,84.62,10.19,83.86,46.29,33.22,80.03,2.48,22.87,,38.77,7.12,1.0,90.7,0,42.5,deterministic_fallback
chennai,14.5,38.98,99.29,78.03,60.0,53.7,8.17,81.58,34.66,41.75,75.14,10.02,27.42,49.93,39.57,3.76,0.0,77.43,0,48.95,deterministic_fallback
kolkata,14.65,31.96,118.18,100.0,53.97,,9.87,87.17,26.95,35.48,75.92,5.14,21.3,19.42,17.43,5.49,0.0,100.0,1,34.86,deterministic_fallback
mumbai,13.08,40.11,114.56,80.7,60.0,65.01,7.0,76.51,46.8,45.48,87.56,12.46,36.29,66.28,58.76,1.15,3.0,61.89,1,94.23,deterministic_fallback
hyderabad,11.89,30.56,65.35,50.23,31.95,70.58,9.91,73.05,,35.32,70.07,10.85,32.83,49.85,43.14,0.94,0.0,62.73,0,61.36,deterministic_fallback
kolkata,13.55,35.93,133.15,79.83,60.0,71.68,8.44,81.93,39.58,40.95,88.18,7.75,,38.7,13.02,7.96,2.0,79.34,0,46.84,deterministic_fallback
hyderabad,9.72,25.85,124.13,71.19,25.85,69.93,9.69,81.05,68.12,35.07,83.21,1.34,24.98,47.3,32.78,5.13,1.0,65.82,0,47.81,deterministic_fallback
bangalore,13.96,25.64,,58.76,25.64,79.67,10.66,93.54,49.83,31.69,80.86,6.26,28.41,51.76,44.93,1.26,0.0,60.61,0,58.21,deterministic_fallback
bangalore,9.01,26.32,124.96,62.7,26.32,56.99,10.41,,69.31,38.32,64.42,13.23,37.17,85.21,52.66,3.13,0.0,67.1,0,68.68,deterministic_fallback
mumbai,18.61,36.71,150.61,88.34,60.0,61.43,7.55,72.67,52.88,42.98,85.3,9.33,39.16,65.66,29.42,7.91,2.0,93.25,0,54.45,deterministic_fallback
bangalore,13.12,,108.8,66.88,30.22,72.55,11.05,82.78,44.22,35.19,73.93,6.07,21.23,53.51,24.6,,5.0,41.99,0,77.92,deterministic_fallback
kolkata,18.24,22.12,153.93,81.58,22.12,69.27,10.49,77.83,57.43,35.83,59.97,6.2,31.71,62.15,55.0,2.69,2.0,66.91,0,67.95,deterministic_fallback
kolkata,7.04,25.06,144.68,90.15,25.06,72.09,9.42,76.47,48.26,40.16,77.02,8.52,23.45,61.74,35.29,7.42,0.0,89.51,0,42.74,deterministic_fallback
mumbai,32.56,30.46,151.77,74.87,37.54,79.63,8.77,71.17,54.51,32.59,99.44,8.86,24.18,,17.81,7.79,2.0,91.29,0,48.54,deterministic_fallback
hyderabad,15.86,35.02,142.25,47.52,39.78,65.48,9.2,99.53,49.55,31.45,68.24,7.3,20.54,63.98,46.17,2.33,1.0,58.96,0,56.46,deterministic_fallback
delhi,6.64,36.73,185.0,38.42,36.73,73.98,10.8,78.7,25.31,43.22,75.29,10.27,26.9,55.95,35.16,8.58,1.0,97.05,0,56.64,deterministic_fallback
kolkata,,31.95,94.21,87.13,47.37,63.6,6.72,72.38,25.46,34.84,81.11,9.42,20.1,50.58,30.08,,1.0,89.44,0,51.03,deterministic_fallback
mumbai,9.22,29.47,96.7,80.81,36.3,53.8,9.13,88.07,49.53,40.21,69.2,7.51,23.34,57.81,29.95,3.02,0.0,73.32,0,41.24,deterministic_fallback
kolkata,15.56,34.32,148.24,76.7,51.59,77.5,8.25,71.46,26.81,40.17,79.26,2.89,24.0,44.1,28.35,7.25,2.0,90.84,0,47.44,deterministic_fallback
chennai,17.36,28.85,,66.12,31.74,89.47,8.38,74.72,52.18,31.39,74.0,4.79,27.53,49.77,,7.0,2.0,72.77,0,53.68,deterministic_fallback
mumbai,13.18,32.16,129.64,76.89,43.6,61.18,7.96,61.16,57.05,35.44,75.1,5.42,27.09,46.57,48.03,0.76,0.0,51.1,1,70.44,deterministic_fallback
mumbai,23.27,,102.46,88.79,48.65,64.82,8.73,78.93,44.98,37.65,69.06,6.93,20.37,50.13,51.62,0.2,2.0,57.59,1,83.31,deterministic_fallback
chennai,11.16,30.1,137.67,68.21,34.85,88.25,9.86,81.35,40.34,29.55,98.78,11.3,36.01,16.16,12.97,7.66,1.0,100.0,1,53.69,deterministic_fallback
mumbai,34.43,32.27,78.69,75.45,43.39,43.14,8.4,83.21,59.07,37.61,69.14,13.42,27.78,62.38,46.95,0.39,0.0,62.14,0,74.37,deterministic_fallback
bangalore,9.04,27.77,54.49,59.2,29.04,87.25,8.92,87.17,42.18,34.17,75.9,7.15,20.33,55.91,30.44,5.94,0.0,100.0,0,37.52,deterministic_fallback
kolkata,23.99,35.33,81.99,79.98,58.04,56.14,7.74,73.33,49.58,43.55,84.53,9.59,34.72,64.08,38.26,4.06,0.0,70.59,0,58.32,deterministic_fallback
bangalore,6.07,22.45,36.74,71.19,22.45,75.39,8.62,84.48,26.95,35.2,63.83,2.62,25.44,34.7,24.24,5.34,0.0,81.79,0,41.82,deterministic_fallback
delhi,1.29,33.88,230.0,66.02,44.48,88.32,11.13,80.99,25.88,36.24,89.73,6.91,23.65,61.95,53.41,,2.0,75.9,0,69.35,deterministic_fallback
bangalore,14.53,30.46,,70.9,36.43,78.35,11.7,80.03,28.7,32.66,60.99,5.81,28.99,59.16,54.42,0.39,1.0,,0,64.82,deterministic_fallback
mumbai,29.36,35.96,113.34,79.92,60.0,52.66,6.97,65.74,42.87,42.45,80.97,6.44,28.37,63.84,44.81,0.23,2.0,51.35,1,86.7,deterministic_fallback
kolkata,14.59,34.32,148.95,89.07,59.43,56.7,6.84,64.66,63.69,,89.85,8.53,,45.52,37.43,5.04,,73.97,0,50.88,deterministic_fallback
delhi,16.46,33.48,181.8,55.89,39.24,71.78,10.71,95.1,28.25,29.29,66.92,7.28,32.83,53.26,47.95,3.72,0.0,83.43,0,52.68,deterministic_fallback
mumbai,29.27,34.95,88.84,75.72,53.56,68.08,8.69,72.6,35.41,44.47,65.28,3.54,31.57,45.32,55.29,0.67,3.0,54.59,1,99.23,deterministic_fallback
delhi,4.17,34.19,235.12,,46.3,88.09,11.55,69.22,25.71,34.86,75.42,10.79,28.78,40.74,,7.98,2.0,88.7,0,52.48,deterministic_fallback
kolkata,8.49,25.09,189.27,81.48,25.09,91.53,12.41,87.11,31.25,,75.97,10.46,24.56,51.69,37.85,1.22,1.0,67.29,0,65.63,deterministic_fallback
mumbai,13.16,33.38,121.55,80.94,50.17,59.49,6.83,74.49,46.9,39.38,69.65,7.87,29.46,51.54,32.42,7.62,1.0,92.28,0,41.2,deterministic_fallback
kolkata,11.38,25.41,121.15,86.32,25.41,81.78,,84.96,,28.35,70.94,5.82,19.41,33.3,33.64,,1.0,,0,57.11,deterministic_fallback
hyderabad,15.51,30.37,,62.01,34.0,,9.75,83.8,38.92,28.41,70.23,4.29,20.06,40.79,22.63,2.56,0.0,72.53,0,46.94,deterministic_fallback
chennai,19.69,30.05,,87.78,40.17,70.33,10.1,92.71,37.32,33.64,63.46,5.08,24.95,50.69,29.32,4.29,1.0,72.17,0,44.84,deterministic_fallback
kolkata,12.48,29.45,138.81,77.28,35.35,88.47,10.82,82.36,43.28,31.55,65.66,9.32,23.7,67.3,40.7,5.2,3.0,68.04,0,62.08,deterministic_fallback
chennai,15.63,33.03,117.29,81.52,49.04,67.55,9.68,83.54,41.37,39.29,77.38,5.77,33.76,48.49,48.88,4.85,2.0,73.01,0,69.94,deterministic_fallback
kolkata,22.96,29.07,109.2,84.15,35.89,61.33,10.77,88.13,47.65,36.34,71.79,12.94,31.63,58.05,38.29,1.01,1.0,63.06,0,65.99,deterministic_fallback
mumbai,13.39,31.09,89.11,86.93,43.81,67.28,,70.08,66.92,29.91,65.72,8.26,13.54,46.61,38.14,2.36,0.0,59.76,0,49.79,deterministic_fallback
chennai,13.25,34.2,176.01,73.34,49.24,60.7,7.9,79.91,42.79,35.68,71.31,9.17,35.97,50.83,45.47,1.85,0.0,77.11,1,70.94,deterministic_fallback
bangalore,4.08,23.18,77.81,65.52,23.18,87.49,11.57,81.77,33.5,33.89,69.16,13.3,28.38,38.4,28.11,3.4,0.0,77.78,0,53.43,deterministic_fallback
bangalore,21.78,33.98,87.17,75.6,49.65,70.24,7.89,74.72,8.5,41.78,90.51,11.27,34.65,37.42,25.96,6.53,0.0,84.57,0,48.6,deterministic_fallback
kolkata,2.81,29.31,110.41,84.09,,,12.32,79.53,39.18,28.0,75.42,4.91,22.77,45.71,36.19,3.96,1.0,87.75,0,48.52,deterministic_fallback
kolkata,8.7,31.68,80.45,75.13,41.32,83.46,9.08,92.35,13.68,44.78,91.56,3.8,22.96,52.9,15.81,7.95,0.0,98.86,0,27.29,deterministic_fallback
hyderabad,9.6,37.54,117.49,69.53,60.0,47.53,7.41,85.78,49.28,35.34,,5.1,19.8,43.39,35.9,1.93,3.0,,0,69.89,deterministic_fallback
bangalore,11.17,34.23,53.9,74.75,50.14,61.34,8.7,73.61,40.08,29.65,75.87,7.04,32.88,41.25,34.18,1.56,,76.39,1,64.92,deterministic_fallback
bangalore,11.95,29.47,83.5,68.36,33.44,,8.33,85.38,52.47,42.22,77.19,4.57,21.85,56.19,42.92,0.45,1.0,69.77,0,58.26,deterministic_fallback
delhi,10.61,34.73,225.09,46.1,38.64,41.0,7.8,84.37,36.09,31.43,66.15,5.19,18.62,52.66,39.65,0.75,3.0,47.68,1,88.67,deterministic_fallback
delhi,5.57,,210.29,52.36,31.46,67.52,11.04,80.98,42.54,40.29,64.91,8.56,26.58,53.86,45.35,2.1,2.0,61.8,0,71.82,deterministic_fallback
delhi,16.96,34.29,233.0,55.64,41.15,49.45,7.58,90.31,54.77,34.51,67.65,10.96,20.55,54.74,37.31,2.98,0.0,72.51,0,56.99,deterministic_fallback
mumbai,19.32,34.14,163.55,66.79,45.68,81.57,11.9,95.08,28.75,34.73,83.06,12.48,29.2,40.22,32.32,,0.0,77.52,0,48.52,deterministic_fallback
mumbai,12.09,30.54,130.3,81.97,,77.4,9.71,80.51,49.77,29.42,63.81,7.13,27.65,44.71,41.94,4.72,0.0,85.96,0,45.11,deterministic_fallback
chennai,15.04,19.15,119.51,80.42,19.15,66.53,9.15,97.02,50.32,41.18,84.67,8.98,32.15,59.55,31.74,6.1,0.0,95.96,0,48.15,deterministic_fallback
bangalore,21.5,30.61,89.4,50.9,32.15,69.43,10.3,81.13,46.98,41.11,73.32,2.85,27.33,58.99,56.0,0.42,0.0,68.53,0,60.54,deterministic_fallback
kolkata,21.09,32.69,55.28,84.26,49.04,52.01,6.34,72.96,64.97,36.65,76.76,9.8,29.82,53.54,25.42,8.07,1.0,95.56,0,47.0,deterministic_fallback
hyderabad,8.3,31.39,104.21,64.22,36.88,60.2,9.51,82.73,52.88,37.51,69.8,5.02,38.03,68.55,48.97,0.75,2.0,,0,70.48,deterministic_fallback
mumbai,18.06,32.64,97.26,84.09,48.74,65.22,8.31,82.54,30.01,43.99,70.63,7.82,24.66,66.83,51.77,0.0,2.0,46.45,0,77.58,deterministic_fallback
mumbai,15.68,33.61,123.85,85.67,53.86,64.47,,76.15,48.26,35.47,90.14,7.4,32.04,38.8,38.31,2.86,0.0,87.88,0,52.43,deterministic_fallback
mumbai,15.49,27.92,,76.62,31.4,80.67,9.26,90.08,32.55,38.99,80.12,6.9,32.23,45.22,23.8,5.28,3.0,69.5,0,65.39,deterministic_fallback
kolkata,15.07,37.42,135.12,73.89,60.0,73.18,9.52,71.28,59.45,43.05,62.77,3.64,30.61,64.54,42.33,2.05,2.0,59.22,1,87.66,deterministic_fallback
mumbai,,27.02,153.47,64.94,28.47,61.09,9.85,90.03,52.3,34.27,65.19,5.49,28.65,60.23,44.03,0.6,4.0,45.55,0,87.98,deterministic_fallback
bangalore,22.02,28.53,94.82,78.5,33.19,76.37,10.47,91.58,16.01,28.69,66.4,5.11,27.17,50.23,27.16,6.89,1.0,85.35,0,41.17,deterministic_fallback
kolkata,25.36,29.39,178.97,88.65,38.1,51.76,8.86,93.87,55.07,28.95,55.44,6.34,19.8,37.87,40.43,6.24,1.0,85.54,1,58.06,deterministic_fallback
kolkata,13.31,28.19,103.89,91.41,34.62,68.85,8.66,81.0,38.09,34.72,66.0,9.19,17.9,38.94,21.22,5.91,2.0,79.96,0,46.42,deterministic_fallback
delhi,2.48,34.69,164.77,43.4,37.67,71.99,9.69,83.85,33.02,35.32,72.34,6.13,31.15,51.35,36.74,1.0,0.0,67.51,0,51.44,deterministic_fallback
mumbai,30.54,35.01,183.42,86.87,60.0,58.33,5.05,73.0,38.62,43.41,84.73,6.9,23.87,38.35,35.38,4.9,1.0,75.03,1,64.35,deterministic_fallback
mumbai,11.38,35.0,140.36,66.89,48.6,82.18,8.03,74.95,49.93,36.64,87.9,8.11,22.58,56.75,30.44,6.67,0.0,93.87,0,36.48,deterministic_fallback
mumbai,7.06,32.52,128.92,71.61,42.61,57.79,7.98,75.64,30.9,29.04,62.29,6.99,21.93,48.99,34.61,2.48,2.0,58.19,0,69.91,deterministic_fallback
mumbai,9.0,23.36,118.12,79.73,23.36,70.13,7.82,86.42,50.29,28.41,64.35,11.57,24.39,31.04,35.78,1.1,1.0,68.39,0,66.13,deterministic_fallback
bangalore,0.0,20.35,57.01,73.31,20.35,80.4,11.27,93.34,16.04,39.31,71.14,8.48,24.44,39.76,24.82,7.11,1.0,95.94,0,46.41,deterministic_fallback
kolkata,14.49,28.31,78.09,95.59,35.88,76.99,10.1,87.62,48.66,29.66,54.05,1.58,21.07,43.04,22.86,,0.0,98.23,0,25.01,deterministic_fallback
bangalore,4.3,25.4,52.26,66.42,25.4,65.75,9.29,89.35,48.44,33.23,70.95,8.72,30.64,49.92,37.69,0.92,2.0,54.07,1,84.99,deterministic_fallback
hyderabad,7.61,31.14,118.93,51.68,33.19,84.72,11.0,78.95,49.16,25.8,86.18,7.98,22.61,59.83,23.7,5.82,,83.36,0,55.89,deterministic_fallback
mumbai,11.33,35.43,95.17,71.57,52.92,59.93,7.02,75.42,43.09,36.81,77.75,10.72,23.63,50.76,21.32,7.94,1.0,88.49,0,50.76,deterministic_fallback
chennai,22.31,31.46,92.46,70.28,38.94,60.9,8.16,77.42,45.08,33.81,61.42,,28.8,45.68,53.16,3.79,0.0,79.68,0,54.28,deterministic_fallback
hyderabad,19.46,36.41,158.71,77.32,60.0,47.2,9.02,72.68,38.28,40.73,60.06,10.44,28.9,39.75,42.61,0.17,0.0,61.72,0,62.24,deterministic_fallback
kolkata,6.22,33.57,109.65,87.55,54.77,80.82,11.42,82.43,21.46,35.52,73.71,5.57,26.08,39.12,14.84,4.74,0.0,100.0,0,26.9,deterministic_fallback
kolkata,36.24,,143.73,92.8,48.69,74.32,9.42,87.78,43.0,34.87,84.86,9.38,31.04,55.59,38.25,8.41,2.0,84.5,0,73.8,deterministic_fallback
delhi,14.1,44.97,200.71,48.22,60.0,58.07,8.28,64.0,36.45,40.6,68.5,5.83,29.47,63.79,41.89,2.59,1.0,51.45,1,73.94,deterministic_fallback
mumbai,25.05,,123.97,79.99,33.75,51.03,8.93,85.66,40.86,38.98,76.0,4.9,35.39,75.22,49.21,0.47,2.0,52.12,1,91.62,deterministic_fallback
delhi,0.0,30.75,168.9,54.59,33.11,48.63,9.39,89.93,65.28,32.81,71.32,8.25,20.03,71.09,43.45,1.74,2.0,50.41,1,81.19,deterministic_fallback
bangalore,29.1,23.38,93.72,66.28,23.38,85.44,10.21,81.98,26.56,31.94,79.84,8.4,33.01,48.46,36.34,7.23,0.0,90.15,0,50.69,deterministic_fallback
kolkata,6.55,34.2,138.43,79.19,52.58,75.83,10.3,68.26,57.37,43.99,67.15,3.27,25.99,59.62,34.96,5.01,0.0,75.96,0,42.7,deterministic_fallback
delhi,11.49,41.23,155.17,44.52,54.69,41.12,,64.59,32.14,38.48,62.75,8.52,20.77,59.87,46.61,0.23,4.0,,0,93.8,deterministic_fallback
chennai,8.99,28.86,,71.14,32.63,81.71,11.12,89.72,28.23,34.28,64.28,0.0,22.03,42.86,42.76,4.86,2.0,69.28,0,57.87,deterministic_fallback
bangalore,15.27,22.51,66.44,69.61,22.51,88.31,9.32,85.08,19.57,28.57,85.85,4.56,20.9,21.7,10.0,7.93,0.0,100.0,0,29.99,deterministic_fallback
mumbai,16.66,34.39,99.46,72.76,49.63,58.14,9.34,80.83,,33.76,68.05,2.71,23.26,51.49,32.27,0.67,1.0,60.92,0,55.08,deterministic_fallback
delhi,9.15,34.17,189.13,52.02,39.49,65.73,9.32,83.9,54.05,30.81,39.87,10.06,19.15,33.01,28.9,6.35,0.0,98.72,1,44.9,deterministic_fallback
hyderabad,18.49,38.83,138.11,61.76,59.4,68.45,8.16,83.35,47.83,40.37,77.2,6.7,33.49,39.95,28.09,2.62,0.0,74.34,0,50.19,deterministic_fallback
hyderabad,19.25,35.18,116.27,58.11,44.67,,9.76,85.32,,43.79,80.12,7.42,25.88,46.89,40.48,0.42,1.0,66.61,0,62.05,deterministic_fallback
bangalore,3.91,28.12,72.46,61.69,29.83,78.64,9.56,77.44,72.64,30.34,66.43,6.08,13.6,50.43,30.68,2.48,1.0,67.49,0,45.25,deterministic_fallback
delhi,4.52,34.2,180.94,50.2,38.91,81.85,9.09,84.82,41.45,37.12,81.61,9.21,26.76,65.68,41.6,6.45,0.0,100.0,0,48.52,deterministic_fallback
chennai,3.69,27.68,35.0,70.26,30.1,76.11,10.82,91.91,36.97,36.16,77.06,8.9,36.74,45.5,23.91,6.3,1.0,90.49,0,45.94,deterministic_fallback
mumbai,25.95,30.15,128.63,80.45,38.27,46.04,9.11,75.63,45.71,41.76,47.62,9.56,24.99,51.72,47.08,0.0,2.0,48.94,1,85.81,deterministic_fallback
kolkata,,26.41,156.64,91.46,26.41,78.68,9.89,92.24,28.33,29.63,88.11,6.36,19.95,35.21,45.25,0.3,2.0,60.1,0,69.88,deterministic_fallback
mumbai,11.25,31.82,88.86,68.88,39.49,83.99,,82.93,35.58,35.05,73.74,8.81,25.05,51.59,26.18,4.18,2.0,73.81,0,48.58,deterministic_fallback
,22.08,33.97,146.65,97.15,60.0,55.78,9.27,75.72,59.14,47.54,72.84,,40.4,58.91,51.52,1.93,0.0,69.48,0,61.72,deterministic_fallback
,12.37,31.02,91.09,68.41,37.17,63.74,10.58,,50.73,37.14,66.48,5.82,26.03,51.03,48.6,1.74,0.0,70.68,0,60.01,deterministic_fallback
bangalore,,29.79,106.4,71.78,34.94,64.09,10.79,81.09,57.52,39.38,72.62,,23.68,58.11,25.95,3.54,2.0,75.94,0,50.29,deterministic_fallback
bangalore,3.02,26.11,95.34,62.22,26.11,82.31,9.62,82.02,25.75,36.56,79.95,10.63,28.17,42.24,44.95,5.56,1.0,68.94,0,54.3,deterministic_fallback
bangalore,12.48,30.89,53.61,78.14,39.87,69.86,9.38,94.33,47.78,35.99,65.93,4.5,,39.91,25.32,4.77,0.0,81.5,0,38.63,deterministic_fallback
kolkata,11.19,35.06,156.76,80.89,57.4,73.13,9.03,74.31,39.17,39.56,94.25,10.81,30.56,45.14,27.58,6.68,1.0,93.69,0,51.6,deterministic_fallback
bangalore,6.78,31.88,,65.39,38.47,75.01,9.29,100.0,42.94,31.73,79.94,7.35,20.06,48.23,43.43,0.26,2.0,57.31,0,68.68,deterministic_fallback
bangalore,10.87,33.32,101.88,64.27,42.04,71.86,9.87,83.03,32.49,36.71,79.74,,25.44,59.45,42.78,3.14,2.0,60.96,0,66.83,deterministic_fallback
bangalore,18.72,27.67,67.22,67.35,29.73,59.36,8.92,79.8,34.22,35.1,73.02,8.72,33.54,56.28,35.61,3.75,0.0,62.68,0,52.95,deterministic_fallback
mumbai,19.59,30.37,136.62,82.91,39.73,80.79,11.87,74.58,56.21,43.04,67.73,5.17,33.2,61.39,33.62,5.14,,89.94,0,59.05,deterministic_fallback
hyderabad,14.23,32.7,69.59,,38.95,60.62,9.98,91.1,53.51,37.92,85.35,11.5,32.93,59.45,43.21,3.84,0.0,78.37,0,53.79,deterministic_fallback
delhi,0.86,29.92,201.98,48.75,30.74,91.87,10.73,87.77,25.84,32.95,84.77,6.44,24.93,45.16,26.76,8.36,2.0,100.0,0,51.22,deterministic_fallback
hyderabad,3.69,26.58,91.55,52.6,26.58,82.68,10.0,92.51,42.83,28.03,76.44,9.05,28.72,42.63,25.47,7.37,0.0,100.0,0,36.04,deterministic_fallback
mumbai,14.0,27.51,147.2,72.97,30.07,65.12,12.24,98.35,62.41,41.18,65.29,6.01,31.65,61.68,49.68,5.64,0.0,82.37,0,58.08,deterministic_fallback
kolkata,19.61,31.11,103.91,78.88,40.86,60.9,7.87,85.44,43.33,32.93,58.0,3.51,23.87,47.31,29.64,3.27,1.0,55.72,0,50.03,deterministic_fallback
bangalore,11.44,,93.44,72.6,29.77,63.38,9.19,87.77,24.86,33.16,73.32,12.06,30.14,51.49,35.7,1.91,1.0,63.74,0,59.9,deterministic_fallback
kolkata,14.27,26.53,133.44,87.44,26.53,85.28,11.04,94.09,30.27,41.38,73.02,5.41,25.79,60.34,45.14,4.68,1.0,79.47,0,58.43,deterministic_fallback
bangalore,17.63,27.81,88.41,75.79,31.06,82.13,10.3,91.21,34.63,38.97,86.64,9.16,36.79,54.66,39.74,3.94,1.0,79.46,0,63.34,deterministic_fallback
mumbai,19.91,32.34,,79.58,45.45,65.16,8.13,,42.11,36.44,79.73,0.34,33.96,62.13,52.97,0.0,2.0,46.62,0,77.23,deterministic_fallback
chennai,16.32,37.8,125.84,78.37,60.0,,7.4,80.8,40.65,35.07,73.3,6.81,25.08,41.18,30.04,2.45,0.0,74.5,0,49.88,deterministic_fallback
hyderabad,9.92,39.14,57.93,57.45,57.27,65.66,8.25,75.61,43.22,40.97,78.22,8.42,28.93,61.49,28.82,,0.0,,0,35.59,deterministic_fallback
chennai,24.69,36.67,92.91,62.04,51.57,,8.74,87.21,43.58,35.63,62.4,8.07,27.87,40.68,34.58,3.86,1.0,,0,50.82,deterministic_fallback
bangalore,20.12,24.72,,67.88,24.72,95.0,11.92,89.61,52.46,30.56,90.2,7.02,25.76,,42.39,8.17,0.0,97.42,0,48.21,deterministic_fallback
hyderabad,13.18,33.84,126.03,56.05,40.18,71.49,10.18,90.36,34.35,33.09,71.29,6.91,33.13,52.07,49.4,1.29,2.0,63.42,0,76.72,deterministic_fallback
chennai,18.32,31.86,120.83,67.15,39.01,90.77,11.08,83.75,59.99,26.69,85.65,9.08,22.54,59.87,29.52,8.04,0.0,100.0,0,34.4,deterministic_fallback
hyderabad,40.45,32.14,112.77,56.7,36.42,76.23,9.16,75.74,65.87,43.25,88.04,5.2,25.11,63.25,37.54,7.27,3.0,90.16,1,62.89,deterministic_fallback
delhi,19.17,33.72,223.62,51.61,38.31,72.14,10.21,86.29,59.41,40.38,63.91,8.68,28.53,56.73,47.67,3.18,0.0,70.9,0,55.74,deterministic_fallback
hyderabad,10.33,30.3,111.09,49.76,31.47,68.48,,89.89,40.2,,68.22,11.01,34.99,69.26,42.35,4.7,,58.33,1,71.66,deterministic_fallback
hyderabad,17.17,33.21,135.91,53.69,37.86,95.0,10.26,84.32,35.12,35.91,100.0,3.9,32.22,44.36,23.07,8.5,0.0,99.42,0,29.01,deterministic_fallback
kolkata,16.88,31.06,129.76,94.73,46.92,68.33,9.2,77.83,55.64,38.79,,7.18,,65.73,48.56,4.5,1.0,77.29,0,62.6,deterministic_fallback
delhi,7.6,36.71,174.6,36.79,36.71,91.2,12.16,73.72,33.61,36.3,75.42,4.16,23.04,38.05,22.91,7.69,1.0,85.46,0,33.87,deterministic_fallback
bangalore,8.88,33.33,126.68,67.24,43.32,75.21,10.81,78.9,33.01,35.1,83.16,7.48,27.39,59.89,47.72,0.0,2.0,43.84,0,75.57,deterministic_fallback
chennai,12.53,34.34,163.1,65.67,45.77,69.89,8.79,72.76,32.57,30.54,67.19,6.89,21.62,43.2,39.03,1.15,0.0,63.26,0,47.87,deterministic_fallback
bangalore,,31.82,65.39,63.49,37.72,58.98,8.68,87.18,37.9,35.86,73.18,4.09,16.52,54.61,,0.0,0.0,61.2,0,49.56,deterministic_fallback
chennai,8.24,31.84,115.8,73.08,41.05,70.17,8.75,85.85,28.87,38.0,68.55,6.47,23.91,54.75,46.48,2.61,1.0,70.89,0,71.11,deterministic_fallback
bangalore,11.28,22.8,86.58,61.0,22.8,79.05,9.82,83.17,75.19,31.02,79.17,7.1,28.2,51.43,15.78,7.15,0.0,78.88,0,40.75,deterministic_fallback
mumbai,27.6,29.04,127.03,84.8,35.95,88.14,11.3,95.92,22.77,30.72,75.59,6.1,24.59,44.12,31.78,8.04,0.0,86.7,0,41.84,deterministic_fallback
chennai,9.49,27.75,95.61,85.57,32.28,66.47,10.66,87.72,37.99,36.88,68.39,5.77,28.02,76.06,22.56,4.13,2.0,81.31,0,50.16,deterministic_fallback
mumbai,8.47,20.97,110.09,85.41,20.97,76.98,10.69,86.26,42.61,32.98,77.54,5.33,30.51,36.52,34.71,3.37,1.0,72.36,0,50.11,deterministic_fallback
mumbai,23.38,28.85,35.0,88.07,36.09,85.65,10.93,89.56,37.15,34.15,72.79,,22.14,45.06,13.38,8.12,1.0,95.54,0,28.76,deterministic_fallback
hyderabad,7.25,36.73,139.85,47.54,43.86,62.87,8.33,78.33,35.47,47.55,81.08,8.92,27.14,54.95,39.1,4.1,0.0,71.51,0,45.34,deterministic_fallback
chennai,30.44,33.13,86.49,74.49,45.94,43.65,8.19,85.93,56.99,39.44,71.06,11.36,31.84,56.99,33.02,4.54,0.0,82.88,1,63.13,deterministic_fallback
kolkata,21.77,31.52,135.41,86.48,45.3,43.64,9.47,72.16,64.38,41.54,51.86,3.06,26.62,54.2,53.32,0.06,0.0,,0,58.96,deterministic_fallback
delhi,11.25,38.27,186.5,56.87,53.77,62.31,7.61,77.75,41.39,35.35,75.92,10.56,24.44,62.16,56.51,1.34,0.0,63.85,1,75.66,deterministic_fallback
mumbai,22.52,24.89,93.01,93.83,24.89,77.52,8.21,91.7,54.05,36.63,82.86,9.2,35.59,45.87,34.49,5.8,1.0,74.63,0,50.43,deterministic_fallback
kolkata,13.9,31.35,143.04,90.66,46.43,75.98,8.0,75.88,23.92,39.74,98.19,4.1,25.26,73.5,44.1,5.09,0.0,79.32,0,47.1,deterministic_fallback
mumbai,25.55,35.14,117.62,87.22,60.0,58.41,9.03,64.98,41.26,42.25,72.8,7.16,26.88,52.72,51.84,2.86,3.0,77.56,1,84.05,deterministic_fallback
mumbai,10.71,29.45,84.34,99.93,41.67,78.0,9.19,76.58,44.41,41.68,79.29,5.36,31.01,44.74,24.42,5.53,2.0,77.38,0,49.36,deterministic_fallback
delhi,10.47,27.41,193.58,50.61,27.86,,10.62,96.51,63.26,32.35,80.2,10.08,25.66,49.43,47.9,6.26,0.0,96.32,0,52.91,deterministic_fallback
bangalore,2.09,24.09,74.68,65.85,24.09,82.24,8.94,81.96,22.08,26.75,82.75,3.12,16.08,43.29,38.35,0.65,1.0,59.81,0,52.97,deterministic_fallback
kolkata,12.63,34.61,182.51,83.43,57.05,77.26,8.85,69.76,20.79,32.39,86.26,13.58,33.72,33.88,27.98,7.15,2.0,85.11,1,72.42,deterministic_fallback
chennai,4.41,32.46,74.5,67.03,40.63,73.8,9.57,86.23,42.73,36.74,81.27,9.05,23.59,55.52,31.91,5.47,0.0,82.73,0,46.83,deterministic_fallback
hyderabad,7.03,24.85,86.27,59.1,24.85,77.92,10.56,68.5,39.44,33.27,71.63,3.32,24.47,45.35,,0.61,2.0,66.62,0,58.42,deterministic_fallback
mumbai,19.32,39.59,141.05,65.73,60.0,61.52,7.35,67.17,32.76,40.2,79.48,11.72,30.81,42.51,32.72,1.68,1.0,68.54,0,63.01,deterministic_fallback
delhi,14.1,30.94,165.89,45.89,31.76,84.05,10.69,96.03,23.73,26.89,76.68,9.79,34.08,37.58,26.06,7.34,2.0,82.66,0,58.14,deterministic_fallback
bangalore,14.42,28.53,37.66,68.23,31.45,52.47,9.44,79.5,42.08,43.99,61.18,6.8,28.92,58.84,46.43,3.05,0.0,73.28,0,60.6,deterministic_fallback
mumbai,14.66,26.43,82.34,86.77,26.43,45.85,9.89,82.4,54.26,40.95,56.5,8.57,24.96,,42.22,0.94,1.0,70.05,0,66.17,deterministic_fallback
delhi,19.91,31.79,169.57,59.48,36.44,48.81,9.19,84.27,46.61,38.2,66.18,10.56,32.07,62.68,61.0,1.07,0.0,47.04,0,73.64,deterministic_fallback
delhi,26.41,33.86,178.75,43.4,36.08,63.29,9.71,85.14,62.04,29.47,70.57,7.3,36.18,48.08,43.6,2.19,1.0,70.45,1,73.35,deterministic_fallback
mumbai,16.21,32.87,88.96,95.9,56.39,74.74,8.71,72.77,36.83,46.79,100.0,9.64,32.2,52.18,27.07,4.83,1.0,84.18,0,52.73,deterministic_fallback
bangalore,23.24,32.56,,71.05,42.51,53.68,8.75,85.05,50.47,39.73,73.26,,26.97,38.7,19.6,4.18,0.0,75.97,0,34.85,deterministic_fallback
hyderabad,9.22,31.73,119.92,60.66,36.65,68.89,10.08,95.54,43.64,35.42,79.2,8.92,29.13,52.84,38.84,6.45,0.0,92.77,0,41.71,deterministic_fallback
mumbai,15.01,27.92,152.76,66.26,30.05,66.86,10.12,78.24,41.21,40.04,67.0,6.14,18.93,54.95,47.61,1.67,2.0,65.62,0,65.4,deterministic_fallback
bangalore,12.62,28.32,35.0,64.05,30.45,86.1,10.32,79.78,46.13,29.23,78.54,3.89,20.61,33.71,34.42,1.45,3.0,48.65,0,59.2,deterministic_fallback
chennai,11.28,34.28,48.74,83.3,55.43,72.43,8.45,76.01,31.45,38.69,76.99,7.89,,67.52,26.71,,0.0,81.04,0,37.64,deterministic_fallback
chennai,7.47,31.93,143.04,75.96,42.45,60.66,8.78,88.46,36.34,38.0,71.81,5.63,26.65,58.8,41.38,6.61,1.0,90.71,0,48.64,deterministic_fallback
chennai,18.33,32.84,147.24,76.33,45.75,69.94,9.25,81.01,42.83,32.13,64.32,7.41,24.11,54.17,37.42,4.62,1.0,78.38,0,65.94,deterministic_fallback
bangalore,5.0,25.74,35.0,70.22,25.74,90.25,11.11,85.79,43.09,28.86,74.26,6.21,11.15,49.16,24.59,5.69,0.0,88.92,0,29.02,deterministic_fallback
chennai,4.91,31.77,118.08,62.85,37.39,50.4,8.46,,55.28,40.38,63.08,10.45,31.06,71.74,37.55,0.05,0.0,67.17,1,70.48,deterministic_fallback
delhi,5.89,34.98,227.55,48.7,40.13,63.24,8.56,79.2,34.52,38.42,68.93,7.76,31.95,63.31,,3.49,0.0,94.27,1,59.91,deterministic_fallback
delhi,15.88,40.42,149.4,61.54,60.0,65.36,7.38,75.24,34.24,36.91,74.86,5.04,27.57,58.38,43.96,3.64,0.0,83.01,0,50.98,deterministic_fallback
mumbai,11.45,37.53,153.77,87.61,60.0,55.96,7.8,68.99,42.6,37.71,64.5,10.47,19.72,43.45,34.52,0.1,0.0,68.15,0,48.65,deterministic_fallback
bangalore,19.6,28.03,80.13,68.57,30.53,72.73,7.51,84.72,22.95,29.0,87.02,7.7,31.47,47.7,39.15,2.19,0.0,73.44,0,47.04,deterministic_fallback
delhi,8.15,33.53,186.19,62.16,41.76,80.62,10.33,82.62,47.33,31.81,81.84,6.77,34.26,39.41,51.69,1.49,0.0,82.17,1,75.32,deterministic_fallback
delhi,6.3,35.47,149.82,39.43,35.47,77.68,9.83,99.0,36.16,31.13,73.23,7.45,27.09,47.71,37.69,4.51,2.0,64.89,0,58.33,deterministic_fallback
chennai,7.22,29.73,123.55,,33.69,,7.33,81.27,32.11,40.05,63.38,5.8,27.76,63.51,50.58,1.63,1.0,53.54,0,74.43,deterministic_fallback
delhi,4.37,38.52,206.66,64.26,60.0,51.45,6.91,81.38,30.15,42.13,69.03,7.3,28.58,65.91,57.58,1.06,0.0,67.97,1,73.32,deterministic_fallback
delhi,7.11,35.59,208.59,54.19,43.99,71.1,9.42,91.41,45.36,36.7,76.99,14.74,,58.51,39.79,8.88,1.0,100.0,0,54.35,deterministic_fallback
mumbai,14.1,30.94,157.89,76.82,,54.83,7.35,85.51,47.03,34.03,69.09,4.75,27.17,49.6,44.0,0.65,,43.17,0,64.63,deterministic_fallback
bangalore,,29.81,83.29,69.09,34.38,89.85,11.22,82.24,36.71,28.72,74.67,3.77,27.73,,28.88,,1.0,91.74,0,49.11,deterministic_fallback
delhi,6.14,34.16,274.0,43.04,36.54,61.3,10.32,86.33,45.44,36.38,59.52,12.97,30.5,64.4,49.06,4.04,,79.31,0,63.52,deterministic_fallback
delhi,0.05,29.85,244.35,51.22,,80.13,,83.81,19.39,31.78,67.37,7.02,20.03,,47.01,0.0,1.0,63.41,0,66.79,deterministic_fallback
delhi,21.3,36.59,210.9,52.28,45.8,48.99,7.92,,46.71,40.22,65.99,9.67,25.87,57.93,42.77,2.9,,74.53,1,77.36,deterministic_fallback
,15.03,35.08,84.02,75.36,53.89,59.28,8.81,75.32,67.46,45.86,71.93,9.0,31.22,70.88,32.66,3.5,1.0,61.66,0,62.06,deterministic_fallback
kolkata,19.06,34.74,115.96,73.25,51.26,60.07,7.67,71.81,73.49,43.85,73.56,3.46,33.66,60.33,63.16,2.26,3.0,53.44,1,103.94,deterministic_fallback
bangalore,16.1,33.04,41.88,71.41,44.23,63.42,8.89,91.5,34.18,41.45,71.76,9.4,19.74,25.83,34.77,1.86,1.0,61.09,0,64.16,deterministic_fallback
hyderabad,26.28,33.62,76.65,55.87,39.57,64.14,10.05,82.62,51.44,31.64,76.25,6.19,25.24,46.65,41.45,5.35,0.0,91.76,0,42.23,deterministic_fallback
kolkata,9.04,28.92,177.28,,33.26,63.89,9.8,86.67,42.82,32.09,64.74,11.92,24.41,35.21,41.76,0.0,,53.22,0,89.93,deterministic_fallback
kolkata,11.34,30.56,135.49,92.04,43.67,80.17,10.44,88.95,18.56,37.59,82.56,4.71,25.3,48.72,45.34,7.35,1.0,87.68,0,42.04,deterministic_fallback
hyderabad,5.69,33.93,85.01,75.81,49.56,57.24,9.09,81.36,23.35,33.93,66.28,10.84,32.25,37.81,34.62,1.74,1.0,67.21,1,75.32,deterministic_fallback
kolkata,21.82,31.52,117.07,98.29,50.78,57.04,8.07,78.07,24.62,39.04,62.61,12.57,36.2,63.38,40.73,3.24,0.0,69.51,0,58.23,deterministic_fallback
kolkata,14.44,33.69,125.16,87.36,55.23,48.73,9.4,79.94,52.52,42.64,62.08,6.23,32.33,55.76,27.8,0.64,0.0,79.31,0,50.23,deterministic_fallback
chennai,16.18,33.19,111.23,73.17,45.52,75.16,10.59,76.71,69.05,40.05,72.44,7.56,38.33,56.15,38.73,7.49,1.0,96.66,1,70.02,deterministic_fallback
bangalore,15.66,30.85,41.84,68.69,36.81,71.18,9.99,90.39,64.61,34.13,59.73,6.77,32.71,67.93,45.86,1.94,0.0,76.43,0,48.82,deterministic_fallback
mumbai,26.78,29.6,132.34,83.39,37.36,77.34,11.4,85.18,49.2,27.61,59.86,11.43,25.3,41.96,24.3,6.86,0.0,100.0,0,43.18,deterministic_fallback
mumbai,23.1,42.09,124.89,76.49,60.0,55.36,7.62,80.28,47.54,41.34,76.71,,28.24,59.58,51.83,2.01,1.0,74.55,0,69.89,deterministic_fallback
bangalore,11.85,29.91,35.0,79.5,37.25,69.82,9.61,90.41,40.97,35.64,84.28,8.18,26.75,69.21,26.67,0.7,1.0,61.63,0,60.22,deterministic_fallback
bangalore,18.82,22.9,102.45,53.22,22.9,72.88,9.92,86.93,59.83,39.17,78.28,7.3,31.66,61.45,45.01,2.31,0.0,71.35,1,60.93,deterministic_fallback
bangalore,19.54,29.76,53.1,67.2,33.84,70.6,10.02,85.88,49.57,31.87,70.81,8.34,24.83,54.5,28.37,4.83,0.0,93.23,0,39.97,deterministic_fallback
bangalore,13.54,31.06,36.49,75.49,39.51,62.42,9.45,91.07,45.2,34.1,58.72,7.66,18.81,45.63,40.68,4.48,0.0,82.79,0,41.81,deterministic_fallback
bangalore,21.72,25.33,102.44,62.98,25.33,77.71,9.3,91.11,29.92,27.46,81.12,5.63,22.71,46.28,32.12,7.99,1.0,89.71,0,45.43,deterministic_fallback
chennai,16.52,27.77,99.93,73.4,30.66,60.34,9.13,66.91,52.17,27.16,59.62,11.75,29.14,43.77,41.23,4.59,1.0,93.09,0,52.17,deterministic_fallback
,11.25,27.64,141.15,83.65,31.7,,10.36,81.3,45.17,34.68,77.26,5.41,15.61,,42.86,6.84,0.0,86.91,0,38.94,deterministic_fallback
delhi,24.53,37.4,157.11,63.11,54.92,56.97,9.45,74.88,50.85,37.5,63.59,11.0,34.75,39.24,41.94,3.14,0.0,64.31,0,64.5,deterministic_fallback
chennai,5.68,24.96,130.54,64.1,24.96,67.54,11.02,85.02,60.28,32.44,49.02,3.55,29.55,62.29,41.99,0.73,1.0,68.5,0,56.34,deterministic_fallback
chennai,16.49,25.77,163.52,64.37,25.77,84.71,10.41,91.08,22.46,36.04,88.63,9.19,26.87,55.5,31.43,4.48,1.0,73.7,0,53.36,deterministic_fallback
kolkata,5.16,31.64,94.95,73.84,40.71,75.63,11.26,94.47,31.99,25.07,64.45,8.82,23.07,31.85,29.56,4.65,0.0,86.42,0,38.37,deterministic_fallback
kolkata,18.33,28.87,150.01,70.17,32.48,61.84,10.15,89.74,46.74,37.67,68.79,8.55,34.81,71.56,55.92,2.97,0.0,88.4,1,69.68,deterministic_fallback
kolkata,6.73,27.66,116.12,,30.01,80.63,9.17,74.27,32.07,32.59,77.58,9.16,25.89,48.86,37.72,6.34,0.0,81.54,0,46.61,deterministic_fallback
delhi,13.54,34.16,261.45,42.3,36.33,83.79,9.87,90.15,25.43,26.39,70.38,8.04,27.63,35.44,29.6,8.52,,100.0,1,47.62,deterministic_fallback
bangalore,14.55,21.62,122.69,79.03,21.62,64.24,9.89,92.42,38.11,37.75,74.94,8.73,33.47,64.06,57.4,0.0,1.0,68.58,0,71.13,deterministic_fallback
delhi,9.58,36.97,164.1,47.27,44.35,68.18,8.65,81.73,29.7,27.5,62.22,3.12,24.96,48.5,49.67,0.38,2.0,60.91,0,71.22,deterministic_fallback
hyderabad,7.26,27.46,63.42,58.83,28.58,81.85,10.66,84.65,49.69,31.3,76.83,6.41,20.01,52.13,44.12,1.51,2.0,60.08,0,62.93,deterministic_fallback
kolkata,7.93,28.48,97.03,73.99,32.27,81.03,11.4,84.02,42.33,36.18,79.02,4.6,26.34,46.18,36.96,3.92,1.0,92.98,0,48.64,deterministic_fallback
delhi,18.35,37.04,,55.54,48.89,44.01,6.74,82.07,53.29,29.72,52.38,7.8,15.41,51.38,56.0,,1.0,57.53,1,80.45,deterministic_fallback
bangalore,15.37,26.93,53.14,84.24,29.99,70.11,9.73,84.41,,34.14,74.37,10.59,27.8,33.74,22.01,1.42,2.0,63.7,0,63.77,deterministic_fallback
delhi,3.78,31.52,128.78,42.2,31.97,53.0,7.19,88.01,67.54,30.9,64.29,10.49,23.93,62.35,45.33,2.99,0.0,87.32,0,50.8,deterministic_fallback
mumbai,18.55,24.26,133.77,93.28,24.26,68.36,9.94,88.52,42.26,32.19,61.03,3.77,23.25,,,2.73,0.0,81.44,0,39.83,deterministic_fallback
mumbai,25.29,35.36,108.85,82.94,60.0,59.45,8.03,73.15,68.81,48.59,80.56,11.54,36.33,56.59,39.78,7.03,1.0,99.78,1,69.45,deterministic_fallback
mumbai,16.52,,116.09,79.46,41.53,69.46,11.29,83.81,53.17,33.77,70.91,10.12,,49.48,39.6,4.01,3.0,62.75,0,75.77,deterministic_fallback
kolkata,4.14,28.22,113.12,84.53,33.44,86.57,12.15,89.52,33.56,39.89,84.05,7.36,28.79,50.32,34.38,7.31,1.0,100.0,0,47.44,deterministic_fallback
,9.25,23.13,96.26,71.86,23.13,80.29,11.26,92.25,61.35,31.27,81.03,9.81,23.21,42.56,33.55,5.19,1.0,83.28,0,45.63,deterministic_fallback
chennai,19.42,33.17,54.73,90.41,54.62,55.43,7.18,77.67,54.39,39.22,59.12,6.35,27.84,48.11,44.98,2.95,2.0,62.74,0,76.45,deterministic_fallback
hyderabad,14.24,33.47,125.69,63.3,42.06,69.75,8.53,90.14,41.89,42.58,87.29,,32.47,66.18,30.47,8.06,3.0,89.24,1,68.23,deterministic_fallback
mumbai,19.48,31.3,131.47,83.89,43.39,62.96,8.24,78.5,42.22,41.25,79.83,7.06,39.6,60.98,36.62,6.32,1.0,88.59,1,64.38,deterministic_fallback
mumbai,13.09,34.71,146.41,75.68,52.57,64.71,10.48,71.82,55.5,39.13,67.61,9.0,30.34,48.3,42.23,3.31,1.0,86.5,0,55.75,deterministic_fallback
chennai,,34.12,,82.08,53.96,72.28,7.68,78.6,34.32,36.15,76.76,7.49,33.79,41.48,47.37,6.82,1.0,92.23,0,55.78,deterministic_fallback
delhi,6.72,34.42,168.82,41.88,36.68,82.29,9.42,89.29,30.56,26.12,79.4,5.46,,39.18,49.01,2.0,2.0,58.15,0,78.74,deterministic_fallback
kolkata,9.7,33.35,109.16,82.65,50.98,63.91,7.58,79.56,32.65,30.85,68.94,5.21,,43.03,32.15,1.01,2.0,51.95,0,69.6,deterministic_fallback
mumbai,30.88,30.38,89.29,100.0,45.97,75.06,7.69,78.05,35.56,44.13,,7.63,22.13,50.6,27.96,6.72,0.0,92.59,0,36.89,deterministic_fallback
hyderabad,7.0,31.91,35.0,38.53,31.91,94.55,10.55,91.36,26.82,40.39,94.18,4.48,27.34,49.78,30.86,6.7,2.0,75.8,0,60.81,deterministic_fallback
chennai,7.62,37.62,80.55,76.47,60.0,56.48,7.93,64.21,64.01,42.3,,8.09,24.52,58.89,51.72,0.8,5.0,41.68,1,102.66,deterministic_fallback
delhi,11.7,33.1,179.05,52.11,37.13,63.31,7.54,88.89,54.64,28.22,73.45,11.54,39.11,52.64,31.54,6.15,2.0,80.98,1,66.83,deterministic_fallback
delhi,10.59,34.94,139.65,48.02,39.79,68.67,8.36,85.93,43.6,32.04,73.75,8.73,20.71,48.52,54.64,4.62,0.0,80.31,0,46.26,deterministic_fallback
kolkata,22.67,35.72,100.77,81.18,60.0,47.35,8.25,71.59,46.45,41.55,68.17,14.55,23.88,68.32,38.59,3.89,1.0,81.18,0,64.74,deterministic_fallback
delhi,6.49,35.32,223.27,50.25,41.55,82.68,9.72,81.49,32.32,33.36,77.18,8.23,12.26,,40.53,7.31,1.0,86.67,0,47.95,deterministic_fallback
bangalore,11.61,26.51,91.29,66.91,26.51,66.69,9.29,83.92,36.95,30.98,78.73,10.58,20.57,52.65,32.51,0.94,1.0,45.25,0,62.92,deterministic_fallback
bangalore,13.12,21.55,39.38,70.83,21.55,66.87,10.61,83.1,65.82,,60.98,7.47,27.74,47.52,,3.26,0.0,65.21,0,59.9,deterministic_fallback
delhi,10.18,28.27,176.52,45.91,28.38,66.43,8.47,78.4,45.29,35.94,78.16,7.22,33.08,55.72,39.73,2.59,1.0,70.0,0,64.09,deterministic_fallback
chennai,9.21,41.27,104.77,90.92,60.0,58.89,7.44,75.2,52.57,50.02,85.87,7.11,28.21,68.75,28.93,4.62,2.0,71.56,0,53.27,deterministic_fallback
chennai,9.52,34.9,73.47,72.75,51.58,69.8,9.06,82.14,39.62,35.18,78.44,7.55,32.07,41.6,37.24,1.47,3.0,48.72,0,86.04,deterministic_fallback
delhi,19.92,32.82,,55.15,37.45,59.17,8.97,90.33,35.91,36.47,67.46,7.29,27.64,50.05,58.13,0.37,2.0,69.82,0,75.87,deterministic_fallback
chennai,18.96,34.57,86.45,70.16,48.85,70.76,9.4,82.29,41.86,40.07,82.5,4.52,26.15,42.72,34.91,6.06,1.0,91.89,0,45.75,deterministic_fallback
mumbai,19.42,29.17,129.39,87.02,36.91,56.52,8.33,82.09,30.12,39.58,82.48,5.11,29.89,50.07,39.66,0.0,1.0,57.79,0,59.93,deterministic_fallback
mumbai,17.71,28.93,156.16,85.28,35.71,68.67,9.0,84.75,58.22,29.6,71.65,10.63,32.3,47.33,37.97,3.02,1.0,73.74,0,57.47,deterministic_fallback
bangalore,15.23,22.83,48.45,72.57,22.83,66.6,8.21,86.61,30.42,34.49,79.57,9.13,26.58,41.69,37.44,7.51,2.0,87.07,0,59.07,deterministic_fallback
kolkata,11.45,26.31,154.77,73.7,26.31,93.18,7.89,87.63,28.48,34.34,100.0,,21.04,48.43,30.71,,3.0,79.63,0,55.83,deterministic_fallback
mumbai,12.7,24.21,124.32,73.0,24.21,73.68,9.58,89.98,57.65,39.07,75.65,6.36,32.21,70.67,45.04,1.79,0.0,77.46,0,54.9,deterministic_fallback
mumbai,22.3,24.25,102.64,93.27,24.25,67.19,10.68,87.1,39.17,35.4,68.49,6.51,29.83,50.84,36.5,7.51,1.0,98.72,0,54.57,deterministic_fallback
bangalore,4.08,30.47,,62.22,34.26,81.52,9.9,73.83,30.19,38.23,84.0,3.43,25.76,38.6,10.0,3.09,1.0,58.59,0,46.28,deterministic_fallback
chennai,16.53,29.41,56.52,80.45,36.03,82.28,11.09,91.6,14.64,33.27,75.92,10.24,32.56,60.19,48.27,1.43,1.0,66.35,0,70.82,deterministic_fallback
mumbai,10.23,29.77,136.9,71.26,34.78,70.17,9.77,88.57,39.98,31.26,68.27,3.55,14.53,55.26,30.62,3.85,0.0,82.08,0,31.69,deterministic_fallback
delhi,17.25,38.04,217.71,58.45,54.04,51.34,6.16,75.76,59.22,39.41,,9.21,32.0,67.38,40.69,4.68,1.0,77.48,1,71.34,deterministic_fallback
chennai,16.62,32.84,98.28,69.84,42.89,68.98,9.92,76.68,38.62,37.27,75.9,8.4,32.72,59.5,49.06,2.79,0.0,89.49,0,52.2,deterministic_fallback
delhi,13.33,33.73,180.19,42.36,35.57,69.97,8.96,80.53,52.29,37.33,71.05,3.35,21.32,58.69,53.61,2.94,1.0,85.65,0,64.39,deterministic_fallback
mumbai,16.23,33.45,134.9,73.6,46.64,51.96,8.89,73.0,46.5,35.47,57.18,8.5,19.83,48.18,51.51,0.0,3.0,47.96,1,90.06,deterministic_fallback
mumbai,18.0,27.84,147.01,75.01,31.01,57.91,7.31,79.1,62.61,41.35,70.53,10.46,,65.03,50.03,2.06,2.0,62.33,0,75.36,deterministic_fallback
bangalore,12.0,30.06,41.96,72.2,35.73,65.97,9.55,81.88,32.75,33.9,70.37,7.99,,46.69,45.38,1.0,1.0,60.43,0,66.96,deterministic_fallback
bangalore,0.0,29.91,76.3,68.56,34.48,90.73,11.32,81.19,29.45,31.08,81.36,6.26,30.94,40.82,34.71,8.32,0.0,95.98,1,44.81,deterministic_fallback
kolkata,13.84,35.4,106.99,73.35,53.92,76.81,9.15,90.02,26.33,35.53,79.81,6.71,24.52,59.04,49.67,3.68,0.0,72.49,0,55.6,deterministic_fallback
hyderabad,4.64,23.92,61.79,58.15,,66.57,9.98,94.45,,43.32,58.26,10.31,31.61,64.56,32.68,3.66,1.0,78.58,0,65.66,deterministic_fallback
hyderabad,8.47,29.76,117.19,49.53,30.63,55.95,10.28,88.69,39.14,34.58,63.82,6.94,28.72,55.59,29.92,3.23,0.0,90.59,0,43.2,deterministic_fallback
kolkata,40.62,32.57,86.96,89.4,51.19,38.71,8.03,77.72,66.0,47.65,71.9,8.36,24.64,50.8,29.81,7.7,1.0,100.0,0,41.77,deterministic_fallback
bangalore,9.97,29.83,53.96,75.41,35.93,93.18,9.94,,25.37,29.57,92.94,,24.7,37.11,26.26,7.31,2.0,93.57,0,45.99,deterministic_fallback
bangalore,5.95,21.06,72.95,68.28,21.06,89.91,10.91,96.1,32.13,39.09,100.0,0.0,29.72,62.38,27.67,6.92,0.0,77.0,0,29.79,deterministic_fallback
kolkata,7.59,24.38,90.88,83.78,24.38,62.61,9.15,80.42,31.16,31.04,73.95,9.51,28.87,47.83,30.27,2.28,0.0,59.43,0,66.47,deterministic_fallback
delhi,,41.01,122.86,64.02,60.0,51.72,7.42,74.6,42.75,48.13,73.68,7.05,28.84,51.27,42.97,2.26,0.0,79.84,0,60.92,deterministic_fallback
chennai,17.67,31.02,117.69,74.15,38.94,77.04,8.23,,71.75,40.13,55.63,5.69,35.28,49.02,16.37,8.34,0.0,100.0,0,36.72,deterministic_fallback
chennai,10.68,26.65,84.56,67.3,26.65,83.42,11.12,88.98,5.0,35.95,90.36,12.08,27.0,42.15,25.41,8.74,1.0,100.0,0,48.13,deterministic_fallback
mumbai,4.84,,180.91,83.02,24.73,80.68,9.78,84.22,36.51,29.89,76.67,8.8,33.01,46.38,43.99,2.62,1.0,,1,74.49,deterministic_fallback
,,27.75,122.09,60.14,29.1,57.5,8.69,84.14,55.71,41.41,76.05,7.02,32.87,46.83,40.59,2.46,1.0,78.97,0,58.92,deterministic_fallback
mumbai,11.49,29.18,104.23,77.23,34.62,56.11,11.04,87.3,37.67,42.02,61.15,9.69,30.64,48.23,44.74,2.4,0.0,78.32,0,56.02,deterministic_fallback
mumbai,17.9,35.03,187.71,74.64,53.24,75.5,8.65,,43.67,36.63,95.68,8.65,21.42,42.93,41.89,7.13,2.0,95.17,0,69.05,deterministic_fallback
bangalore,9.03,23.66,119.15,63.11,23.66,77.9,9.34,94.14,47.91,33.28,95.7,6.94,19.07,43.47,47.74,7.9,1.0,,0,51.76,deterministic_fallback
delhi,16.21,27.82,172.58,48.3,28.11,69.09,11.09,81.77,42.23,39.96,78.39,7.04,37.76,,32.81,6.11,1.0,88.73,0,50.72,deterministic_fallback
chennai,9.76,36.33,37.07,81.98,60.0,,7.98,81.6,31.05,33.22,88.32,8.8,30.92,54.04,27.31,6.23,1.0,99.28,0,45.87,deterministic_fallback
kolkata,16.66,33.17,140.55,91.18,55.04,44.93,6.61,68.05,53.99,43.67,73.24,9.64,28.56,46.27,42.85,2.82,1.0,74.85,0,64.54,deterministic_fallback
chennai,1.63,,,81.54,36.14,75.81,11.17,86.54,44.77,39.63,81.55,4.73,26.7,60.27,38.67,1.27,0.0,74.47,0,34.2,deterministic_fallback
delhi,9.42,,191.49,52.44,39.12,75.49,9.05,92.26,41.72,32.68,64.43,3.03,27.03,48.93,23.79,7.83,1.0,94.46,0,41.27,deterministic_fallback
delhi,19.72,41.27,174.01,48.52,57.87,60.48,11.42,76.4,57.12,31.54,48.96,9.7,19.3,47.57,33.41,3.36,0.0,,0,36.55,deterministic_fallback
delhi,13.96,37.68,138.88,31.25,37.68,60.85,9.24,81.71,55.41,35.16,57.87,8.35,24.21,42.52,44.09,0.71,1.0,71.28,0,69.37,deterministic_fallback
mumbai,20.33,34.71,119.97,82.57,56.92,54.39,6.03,76.88,45.1,35.8,70.15,9.78,30.72,48.77,20.3,,1.0,85.9,0,38.33,deterministic_fallback
kolkata,15.78,29.75,157.5,64.03,33.15,74.79,11.86,94.04,55.07,31.91,66.49,7.77,31.55,71.34,38.74,3.47,0.0,72.57,0,49.7,deterministic_fallback
bangalore,19.36,27.42,60.72,54.16,28.14,49.78,9.64,79.66,51.66,36.62,74.53,9.67,26.31,52.17,36.4,0.15,0.0,59.34,0,49.05,deterministic_fallback
delhi,1.97,35.32,178.97,47.86,40.59,80.92,10.25,89.07,33.58,41.41,76.76,6.19,37.19,57.29,28.86,8.25,2.0,92.53,1,71.01,deterministic_fallback
chennai,17.82,33.67,55.91,77.54,49.47,73.37,8.92,80.84,60.57,38.5,71.3,7.34,34.17,55.05,48.96,1.29,1.0,52.86,1,79.59,deterministic_fallback
delhi,12.54,34.17,192.47,46.39,37.58,58.73,8.22,82.46,36.56,41.8,57.82,5.31,26.44,61.29,37.97,1.62,2.0,66.99,0,76.47,deterministic_fallback
mumbai,12.07,30.04,72.08,91.25,41.3,52.4,7.06,92.75,43.55,38.99,62.0,9.39,22.18,52.33,,3.37,2.0,68.74,0,75.76,deterministic_fallback
mumbai,0.37,29.01,142.12,81.73,35.15,81.54,12.37,98.05,38.7,23.42,74.19,5.76,23.23,,,2.25,1.0,74.55,0,58.91,deterministic_fallback
hyderabad,31.69,29.16,79.81,58.54,31.08,77.19,8.01,92.88,35.74,,71.59,8.43,24.4,42.87,29.12,7.08,0.0,79.74,0,36.71,deterministic_fallback
chennai,18.33,37.06,94.58,86.56,60.0,67.13,9.87,79.43,,46.02,77.2,8.44,28.25,53.05,35.89,5.98,2.0,87.89,0,59.17,deterministic_fallback
mumbai,9.49,32.13,171.68,91.28,50.17,70.67,9.66,69.25,44.99,37.68,80.26,6.9,29.77,61.26,34.72,4.94,0.0,94.06,0,50.73,deterministic_fallback
kolkata,16.36,31.07,91.92,86.41,43.52,63.44,9.4,72.33,56.11,39.95,87.99,9.64,32.48,48.99,33.46,1.16,0.0,,0,56.79,deterministic_fallback
chennai,9.34,35.36,71.77,68.55,50.8,78.35,8.32,77.11,47.19,36.15,75.77,11.19,31.06,48.62,29.73,4.17,1.0,77.6,0,54.78,deterministic_fallback
chennai,6.54,30.82,111.73,70.12,37.16,86.54,12.5,82.36,30.67,35.47,91.52,8.94,26.28,40.02,24.54,1.75,0.0,76.12,0,47.74,deterministic_fallback
delhi,20.77,33.42,132.72,39.09,33.42,,9.4,90.64,51.45,39.64,82.49,2.46,19.01,66.99,34.56,7.68,0.0,100.0,0,33.77,deterministic_fallback
mumbai,10.65,31.77,171.54,78.51,42.94,75.5,8.91,,43.75,36.13,84.03,8.05,32.47,55.17,,6.97,1.0,93.92,0,32.8,deterministic_fallback
kolkata,9.26,32.2,162.24,73.34,42.31,68.22,10.08,83.35,63.7,38.88,80.91,7.19,24.22,51.12,52.49,0.91,2.0,62.75,0,71.95,deterministic_fallback
delhi,8.27,34.8,197.58,47.03,39.12,78.06,9.28,85.59,36.22,24.34,81.22,10.68,23.65,38.65,43.02,5.03,0.0,96.74,0,53.59,deterministic_fallback
hyderabad,12.21,31.29,35.0,61.06,35.75,86.67,9.13,84.75,36.01,27.26,70.81,5.15,22.36,33.73,37.38,6.81,0.0,98.65,0,41.77,deterministic_fallback
chennai,11.79,31.37,100.88,59.07,35.4,,,,40.87,35.13,86.51,5.26,39.37,64.3,52.88,4.14,0.0,75.46,0,59.92,deterministic_fallback
mumbai,10.89,28.04,75.87,68.76,,57.21,,82.62,,39.87,68.54,9.9,39.43,56.66,46.01,1.23,2.0,68.94,0,75.18,deterministic_fallback
chennai,31.66,37.43,125.93,72.48,60.0,67.15,9.67,63.01,35.61,36.0,73.34,7.93,25.95,46.85,40.05,1.7,0.0,68.96,0,54.67,deterministic_fallback
kolkata,11.59,33.13,145.49,81.51,49.45,79.62,11.32,82.66,,39.71,77.75,4.95,22.73,60.8,52.46,5.59,0.0,87.97,0,45.06,deterministic_fallback
chennai,4.93,31.65,122.47,70.44,39.55,79.56,7.84,88.3,18.6,33.17,88.4,5.11,,33.74,25.24,4.67,2.0,76.63,0,49.83,deterministic_fallback
bangalore,10.83,,44.63,66.7,24.23,80.86,11.34,86.4,29.59,35.03,79.45,3.39,28.29,50.34,15.28,3.93,0.0,86.84,0,36.64,deterministic_fallback
kolkata,35.07,34.63,162.06,78.16,53.76,40.27,7.11,88.81,67.74,42.38,56.5,9.15,28.98,59.3,59.44,,2.0,81.6,1,96.33,deterministic_fallback
bangalore,16.6,24.74,65.4,57.73,24.74,82.47,8.84,86.4,37.7,30.83,,5.81,19.7,43.43,42.27,2.18,1.0,68.4,0,51.77,deterministic_fallback
chennai,13.22,32.13,152.16,,41.08,82.22,9.0,90.76,30.02,33.82,80.47,8.06,23.5,43.57,26.32,2.39,1.0,81.29,0,55.79,deterministic_fallback
chennai,9.02,35.28,100.67,73.02,,51.04,8.03,79.35,37.09,41.04,70.18,6.47,30.51,41.82,23.87,3.9,0.0,81.1,0,43.65,deterministic_fallback
chennai,7.34,34.06,104.31,72.1,48.06,64.8,8.02,88.03,40.25,35.33,65.42,6.67,26.82,55.05,37.46,4.67,2.0,85.69,0,51.45,deterministic_fallback
delhi,4.82,24.87,161.91,50.28,24.87,79.15,7.8,85.2,38.7,26.2,87.73,5.18,21.67,57.8,25.48,7.04,1.0,91.98,0,39.83,deterministic_fallback
mumbai,18.1,31.87,161.12,82.8,45.1,54.75,10.47,73.43,34.05,42.02,59.34,7.07,29.23,65.3,41.73,0.97,2.0,55.42,0,71.65,deterministic_fallback
delhi,12.42,34.37,195.1,55.45,41.28,62.38,10.61,89.35,30.79,43.99,80.87,5.47,30.25,61.52,56.67,4.36,3.0,84.11,0,77.31,deterministic_fallback
bangalore,15.81,26.3,109.41,64.2,26.3,76.8,9.84,87.62,26.77,31.85,83.14,9.76,27.93,59.05,58.32,1.83,0.0,66.29,0,70.53,deterministic_fallback
bangalore,9.17,27.46,64.27,56.13,28.35,55.01,8.62,88.06,,38.95,64.49,6.8,29.45,48.24,43.1,0.0,4.0,42.22,1,106.56,deterministic_fallback
hyderabad,20.13,24.19,100.54,69.78,24.19,70.11,11.12,81.41,34.06,34.3,65.43,1.66,17.82,35.59,39.18,2.53,0.0,64.83,0,50.93,deterministic_fallback
delhi,4.67,,196.67,52.46,24.24,78.5,10.04,88.83,30.6,30.17,64.75,3.59,26.29,57.67,53.43,0.86,1.0,71.05,1,75.14,deterministic_fallback
chennai,11.28,31.52,132.85,67.27,38.14,61.47,9.12,74.23,50.79,30.91,63.22,9.12,23.1,42.64,36.04,2.39,3.0,72.11,0,71.99,deterministic_fallback
kolkata,16.11,32.27,158.66,84.51,47.45,60.2,7.31,75.94,66.96,36.07,77.08,6.92,23.07,56.92,19.73,5.08,0.0,88.0,0,44.97,deterministic_fallback
delhi,14.98,22.3,194.1,58.74,22.3,65.43,10.51,80.01,50.81,33.89,75.0,7.9,24.4,43.72,22.33,3.24,0.0,70.02,0,40.89,deterministic_fallback
chennai,13.62,30.48,51.72,88.92,42.17,71.32,9.14,86.71,34.92,36.55,84.97,7.52,33.84,55.58,28.3,5.99,2.0,81.92,0,62.74,deterministic_fallback
hyderabad,4.89,25.07,129.77,60.4,25.07,74.33,10.29,81.21,43.73,38.06,64.39,8.05,31.74,51.08,48.72,1.37,1.0,62.4,0,63.52,deterministic_fallback
bangalore,23.67,30.99,35.0,78.37,40.26,,9.39,73.8,43.17,39.37,80.8,11.6,29.37,46.01,37.22,2.5,2.0,58.69,0,65.57,deterministic_fallback
mumbai,18.66,38.25,112.74,,60.0,76.51,8.77,70.6,41.01,36.56,68.78,8.16,24.13,58.7,38.02,7.26,1.0,88.18,0,52.85,deterministic_fallback
chennai,,31.71,81.28,74.85,41.31,66.26,9.65,84.68,59.61,31.95,80.77,7.21,19.91,58.45,46.19,1.61,1.0,69.15,0,53.37,deterministic_fallback
kolkata,19.59,32.61,81.78,79.89,46.59,54.86,8.59,77.89,75.58,42.25,58.54,5.83,26.09,60.46,48.75,2.96,0.0,71.4,0,52.93,deterministic_fallback
chennai,16.53,33.36,106.65,78.06,48.56,91.14,9.64,77.42,21.7,36.02,93.29,3.35,27.64,49.73,33.77,6.19,1.0,88.73,0,51.65,deterministic_fallback
kolkata,9.36,31.21,179.67,94.64,47.56,67.19,9.95,81.67,63.57,38.92,66.45,,,63.26,46.49,2.56,0.0,,0,57.57,deterministic_fallback
kolkata,12.2,33.04,120.3,83.98,50.37,80.74,10.56,88.4,36.21,41.97,79.42,8.27,26.87,58.84,38.79,2.32,1.0,80.61,0,65.65,deterministic_fallback
delhi,2.81,38.08,192.82,41.72,,77.11,8.3,88.7,26.28,35.35,82.64,10.32,29.18,28.11,34.83,5.9,1.0,82.6,0,46.74,deterministic_fallback
hyderabad,0.0,31.22,148.69,,32.57,70.92,11.39,70.9,42.23,27.25,58.16,10.29,25.1,45.46,31.02,0.0,0.0,68.09,0,58.17,deterministic_fallback
bangalore,16.73,27.46,107.17,82.5,31.09,54.53,8.08,83.99,66.13,28.82,80.94,3.16,13.26,67.8,50.35,2.03,2.0,65.04,0,57.45,deterministic_fallback
kolkata,16.84,32.55,104.73,86.46,49.58,68.89,9.86,77.04,46.07,36.45,67.56,5.69,27.64,41.62,36.43,2.43,1.0,72.2,0,55.12,deterministic_fallback
mumbai,30.86,30.32,115.43,84.05,39.92,59.58,8.43,69.04,53.08,31.88,66.25,9.92,,39.14,43.55,0.59,0.0,56.78,1,73.55,deterministic_fallback
bangalore,3.85,29.04,75.43,65.56,32.01,84.3,11.1,77.09,48.33,32.87,69.52,6.35,26.42,,28.39,3.87,0.0,74.48,0,42.76,deterministic_fallback
kolkata,25.18,28.86,172.8,85.16,35.48,,,88.76,57.99,36.34,88.57,12.22,31.61,55.88,31.92,4.43,1.0,73.4,0,59.96,deterministic_fallback
delhi,4.04,38.53,231.12,41.43,45.35,78.0,9.9,83.93,44.91,31.38,65.44,7.67,23.5,44.91,33.69,8.36,0.0,100.0,0,34.68,deterministic_fallback
chennai,12.89,29.84,35.0,78.13,36.68,58.88,10.1,86.37,56.66,,80.7,12.29,,62.65,32.27,4.85,0.0,93.58,0,54.56,deterministic_fallback
delhi,7.79,41.89,155.66,40.22,53.52,54.07,8.69,73.49,39.25,41.8,68.61,7.17,30.27,67.48,31.77,4.28,0.0,84.7,1,48.43,deterministic_fallback
kolkata,28.93,34.13,137.83,80.44,,72.41,7.91,85.33,21.79,35.87,85.88,12.06,28.24,37.83,46.37,5.72,0.0,82.01,0,50.94,deterministic_fallback
kolkata,15.03,28.25,79.66,77.06,32.24,90.36,11.13,75.56,59.82,34.44,94.82,0.8,23.92,48.22,37.39,1.05,1.0,63.64,0,53.19,deterministic_fallback
delhi,27.48,34.92,100.03,30.0,34.92,75.17,9.73,81.37,29.99,33.44,67.21,9.33,30.86,25.63,26.14,3.78,0.0,78.81,1,52.74,deterministic_fallback
chennai,17.25,28.86,102.57,72.61,32.91,74.6,7.81,85.29,39.35,33.91,80.14,7.88,34.85,60.47,41.21,7.2,0.0,92.66,0,51.37,deterministic_fallback
delhi,10.51,35.86,152.13,42.65,39.81,78.27,10.52,73.66,38.2,44.42,67.25,1.64,27.41,48.54,46.18,1.29,2.0,60.21,0,64.62,deterministic_fallback
hyderabad,2.89,28.41,85.22,56.55,29.65,86.84,11.2,81.47,28.55,26.74,85.9,5.54,17.5,47.62,40.76,3.2,1.0,78.27,0,52.34,deterministic_fallback
,16.9,31.22,65.18,59.37,35.15,75.18,9.9,90.85,41.27,,69.54,3.59,20.91,67.29,45.92,1.58,0.0,64.21,0,52.74,deterministic_fallback
chennai,14.05,36.72,94.25,89.27,60.0,68.82,7.39,69.44,39.68,31.13,,5.65,26.33,32.02,21.52,7.18,0.0,92.62,0,37.46,deterministic_fallback
mumbai,8.45,31.22,123.0,81.11,42.04,46.95,8.39,87.92,41.98,32.92,70.36,7.49,27.69,34.05,33.54,2.82,0.0,81.85,0,44.98,deterministic_fallback
delhi,7.45,29.63,177.81,52.27,30.85,75.1,9.24,89.04,38.44,32.83,93.55,6.98,26.77,34.84,52.25,1.87,1.0,70.07,0,59.35,deterministic_fallback
hyderabad,3.42,28.13,138.17,62.24,29.91,73.36,10.76,85.72,53.38,34.96,57.73,7.52,30.24,66.51,44.04,7.29,0.0,100.0,1,50.16,deterministic_fallback
bangalore,15.93,28.65,65.6,76.25,33.08,75.11,8.29,79.38,38.82,37.76,83.06,7.43,25.97,58.02,26.67,7.53,1.0,,0,46.78,deterministic_fallback
bangalore,19.18,29.69,47.7,73.17,35.02,60.72,10.06,83.18,40.52,36.71,69.79,12.48,18.0,49.45,37.29,0.0,2.0,44.88,0,75.74,deterministic_fallback
mumbai,12.68,29.49,92.18,81.27,36.46,81.8,10.21,73.22,52.16,31.82,77.79,7.23,22.75,41.73,43.67,6.38,1.0,89.56,0,50.18,deterministic_fallback
delhi,20.17,40.67,163.02,56.3,,77.94,9.38,69.84,40.91,44.71,77.75,9.01,39.87,59.34,33.77,5.7,2.0,77.06,1,74.09,deterministic_fallback
kolkata,19.02,32.8,141.07,63.11,40.13,79.07,10.43,85.63,46.39,40.85,77.71,8.85,33.16,79.97,37.4,6.72,0.0,84.51,0,47.13,deterministic_fallback
mumbai,14.52,27.31,,95.87,32.41,58.2,8.93,87.23,54.82,,72.59,7.1,28.69,51.79,42.48,0.0,2.0,48.88,0,77.97,deterministic_fallback
delhi,3.95,31.76,191.62,62.03,37.11,49.98,7.97,83.13,36.81,31.17,72.78,3.66,29.24,44.61,50.67,0.0,1.0,56.09,1,79.29,deterministic_fallback
kolkata,19.89,30.78,129.14,84.33,41.64,63.31,8.52,79.51,39.07,39.93,91.13,9.0,25.99,62.74,32.22,3.49,0.0,76.0,0,47.0,deterministic_fallback
mumbai,15.0,30.31,169.43,67.9,35.27,78.16,11.63,82.26,39.07,37.49,49.4,10.87,28.23,38.62,32.36,7.24,2.0,,0,63.97,deterministic_fallback
chennai,7.39,34.46,112.96,84.27,56.88,72.2,8.67,70.68,47.68,33.77,,,28.47,45.59,32.37,3.28,2.0,69.37,0,70.67,deterministic_fallback
delhi,13.0,37.35,181.95,44.49,43.96,94.08,10.31,87.98,36.64,30.63,100.0,8.82,19.01,27.15,41.35,6.01,0.0,100.0,0,39.93,deterministic_fallback
kolkata,11.85,32.81,155.0,86.22,50.58,53.55,7.78,76.6,50.07,39.44,53.25,6.61,30.59,53.21,48.05,1.22,3.0,44.12,1,88.44,deterministic_fallback
chennai,6.48,35.48,100.86,64.26,48.8,70.35,9.71,81.09,22.03,42.55,76.17,7.84,34.97,40.21,41.46,3.67,1.0,83.05,0,70.32,deterministic_fallback
kolkata,6.92,31.9,101.66,99.36,53.27,72.79,7.32,82.43,40.06,41.38,94.32,11.08,27.43,56.72,20.27,7.81,0.0,97.78,0,39.13,deterministic_fallback
mumbai,42.04,34.5,81.02,69.83,48.44,63.83,,78.42,48.74,36.26,81.33,7.58,20.21,45.1,38.27,3.97,1.0,73.41,1,73.08,deterministic_fallback
,34.03,28.37,86.06,71.27,31.59,89.85,8.45,,39.64,34.61,92.91,5.46,30.01,62.44,39.48,6.57,0.0,78.11,0,52.24,deterministic_fallback
chennai,16.58,35.62,78.84,58.35,46.08,54.04,7.11,75.47,35.87,41.82,79.5,12.64,26.51,52.03,39.49,4.67,0.0,88.81,0,53.57,deterministic_fallback
delhi,19.08,37.27,148.55,50.2,46.61,66.76,11.28,80.57,59.38,37.14,49.36,4.94,29.28,52.91,35.56,0.77,0.0,55.47,1,53.0,deterministic_fallback
delhi,8.74,31.76,177.18,46.3,33.12,95.0,10.59,78.5,53.15,29.86,91.33,2.97,21.21,55.54,34.6,,0.0,100.0,0,28.56,deterministic_fallback
mumbai,14.31,27.61,116.59,,32.28,89.95,10.46,86.67,25.53,37.38,87.2,7.88,27.82,44.66,21.2,8.69,0.0,100.0,0,35.51,deterministic_fallback
kolkata,19.62,32.96,105.59,79.17,47.57,71.83,7.03,,28.4,38.73,93.48,8.97,34.58,46.35,38.24,7.48,0.0,,0,43.94,deterministic_fallback
hyderabad,23.08,30.93,88.41,68.96,37.11,59.45,10.59,79.29,57.85,31.03,59.5,8.62,26.08,49.71,49.42,4.49,0.0,90.81,0,51.72,deterministic_fallback
hyderabad,27.34,27.99,141.75,51.99,28.63,60.53,10.8,75.11,46.94,30.4,59.66,9.29,18.17,51.66,21.68,3.09,0.0,76.37,1,54.49,deterministic_fallback
chennai,15.23,36.17,116.27,72.96,56.85,59.13,7.76,64.93,45.2,28.45,72.2,6.54,25.43,33.52,38.49,1.42,1.0,50.09,1,71.9,deterministic_fallback
bangalore,9.09,26.81,107.37,66.63,28.29,88.11,,74.54,37.45,34.61,89.87,6.44,28.22,68.24,37.24,,,71.0,1,65.89,deterministic_fallback
bangalore,14.9,24.1,76.06,73.16,24.1,85.62,11.29,88.39,47.66,36.19,88.91,5.77,28.9,53.48,37.67,2.03,0.0,72.59,0,57.13,deterministic_fallback
bangalore,23.17,24.98,78.72,72.8,24.98,61.96,10.32,87.33,33.91,39.8,62.67,8.5,34.57,54.84,50.31,0.4,1.0,62.85,0,78.71,deterministic_fallback
hyderabad,18.21,31.75,100.58,65.23,38.09,50.26,6.97,76.38,55.32,38.94,66.11,8.59,26.8,58.75,46.32,0.15,2.0,44.03,0,77.7,deterministic_fallback
mumbai,6.16,29.34,81.94,80.63,35.86,93.07,8.89,80.32,6.02,27.38,100.0,8.39,21.88,42.09,29.72,3.4,0.0,77.87,0,50.43,deterministic_fallback
kolkata,25.46,24.36,99.07,88.33,24.36,69.91,11.97,93.18,57.38,33.26,72.4,5.01,21.63,45.05,22.7,7.27,1.0,97.42,1,41.58,deterministic_fallback
chennai,6.23,28.71,89.45,67.32,31.65,74.57,10.52,90.72,30.6,35.97,86.77,3.37,26.46,,17.52,7.25,2.0,94.75,0,42.52,deterministic_fallback
delhi,20.27,35.69,212.6,53.73,44.02,58.0,9.45,77.99,53.22,36.21,68.83,11.32,29.14,55.19,,6.07,0.0,87.02,0,53.76,deterministic_fallback
bangalore,13.41,18.85,123.23,81.94,18.85,81.32,9.34,93.91,42.72,36.84,81.94,5.58,26.21,47.56,28.91,5.67,0.0,91.14,0,37.72,deterministic_fallback
mumbai,18.23,30.94,73.19,66.02,36.3,58.93,9.35,88.91,25.78,38.23,68.79,5.22,32.4,52.42,33.1,6.22,2.0,90.5,0,53.69,deterministic_fallback
kolkata,21.13,32.83,147.26,86.6,,68.31,10.21,79.5,67.87,44.95,68.51,2.81,27.06,65.54,32.87,6.92,1.0,96.02,0,37.16,deterministic_fallback
kolkata,17.84,32.51,105.55,87.84,50.14,70.86,10.72,73.95,44.63,38.35,75.1,10.85,28.23,38.82,24.43,7.31,0.0,100.0,0,38.17,deterministic_fallback
kolkata,8.74,,123.65,93.39,48.44,69.77,9.94,69.38,49.18,39.78,70.46,7.71,31.17,46.44,28.44,4.18,2.0,74.42,0,52.51,deterministic_fallback
delhi,26.81,40.61,161.6,56.95,60.0,53.38,8.12,61.42,37.52,34.19,64.35,9.19,24.07,40.02,45.52,0.0,3.0,49.94,1,91.81,deterministic_fallback
mumbai,,26.64,153.58,80.32,26.64,69.41,10.56,96.61,49.59,42.34,76.77,8.23,23.78,58.69,39.22,2.45,2.0,67.58,0,66.34,deterministic_fallback
mumbai,15.09,35.64,126.29,,60.0,80.25,8.03,70.05,21.37,33.16,97.56,6.86,17.83,47.38,26.67,7.14,2.0,,0,52.46,deterministic_fallback
mumbai,30.63,21.73,140.55,74.57,21.73,67.44,8.62,86.25,54.09,38.03,69.41,8.21,30.38,55.68,42.26,,2.0,90.96,0,57.06,deterministic_fallback
mumbai,,35.93,137.38,76.45,58.23,50.93,6.2,74.16,39.86,42.43,59.29,8.13,39.29,60.08,59.3,0.0,,47.49,1,91.02,deterministic_fallback
mumbai,20.73,24.27,84.77,68.97,24.27,74.25,11.14,78.47,105.04,31.56,70.05,4.63,22.88,45.53,34.41,0.2,1.0,55.57,0,60.67,deterministic_fallback
kolkata,34.96,40.3,133.07,95.69,60.0,47.76,7.57,69.02,71.2,44.98,64.21,4.63,36.87,84.62,51.21,4.24,3.0,69.86,1,87.4,deterministic_fallback
mumbai,20.49,29.45,139.14,83.24,36.84,64.38,10.61,84.75,64.57,38.22,62.6,12.18,16.68,52.57,36.53,8.31,1.0,99.72,0,49.1,deterministic_fallback
mumbai,12.51,35.35,148.33,71.67,52.66,74.55,9.1,81.56,37.49,42.79,86.8,7.4,31.95,54.43,36.52,5.56,0.0,92.17,0,46.68,deterministic_fallback
chennai,22.21,38.73,51.25,77.95,60.0,83.45,8.46,68.17,46.98,,,6.08,23.06,41.54,37.94,8.04,3.0,98.01,0,46.33,deterministic_fallback
hyderabad,10.64,32.17,53.67,68.13,40.21,65.78,9.92,78.77,55.6,36.3,72.61,4.74,,60.79,38.06,0.0,0.0,62.54,0,49.04,deterministic_fallback
chennai,12.14,32.41,100.49,82.91,47.24,73.62,10.07,68.3,31.39,42.21,60.49,9.73,29.76,48.25,31.88,7.58,0.0,91.84,0,52.58,deterministic_fallback
hyderabad,18.62,31.48,111.03,52.07,33.89,65.47,8.92,72.79,41.31,34.76,,7.06,19.77,59.86,44.58,1.12,2.0,58.54,0,72.09,deterministic_fallback
kolkata,20.3,33.21,137.56,57.55,39.18,76.45,,76.17,62.46,37.82,62.95,6.66,45.01,60.37,34.57,6.7,0.0,,0,45.05,deterministic_fallback
hyderabad,13.23,32.79,136.72,62.22,39.77,86.73,9.17,91.54,38.2,34.67,79.49,5.94,23.83,49.16,33.35,8.18,0.0,100.0,0,37.29,deterministic_fallback
bangalore,12.66,24.89,48.25,61.92,24.89,65.71,10.28,84.29,29.94,42.68,78.04,8.11,32.14,42.56,31.4,5.07,2.0,70.26,0,65.2,deterministic_fallback
hyderabad,20.53,38.46,78.55,64.62,60.0,56.89,6.7,78.32,31.16,34.32,76.32,6.91,33.08,29.65,38.28,4.37,0.0,80.87,0,56.79,deterministic_fallback
bangalore,17.24,22.19,35.0,76.98,22.19,69.39,10.01,90.27,28.53,36.65,68.2,9.37,28.79,43.21,25.08,3.97,0.0,91.62,0,40.54,deterministic_fallback
delhi,8.24,32.88,183.07,58.57,38.72,78.05,,88.43,16.98,27.04,64.34,12.02,17.34,43.97,35.84,3.58,0.0,79.74,0,47.89,deterministic_fallback
bangalore,30.81,27.96,35.0,84.42,32.69,85.36,9.85,81.67,25.13,29.53,74.71,6.84,25.62,36.59,24.4,6.69,1.0,81.61,1,52.26,deterministic_fallback
mumbai,14.98,29.31,167.53,89.09,37.92,,10.55,84.38,48.8,37.34,74.83,6.24,20.23,68.08,40.96,2.34,0.0,70.39,0,48.38,deterministic_fallback
chennai,16.47,34.01,137.19,89.31,58.04,58.62,7.89,71.35,59.22,43.37,65.58,5.32,30.02,68.88,53.75,1.56,2.0,45.93,1,83.63,deterministic_fallback
delhi,20.48,39.44,206.08,61.67,60.0,68.53,10.32,85.32,71.91,37.07,66.53,9.06,35.18,32.38,,8.0,1.0,94.59,1,62.43,deterministic_fallback
mumbai,23.08,31.55,56.65,91.58,47.72,69.54,10.04,79.23,47.43,38.46,69.78,2.24,21.95,51.95,31.76,7.72,0.0,100.0,0,29.58,deterministic_fallback
delhi,41.3,35.37,202.62,51.98,42.4,47.65,8.64,86.26,,36.4,62.46,12.56,25.24,51.86,50.76,4.08,1.0,68.64,1,81.27,deterministic_fallback
chennai,27.18,33.37,146.95,65.86,42.85,50.27,8.7,77.61,53.22,44.74,63.96,,41.42,60.73,46.7,0.46,3.0,42.53,1,104.76,deterministic_fallback
delhi,1.66,35.25,191.68,68.99,50.66,78.91,9.72,75.59,45.25,32.27,68.88,5.05,24.06,44.22,40.63,9.09,0.0,99.24,0,35.48,deterministic_fallback
hyderabad,15.6,30.35,119.11,59.75,33.46,86.37,11.01,91.28,54.18,36.68,75.29,6.98,22.99,46.08,35.88,7.88,3.0,93.3,0,60.3,deterministic_fallback
chennai,19.04,36.22,88.97,85.35,60.0,56.48,6.67,83.37,57.22,46.16,84.97,,34.24,62.41,38.24,2.25,1.0,80.49,1,66.26,deterministic_fallback
mumbai,19.62,32.73,101.04,75.17,44.86,72.0,10.0,82.63,54.99,35.38,72.46,5.12,25.97,,34.35,4.64,0.0,86.47,0,46.41,deterministic_fallback
chennai,12.87,27.03,113.65,82.74,30.06,60.87,8.59,79.4,51.46,35.98,61.64,5.52,15.24,68.26,40.48,2.87,1.0,62.38,0,60.25,deterministic_fallback
delhi,12.38,41.6,139.14,30.43,41.6,68.48,10.35,86.36,52.34,34.59,56.12,7.03,19.42,42.13,19.5,7.36,1.0,91.91,0,33.58,deterministic_fallback
mumbai,17.68,36.0,174.86,76.13,58.35,66.78,9.55,78.66,21.2,44.67,93.17,7.19,39.78,34.96,30.78,5.79,2.0,93.55,0,55.85,deterministic_fallback
hyderabad,10.16,30.1,93.87,58.03,32.62,74.22,10.36,99.95,17.82,34.61,86.26,6.65,,62.08,40.37,3.32,2.0,67.51,0,69.12,deterministic_fallback
kolkata,22.99,27.12,137.22,86.54,30.68,68.66,7.56,89.29,70.69,50.24,82.78,4.65,40.58,53.77,17.7,9.3,3.0,94.34,0,51.62,deterministic_fallback
delhi,23.29,34.61,185.28,59.44,43.65,60.66,7.24,75.85,46.52,42.2,83.61,7.02,25.74,58.98,37.15,4.3,2.0,75.85,0,69.49,deterministic_fallback
bangalore,14.0,20.54,35.0,60.37,20.54,69.39,10.61,92.39,44.78,33.98,80.71,9.97,25.72,40.83,,4.15,0.0,70.26,0,42.6,deterministic_fallback
delhi,10.74,38.72,238.21,55.14,54.13,71.07,6.18,85.64,7.45,42.59,75.11,11.19,28.73,50.3,59.62,8.14,0.0,100.0,1,72.73,deterministic_fallback
bangalore,,25.67,48.3,78.79,,84.79,10.86,89.97,64.73,28.43,63.36,5.42,22.48,56.67,36.21,4.26,1.0,83.76,0,59.71,deterministic_fallback
hyderabad,12.96,37.64,114.4,77.8,60.0,77.78,8.94,73.13,51.16,44.97,93.21,4.76,31.39,47.84,48.9,2.96,1.0,57.84,0,66.86,deterministic_fallback
hyderabad,14.47,29.42,110.03,64.81,32.63,81.6,11.14,91.74,24.13,28.5,69.59,5.86,19.04,47.16,33.17,2.96,1.0,62.5,0,50.38,deterministic_fallback
hyderabad,8.08,32.31,110.34,54.97,36.28,63.4,9.52,85.56,47.63,43.86,68.57,,38.58,83.78,45.22,1.07,2.0,52.53,1,79.41,deterministic_fallback
mumbai,22.34,34.56,95.86,69.61,48.52,62.01,9.33,76.69,55.31,39.7,72.61,7.5,33.09,69.02,25.54,2.24,0.0,77.54,0,46.44,deterministic_fallback
hyderabad,,32.92,92.75,73.72,44.85,64.79,9.14,80.05,31.43,35.85,71.05,5.99,27.43,61.69,41.76,0.0,3.0,45.34,0,82.9,deterministic_fallback
hyderabad,23.26,32.58,82.05,65.76,40.5,69.01,7.94,83.06,49.27,43.06,82.35,6.74,30.8,45.83,36.56,5.97,2.0,84.65,0,52.41,deterministic_fallback
hyderabad,10.85,35.22,122.07,58.69,45.06,81.46,10.14,82.6,49.16,34.41,80.53,6.24,24.32,39.24,24.96,4.34,1.0,76.89,0,45.71,deterministic_fallback
mumbai,26.08,29.73,125.22,67.13,33.75,87.18,11.62,86.82,54.14,30.76,73.96,8.38,18.4,58.56,33.46,9.01,2.0,96.33,1,58.98,deterministic_fallback
bangalore,11.34,20.01,80.0,61.46,20.01,59.82,11.03,86.06,26.61,40.71,77.33,4.1,25.22,65.51,34.58,5.27,0.0,89.7,0,46.84,deterministic_fallback
bangalore,3.84,20.79,57.38,73.36,20.79,80.85,9.55,84.83,23.47,27.42,77.13,8.42,22.46,44.21,33.29,0.1,0.0,64.39,0,60.96,deterministic_fallback
mumbai,31.15,34.42,,83.32,,55.76,8.97,75.01,49.83,46.49,65.08,11.91,30.26,48.49,36.32,4.69,0.0,83.43,1,62.63,deterministic_fallback
delhi,1.02,33.93,140.55,33.51,33.93,72.17,11.47,73.71,32.07,33.38,86.13,11.89,29.14,51.94,38.04,0.5,3.0,,0,76.68,deterministic_fallback
bangalore,12.98,32.28,35.0,74.1,42.87,73.67,10.61,87.92,36.17,28.93,70.89,7.65,26.66,36.9,34.82,0.43,0.0,65.5,0,54.15,deterministic_fallback
chennai,15.85,34.16,112.79,62.72,43.81,82.9,10.49,84.91,32.21,37.76,92.15,,24.3,36.66,32.9,4.92,1.0,79.36,0,54.75,deterministic_fallback
delhi,2.64,29.48,191.79,60.04,31.87,47.21,8.24,,18.92,34.5,55.29,9.33,21.08,45.41,52.23,0.31,2.0,52.81,0,84.84,deterministic_fallback
chennai,15.48,25.17,136.45,76.91,25.17,,10.54,88.62,53.93,27.18,78.97,7.71,28.79,57.13,36.37,2.32,1.0,82.05,0,54.22,deterministic_fallback
bangalore,24.5,38.6,87.83,66.25,60.0,61.12,8.86,70.65,57.27,42.68,70.93,4.98,31.9,56.85,40.29,8.77,0.0,99.26,1,45.09,deterministic_fallback
chennai,24.3,34.19,93.52,83.86,55.39,48.8,9.33,70.37,61.2,,65.92,10.09,29.92,70.76,52.86,2.45,3.0,71.44,1,90.97,deterministic_fallback
bangalore,13.79,28.69,103.22,71.93,32.4,88.8,10.73,88.68,39.85,32.18,86.68,6.95,19.04,33.23,34.2,5.96,0.0,84.62,0,39.17,deterministic_fallback
bangalore,9.84,27.04,83.61,79.39,29.76,76.73,11.87,95.03,33.04,30.31,72.51,10.7,20.56,34.22,32.14,3.23,1.0,78.75,0,52.41,deterministic_fallback
hyderabad,15.52,26.32,152.94,59.89,26.32,69.82,8.08,88.29,33.2,38.7,96.59,9.34,31.03,57.38,39.1,1.37,0.0,80.79,0,50.73,deterministic_fallback
kolkata,10.91,27.1,155.69,82.98,30.26,74.23,10.51,80.25,28.26,35.88,74.95,10.27,35.48,47.91,49.16,0.33,1.0,57.36,0,68.99,deterministic_fallback
bangalore,23.03,33.58,54.41,67.56,44.24,55.24,9.51,76.09,66.55,,63.52,6.11,27.22,47.77,44.51,0.84,0.0,61.19,0,60.59,deterministic_fallback
bangalore,15.39,30.93,99.01,71.34,37.8,75.6,10.67,88.78,46.24,36.77,76.99,7.51,24.68,63.21,39.76,,0.0,64.71,0,55.69,deterministic_fallback
hyderabad,6.27,29.07,35.0,72.09,33.28,86.57,11.67,88.09,18.63,,69.72,2.47,36.29,44.21,33.74,0.65,2.0,57.24,0,62.45,deterministic_fallback
chennai,10.66,,100.79,70.83,28.8,87.51,9.36,93.28,36.61,30.71,86.89,7.88,23.15,,32.72,6.45,0.0,,0,43.51,deterministic_fallback
mumbai,6.67,27.68,171.39,83.72,31.82,,12.09,91.95,13.31,28.95,75.24,,20.32,46.91,32.89,7.49,0.0,96.19,0,31.89,deterministic_fallback
bangalore,14.7,26.45,91.19,62.13,26.45,83.07,10.87,89.33,44.42,29.51,78.18,10.2,23.03,48.22,32.84,3.11,1.0,69.55,0,55.09,deterministic_fallback
bangalore,20.67,36.75,79.46,53.12,46.71,73.76,9.09,93.9,47.97,38.84,79.2,6.52,27.08,56.66,30.83,6.24,1.0,100.0,0,45.4,deterministic_fallback
kolkata,11.76,30.89,133.33,83.6,41.8,72.37,,74.17,32.65,30.83,72.17,2.66,31.08,40.31,38.94,1.01,1.0,61.46,0,64.15,deterministic_fallback
bangalore,13.23,22.29,116.8,72.02,22.29,75.95,,100.0,27.4,,86.36,4.87,17.75,47.05,30.34,4.5,1.0,74.55,0,43.95,deterministic_fallback
bangalore,12.95,27.87,105.44,68.16,30.18,56.41,10.36,89.62,57.73,42.14,54.05,7.28,33.68,64.77,40.43,1.25,0.0,73.58,0,60.85,deterministic_fallback
kolkata,9.58,31.59,139.49,69.8,39.16,77.57,10.36,100.0,45.08,37.92,77.02,7.95,29.39,70.0,30.49,4.9,0.0,,1,48.73,deterministic_fallback
bangalore,4.3,21.99,51.57,70.78,21.99,75.83,9.57,82.21,11.38,30.85,68.1,0.86,20.9,32.84,26.23,2.99,2.0,78.04,0,52.56,deterministic_fallback
mumbai,7.34,31.07,70.35,80.72,41.36,93.59,10.63,86.38,56.44,35.04,67.53,6.2,25.23,52.55,32.33,8.19,0.0,100.0,0,43.44,deterministic_fallback
mumbai,35.12,37.2,158.09,73.7,60.0,54.13,7.46,75.5,41.81,47.95,67.16,6.25,31.67,50.38,33.62,7.43,1.0,94.82,0,44.82,deterministic_fallback
mumbai,6.46,27.93,132.08,67.69,30.24,62.02,11.44,91.3,26.84,41.46,68.77,10.39,29.89,56.91,53.13,3.46,2.0,68.31,0,76.37,deterministic_fallback
mumbai,21.44,29.33,109.58,77.7,35.13,72.82,11.45,84.03,63.13,33.32,68.92,1.42,24.69,49.94,49.77,1.36,2.0,47.34,0,72.85,deterministic_fallback
bangalore,9.48,24.5,71.63,73.98,24.5,70.47,9.08,85.33,54.66,37.9,76.96,9.34,28.01,56.3,30.69,2.19,1.0,61.72,0,53.76,deterministic_fallback
chennai,26.56,26.62,119.0,79.46,26.62,56.32,9.82,89.13,47.11,46.71,76.97,7.54,29.37,66.44,52.39,2.06,1.0,69.14,1,78.26,deterministic_fallback
chennai,14.68,34.9,76.64,68.13,48.93,68.44,9.79,77.14,36.4,37.94,69.49,3.05,41.08,75.18,32.45,2.66,2.0,58.37,1,71.57,deterministic_fallback
mumbai,14.53,31.09,97.65,80.26,41.27,77.29,9.77,80.67,26.33,39.07,91.98,11.72,33.16,44.59,51.17,4.77,1.0,69.06,0,65.52,deterministic_fallback
bangalore,7.19,22.91,65.33,75.67,22.91,81.18,8.87,90.64,28.08,23.08,75.87,9.68,23.35,29.99,28.14,6.98,1.0,90.75,0,44.22,deterministic_fallback
mumbai,24.0,37.61,114.59,,60.0,37.12,8.7,66.12,75.15,46.91,50.37,11.12,31.92,78.52,49.54,0.4,,65.46,0,70.51,deterministic_fallback
kolkata,18.13,34.35,88.99,82.96,55.55,63.53,7.67,72.97,61.13,39.76,70.6,7.98,33.25,51.7,37.11,3.37,0.0,75.76,0,55.94,deterministic_fallback
mumbai,15.17,24.11,141.94,89.93,24.11,86.43,10.25,76.43,45.82,27.67,71.67,5.32,26.15,50.75,45.12,1.45,0.0,74.95,0,53.07,deterministic_fallback
hyderabad,0.62,23.59,76.69,47.85,23.59,53.08,9.27,85.51,51.2,37.3,43.98,6.41,27.64,49.37,29.6,3.98,1.0,80.82,0,60.51,deterministic_fallback
delhi,28.88,30.34,166.71,60.55,33.62,71.6,10.87,81.62,40.09,33.91,85.11,9.43,23.92,37.31,32.53,5.06,0.0,93.34,0,42.34,deterministic_fallback
hyderabad,14.43,39.3,117.83,72.11,60.0,67.96,7.88,75.54,32.66,37.8,77.8,5.89,29.79,53.96,33.09,6.98,0.0,100.0,0,40.76,deterministic_fallback
bangalore,7.68,30.22,46.86,66.84,34.8,88.42,11.3,81.47,23.55,35.18,66.46,5.13,35.18,49.83,35.57,5.69,5.0,87.49,0,76.71,deterministic_fallback
chennai,8.17,39.31,141.87,71.91,60.0,49.7,7.91,71.98,49.52,45.64,62.55,8.26,,59.92,32.02,1.6,0.0,74.5,0,45.71,deterministic_fallback
delhi,3.58,34.67,181.0,57.55,42.97,86.69,9.31,88.71,50.03,30.73,86.37,7.45,24.64,62.42,44.11,7.99,0.0,,1,60.88,deterministic_fallback
kolkata,12.41,29.34,86.08,80.5,35.84,76.25,10.45,82.07,37.85,24.34,82.53,9.04,24.81,63.09,41.83,2.55,0.0,74.17,0,54.28,deterministic_fallback
bangalore,25.65,24.98,94.98,51.23,24.98,71.25,8.74,78.68,63.96,35.68,68.04,11.63,28.49,53.02,32.86,4.46,3.0,82.14,0,66.37,deterministic_fallback
chennai,14.6,33.96,121.41,74.38,48.91,67.16,10.88,83.03,45.75,37.92,62.2,9.16,,66.41,33.45,4.51,1.0,72.71,0,57.35,deterministic_fallback
chennai,,31.69,101.79,78.2,42.55,67.99,9.84,87.9,44.07,43.44,,3.6,26.92,63.68,53.41,1.22,0.0,77.76,1,68.42,deterministic_fallback
kolkata,18.02,31.71,167.76,88.36,46.94,70.49,8.59,84.11,39.61,36.11,81.15,8.02,31.57,48.51,41.01,8.25,2.0,,0,55.94,deterministic_fallback
delhi,19.69,39.65,222.62,43.53,49.44,48.54,8.25,73.42,61.49,40.62,72.11,10.83,35.76,54.17,60.69,0.61,0.0,66.39,0,75.64,deterministic_fallback
delhi,6.6,33.73,194.36,47.37,36.97,63.25,9.68,78.48,47.21,,63.63,10.51,37.26,48.41,47.11,0.8,4.0,44.81,1,111.46,deterministic_fallback
delhi,12.46,39.67,206.67,57.81,,75.75,9.3,71.58,43.57,35.95,75.78,10.74,30.35,59.05,40.56,8.2,2.0,82.86,1,74.76,deterministic_fallback
delhi,8.73,29.44,187.42,49.22,30.15,76.61,9.1,,38.89,32.34,73.1,7.37,25.73,41.29,44.81,3.79,2.0,69.89,0,71.09,deterministic_fallback
hyderabad,15.69,41.77,103.41,47.02,58.35,69.89,8.04,66.89,25.21,35.0,89.98,6.24,31.62,48.93,26.12,8.36,2.0,100.0,0,46.82,deterministic_fallback
kolkata,17.0,32.62,75.31,92.26,53.01,80.07,,74.86,9.61,31.91,,9.21,20.82,39.59,27.12,8.55,1.0,92.6,0,35.41,deterministic_fallback
kolkata,6.81,33.95,142.58,79.83,51.88,90.43,10.82,88.31,25.15,31.74,95.8,7.58,27.86,39.16,38.28,7.87,1.0,100.0,0,46.62,deterministic_fallback
bangalore,0.0,26.7,,76.73,28.85,95.0,11.5,88.47,28.27,26.91,91.61,6.94,28.01,42.49,43.83,5.49,0.0,83.23,0,46.67,deterministic_fallback
hyderabad,9.72,30.72,121.18,47.61,31.73,86.3,11.92,,42.26,32.9,95.34,5.31,31.16,49.26,32.44,5.27,0.0,78.77,0,43.96,deterministic_fallback
chennai,12.91,35.92,61.03,74.06,56.54,70.7,8.5,81.98,37.85,38.58,87.27,12.97,36.77,51.94,19.39,5.46,1.0,85.1,0,49.88,deterministic_fallback
kolkata,12.11,34.11,159.28,86.05,56.4,66.83,10.1,74.4,37.16,40.85,69.72,7.66,26.04,50.14,49.54,5.43,1.0,87.94,0,58.67,deterministic_fallback
mumbai,14.66,28.85,97.51,78.48,34.01,88.85,11.41,86.42,5.0,25.76,88.35,6.3,20.43,37.44,52.1,2.19,0.0,73.37,0,53.47,deterministic_fallback
bangalore,20.28,24.51,35.0,60.16,24.51,67.05,10.97,91.52,62.68,39.28,64.87,,30.32,80.35,28.52,7.39,0.0,97.04,0,42.83,deterministic_fallback
chennai,8.13,33.08,124.99,55.56,38.19,73.9,10.64,88.24,44.19,36.6,95.45,6.03,23.38,70.81,56.9,0.75,3.0,65.27,0,83.46,deterministic_fallback
delhi,12.61,35.45,149.59,62.2,47.58,61.98,8.48,84.75,57.76,40.65,64.38,4.15,32.7,62.85,41.42,3.92,0.0,80.68,0,44.84,deterministic_fallback
bangalore,4.06,31.12,123.26,70.31,38.01,90.27,11.95,84.5,40.68,37.91,84.5,7.55,32.02,64.13,29.74,3.5,1.0,71.0,0,61.04,deterministic_fallback
kolkata,16.63,32.13,,91.66,50.39,78.74,8.51,78.03,53.75,39.06,89.66,4.17,31.4,49.1,27.81,5.6,1.0,76.01,0,45.37,deterministic_fallback
kolkata,25.8,34.99,114.84,90.49,60.0,,8.44,,40.46,37.78,75.61,8.16,29.48,49.57,32.37,1.55,,74.22,0,53.03,deterministic_fallback
kolkata,32.9,32.12,139.45,88.41,48.69,53.06,9.12,75.25,62.34,43.7,48.16,5.04,38.06,72.03,48.85,0.88,2.0,55.48,1,91.35,deterministic_fallback
chennai,8.49,25.98,152.81,72.11,25.98,74.28,8.83,82.28,47.47,33.69,69.44,1.6,30.06,60.99,27.93,7.64,1.0,91.04,0,37.52,deterministic_fallback
delhi,21.0,30.75,235.8,54.6,33.12,77.87,10.06,85.28,56.23,41.86,74.39,11.15,27.66,59.55,39.3,4.81,0.0,91.47,1,63.04,deterministic_fallback
delhi,6.18,,200.32,60.95,49.23,81.62,9.57,79.68,45.41,39.47,81.6,4.0,14.17,59.23,35.35,5.95,0.0,100.0,0,30.1,deterministic_fallback
bangalore,7.08,29.6,157.9,69.23,33.91,75.03,10.23,84.03,42.05,32.18,75.89,7.57,23.24,40.12,40.17,6.64,1.0,90.52,0,48.96,deterministic_fallback
bangalore,4.78,27.08,90.19,83.6,30.28,84.72,10.37,91.97,38.03,26.91,81.26,6.57,23.28,42.23,22.31,7.53,1.0,91.89,0,39.09,deterministic_fallback
bangalore,35.99,33.57,68.52,58.88,40.57,58.34,10.81,73.29,59.5,39.12,55.95,9.06,31.69,70.02,35.11,2.17,0.0,71.92,1,62.44,deterministic_fallback
hyderabad,15.63,35.7,46.65,46.4,40.88,72.34,8.46,83.03,53.4,38.77,89.37,,28.33,58.95,34.53,1.12,1.0,60.18,0,56.78,deterministic_fallback
bangalore,16.83,26.09,35.0,77.25,26.09,77.3,8.86,83.63,18.77,31.5,75.94,6.45,22.15,35.02,31.26,7.98,0.0,96.21,0,35.73,deterministic_fallback
chennai,3.26,30.03,72.78,67.71,34.57,72.82,9.51,80.87,26.95,32.07,82.71,4.21,20.74,44.41,34.36,2.65,1.0,67.92,0,56.38,deterministic_fallback
delhi,8.4,39.0,180.47,66.02,60.0,83.38,9.21,68.51,60.66,36.23,90.73,9.5,23.35,66.62,36.8,6.7,1.0,95.38,0,46.63,deterministic_fallback
delhi,4.45,31.76,193.48,60.05,36.54,71.56,11.12,89.41,36.1,32.76,63.66,6.45,28.79,61.03,50.17,5.53,1.0,83.01,0,49.35,deterministic_fallback
mumbai,18.15,38.5,88.37,92.15,60.0,63.87,8.72,59.4,47.21,42.44,74.98,7.38,36.46,63.39,59.38,3.08,1.0,81.9,1,83.06,deterministic_fallback
mumbai,12.44,28.55,123.98,86.07,34.71,66.69,10.86,83.23,61.26,40.71,74.11,8.48,23.45,58.94,49.28,0.71,2.0,,0,71.81,deterministic_fallback
chennai,13.24,34.91,77.15,67.69,48.74,64.51,9.22,79.09,41.6,30.62,72.59,5.27,25.34,51.74,39.0,3.85,1.0,73.36,0,51.91,deterministic_fallback
bangalore,9.53,28.38,91.2,55.49,29.48,89.04,9.58,80.96,26.83,28.38,81.8,2.32,27.87,42.78,28.96,1.31,0.0,76.97,0,40.3,deterministic_fallback
delhi,14.34,34.12,212.0,62.11,43.41,63.29,8.29,81.27,59.0,28.79,63.47,5.67,23.87,48.53,48.98,2.83,1.0,71.38,0,57.62,deterministic_fallback
chennai,3.98,30.45,79.21,62.32,34.25,61.39,8.84,,37.51,36.52,75.83,9.39,31.4,59.98,34.57,3.1,0.0,75.36,0,50.36,deterministic_fallback
bangalore,6.45,26.77,62.23,81.2,29.34,72.79,10.03,86.14,38.14,39.0,72.96,7.29,33.73,53.77,37.65,4.48,0.0,82.84,0,48.29,deterministic_fallback
mumbai,11.36,33.49,160.08,84.27,52.49,64.73,9.58,71.57,16.16,41.85,94.51,8.23,32.09,59.82,39.82,,1.0,76.55,0,63.71,deterministic_fallback
delhi,12.74,30.4,225.96,49.41,31.55,76.27,10.5,98.8,44.33,37.97,68.31,9.5,26.25,58.44,40.06,7.14,2.0,89.41,0,60.68,deterministic_fallback
mumbai,28.54,28.83,113.56,83.82,35.08,65.21,9.67,87.81,63.36,35.9,76.38,13.12,36.72,73.28,51.5,0.06,,63.42,1,82.57,deterministic_fallback
hyderabad,13.44,35.91,150.29,62.8,49.43,94.88,7.93,81.97,35.57,41.5,96.21,1.93,28.86,60.86,,7.45,1.0,90.81,0,43.74,deterministic_fallback
delhi,6.95,35.72,183.67,47.94,,78.15,12.58,78.65,31.7,35.42,62.86,7.08,26.8,66.62,54.18,2.79,0.0,82.47,1,71.66,deterministic_fallback
mumbai,24.07,33.74,97.02,91.33,58.02,52.64,7.08,71.78,43.42,43.01,75.4,8.22,33.78,58.87,47.7,4.25,3.0,71.8,1,82.62,deterministic_fallback
mumbai,19.03,34.16,96.91,90.65,59.71,66.21,8.41,74.21,36.17,41.73,68.52,7.3,27.61,42.12,35.42,7.07,0.0,100.0,0,42.7,deterministic_fallback
hyderabad,17.25,38.38,94.69,60.63,56.8,70.32,9.55,77.32,43.89,38.49,56.02,9.2,27.12,46.7,29.52,5.04,0.0,91.96,0,39.43,deterministic_fallback
mumbai,11.93,31.75,110.33,74.15,41.17,59.83,9.41,83.82,41.79,41.47,63.05,,28.39,62.88,49.79,0.18,0.0,56.24,0,68.56,deterministic_fallback
chennai,7.62,31.04,101.22,85.06,42.87,74.09,8.79,83.07,61.3,,71.92,6.02,26.34,53.16,25.47,5.39,0.0,87.28,0,38.57,deterministic_fallback
mumbai,10.07,33.37,132.65,62.62,41.51,80.31,10.67,85.73,,39.39,71.81,2.82,30.49,63.97,32.28,5.45,1.0,89.96,0,39.12,deterministic_fallback
hyderabad,8.15,29.77,148.5,62.2,32.82,,8.98,88.52,18.23,41.14,77.53,12.28,18.96,49.14,42.88,8.81,0.0,100.0,0,38.69,deterministic_fallback
bangalore,14.83,23.8,88.76,75.1,23.8,73.52,12.18,89.0,44.36,37.0,76.58,7.09,27.65,53.74,36.07,5.12,0.0,94.33,0,36.66,deterministic_fallback
bangalore,9.19,22.18,51.92,62.11,22.18,76.1,10.75,84.02,39.41,29.84,,6.03,15.73,44.53,,8.88,0.0,100.0,0,31.77,deterministic_fallback
mumbai,23.45,27.95,67.2,87.67,33.19,59.36,9.78,78.46,65.48,36.51,78.37,10.77,27.63,68.47,36.0,4.53,1.0,,0,49.6,deterministic_fallback
chennai,15.52,33.47,77.21,75.03,47.42,51.69,7.31,89.62,41.32,42.48,83.59,6.51,32.04,56.88,39.81,0.97,0.0,61.86,0,55.36,deterministic_fallback
kolkata,22.59,29.72,92.6,78.44,36.41,59.02,8.36,86.8,41.33,39.87,86.62,10.8,27.7,50.37,22.32,3.17,1.0,62.3,0,55.57,deterministic_fallback
mumbai,16.73,28.33,163.19,87.04,34.24,89.58,10.21,96.41,64.46,33.63,75.48,6.96,29.94,45.62,22.55,8.04,0.0,97.05,0,35.98,deterministic_fallback
mumbai,10.35,25.16,148.43,70.14,25.16,77.7,12.14,84.4,28.29,28.59,,11.33,26.71,54.26,49.01,0.78,1.0,70.16,0,66.92,deterministic_fallback
kolkata,7.6,37.76,149.96,88.56,60.0,63.73,8.32,,46.81,33.76,66.29,6.74,14.33,35.45,33.94,2.61,0.0,66.41,0,38.66,deterministic_fallback
bangalore,21.85,30.87,127.48,53.89,33.19,61.34,10.01,83.42,46.64,34.61,65.91,6.26,32.93,43.99,46.74,0.04,0.0,51.9,0,58.24,deterministic_fallback
mumbai,10.72,28.61,81.42,81.14,33.9,83.47,10.62,93.75,31.88,35.51,83.31,12.33,27.98,45.7,18.93,7.08,0.0,82.54,1,44.83,deterministic_fallback
mumbai,10.81,33.09,99.92,79.22,48.1,76.97,11.72,80.64,33.28,41.24,72.83,8.24,26.12,48.47,28.47,4.47,2.0,80.12,0,45.07,deterministic_fallback
hyderabad,6.66,39.14,174.0,54.22,54.92,59.21,8.1,75.14,59.06,31.25,63.44,5.34,23.23,53.05,37.16,5.81,1.0,74.77,0,54.0,deterministic_fallback
chennai,12.61,34.34,92.81,78.13,52.5,86.31,10.69,77.98,47.56,44.08,88.02,2.88,20.57,60.17,34.81,7.57,0.0,100.0,0,35.11,deterministic_fallback
hyderabad,0.12,19.18,166.33,57.37,19.18,71.4,10.08,83.78,45.61,39.24,70.59,8.48,29.06,52.91,40.41,7.29,0.0,93.21,0,41.56,deterministic_fallback
kolkata,26.07,41.64,155.29,91.52,60.0,48.1,6.89,75.9,60.33,32.36,65.67,11.57,30.19,50.51,39.63,2.63,2.0,61.1,1,88.14,deterministic_fallback
bangalore,24.31,21.16,104.12,74.43,21.16,78.14,9.88,85.66,47.81,35.14,88.41,8.37,24.34,49.84,35.12,7.08,1.0,83.79,1,58.56,deterministic_fallback
delhi,1.53,34.03,220.99,52.74,39.42,82.69,9.96,91.53,23.36,37.43,79.07,8.5,22.63,,28.35,4.92,0.0,86.08,0,48.6,deterministic_fallback
bangalore,14.56,22.84,58.18,71.5,22.84,86.49,10.9,94.43,20.03,27.4,82.32,,24.6,42.96,24.88,8.46,0.0,95.65,0,40.59,deterministic_fallback
delhi,9.68,33.44,180.29,46.0,36.02,66.48,7.79,94.27,65.15,34.67,64.56,9.53,33.71,62.72,38.58,8.94,0.0,100.0,1,53.73,deterministic_fallback
delhi,12.38,33.82,177.62,47.58,37.23,63.47,10.02,86.89,49.29,38.03,58.43,6.5,33.89,54.83,44.83,1.44,0.0,71.42,1,58.3,deterministic_fallback
mumbai,17.68,,103.11,81.4,22.93,81.6,9.58,78.0,44.96,33.59,82.84,6.04,31.44,56.03,40.29,7.34,1.0,96.25,0,50.7,deterministic_fallback
delhi,7.75,33.09,177.94,48.23,35.97,79.68,9.55,84.15,58.25,31.84,82.55,9.38,35.31,44.99,41.57,6.18,0.0,96.99,0,53.08,deterministic_fallback
hyderabad,15.99,38.5,99.38,68.17,60.0,52.67,6.77,74.71,,43.86,79.86,9.08,35.84,61.31,33.87,5.91,0.0,90.33,0,44.3,deterministic_fallback
mumbai,12.54,29.27,151.96,79.75,35.46,66.38,9.46,85.99,19.01,33.16,66.11,10.21,33.63,68.57,42.97,1.26,0.0,60.43,1,71.99,deterministic_fallback
bangalore,28.52,19.05,98.97,73.29,19.05,63.57,9.31,,24.68,29.18,68.26,8.67,25.41,38.2,33.96,3.72,0.0,82.39,1,56.35,deterministic_fallback
hyderabad,0.68,29.39,157.52,46.83,29.78,58.62,9.74,92.48,31.57,35.38,73.14,7.92,24.89,52.47,,0.47,0.0,68.73,0,47.1,deterministic_fallback
hyderabad,26.32,,35.18,67.65,35.98,60.3,8.21,85.94,48.77,38.36,65.99,9.18,34.1,42.76,15.41,7.83,0.0,,1,43.52,deterministic_fallback
chennai,16.54,30.26,61.93,70.67,35.84,74.53,10.28,100.0,60.1,37.21,80.27,9.28,23.41,53.73,,7.65,0.0,95.16,0,38.36,deterministic_fallback
chennai,6.11,26.99,87.38,66.15,28.52,81.72,9.61,84.52,54.3,40.44,62.7,8.73,31.28,58.05,42.8,4.38,0.0,99.49,0,50.65,deterministic_fallback
hyderabad,13.9,36.54,124.02,72.28,57.92,55.1,6.08,72.43,8.7,38.23,60.25,6.07,23.54,29.54,37.23,0.39,2.0,47.15,1,75.0,deterministic_fallback
mumbai,10.65,33.52,112.39,84.43,52.71,65.98,8.17,68.12,76.08,47.45,78.97,6.85,33.57,57.9,34.16,5.3,2.0,82.22,1,65.1,deterministic_fallback
bangalore,,23.93,41.65,76.91,23.93,68.09,9.24,76.65,38.09,35.58,79.68,,29.1,56.07,20.75,2.79,1.0,78.37,0,42.08,deterministic_fallback
hyderabad,2.24,27.79,89.97,61.82,29.33,83.42,10.47,78.79,51.87,35.2,83.86,6.63,27.71,55.48,,7.24,1.0,89.13,1,58.97,deterministic_fallback
delhi,22.03,36.49,146.0,50.02,44.41,64.38,8.3,84.55,55.6,38.93,57.99,10.91,28.74,48.52,49.97,0.49,2.0,55.5,0,77.96,deterministic_fallback
,16.75,27.09,80.76,77.1,29.66,54.4,8.3,88.59,47.95,32.01,55.32,7.85,28.88,50.07,33.03,3.23,2.0,66.45,0,58.8,deterministic_fallback
delhi,9.2,35.23,236.58,55.97,43.8,68.0,8.31,75.66,36.97,32.12,69.46,5.46,28.79,44.12,32.57,2.68,3.0,62.95,0,76.18,deterministic_fallback
bangalore,14.45,32.99,52.82,78.22,47.23,81.03,7.46,83.82,26.95,30.9,61.79,3.3,17.31,32.73,37.09,8.64,1.0,100.0,0,39.55,deterministic_fallback
bangalore,8.75,24.51,,68.15,24.51,79.9,11.21,90.53,21.44,30.69,83.33,5.9,24.65,45.17,37.1,2.37,,60.12,0,73.65,deterministic_fallback
mumbai,19.38,28.99,126.33,96.13,38.62,76.95,11.39,74.74,39.57,41.47,68.42,9.08,26.38,34.92,21.48,8.01,0.0,100.0,0,36.9,deterministic_fallback
chennai,12.45,34.63,77.4,73.42,50.91,88.2,10.61,92.0,19.83,45.79,100.0,5.48,31.81,50.86,27.14,7.99,0.0,95.58,0,41.09,deterministic_fallback
kolkata,35.59,32.17,100.34,72.7,41.95,53.92,8.7,88.62,69.52,34.5,64.69,9.77,25.07,36.78,35.45,5.19,0.0,95.5,0,41.47,deterministic_fallback
mumbai,21.03,28.97,94.1,65.91,31.93,78.07,11.15,88.47,45.43,32.62,75.33,5.97,32.79,46.69,46.65,,3.0,58.29,1,89.74,deterministic_fallback
kolkata,15.81,31.37,147.8,68.76,38.22,57.28,9.93,87.55,71.15,26.91,62.0,7.27,24.04,50.12,44.98,0.18,3.0,52.21,0,72.65,deterministic_fallback
mumbai,9.73,31.79,156.71,75.47,41.82,65.71,8.62,70.15,40.93,34.3,68.23,8.4,32.61,63.59,47.65,0.38,1.0,70.22,0,66.93,deterministic_fallback
kolkata,7.69,31.47,145.18,79.76,42.41,78.06,8.94,81.64,40.91,38.12,79.6,3.64,25.52,80.93,41.58,6.35,0.0,79.99,0,47.06,deterministic_fallback
kolkata,17.97,30.88,94.88,87.9,43.36,79.29,9.22,89.65,48.94,35.13,84.45,8.14,25.94,49.61,23.71,4.85,1.0,83.48,0,42.93,deterministic_fallback
mumbai,15.29,37.57,132.44,78.99,60.0,63.54,8.05,72.53,35.51,37.04,82.72,10.89,24.11,41.33,36.36,2.26,0.0,67.36,0,64.42,deterministic_fallback
chennai,8.5,35.78,97.94,81.43,60.0,77.4,8.6,77.13,,40.13,86.59,,30.08,44.46,36.86,6.88,3.0,79.19,1,73.79,deterministic_fallback
kolkata,9.66,32.14,94.45,82.13,45.84,78.98,9.3,88.4,56.7,40.79,86.64,6.64,23.32,54.79,29.38,4.44,0.0,79.03,0,34.04,deterministic_fallback
kolkata,8.64,31.39,121.36,81.8,42.91,68.38,9.18,86.2,49.32,30.45,73.19,6.39,15.46,35.33,30.98,6.96,2.0,79.68,0,53.73,deterministic_fallback
kolkata,8.18,26.83,158.95,77.03,29.12,61.22,11.35,80.14,60.61,42.2,76.03,7.13,27.34,65.1,43.79,0.0,0.0,50.43,0,71.71,deterministic_fallback
bangalore,18.0,29.99,67.25,80.82,37.86,66.16,9.6,87.05,56.4,37.67,68.81,7.65,31.38,53.9,34.62,1.83,0.0,73.14,0,42.07,deterministic_fallback
mumbai,13.47,33.67,136.58,66.83,44.19,85.36,9.39,74.18,31.43,39.65,88.79,6.62,24.34,46.33,27.07,7.56,0.0,96.32,0,38.03,deterministic_fallback
chennai,19.59,30.86,62.64,77.98,39.74,70.79,9.24,85.3,53.01,31.08,74.07,3.33,25.89,31.34,27.21,2.56,1.0,67.88,0,45.1,deterministic_fallback
hyderabad,27.69,32.93,165.15,58.76,38.9,78.88,9.67,89.77,58.5,41.18,83.16,9.4,27.85,62.64,37.96,8.17,0.0,100.0,1,52.48,deterministic_fallback
hyderabad,12.78,27.87,35.69,65.28,29.85,79.18,8.86,89.39,30.12,34.46,83.29,3.47,17.39,41.63,31.18,8.15,1.0,98.86,0,30.88,deterministic_fallback
bangalore,15.68,31.04,90.61,,37.44,66.53,8.5,90.74,38.25,42.16,77.88,8.63,34.41,55.64,42.12,0.0,1.0,56.33,0,73.41,deterministic_fallback
bangalore,7.16,29.31,84.85,68.64,33.15,78.71,13.04,,40.66,36.52,66.73,8.63,30.57,51.45,41.38,2.99,2.0,89.53,0,62.94,deterministic_fallback
mumbai,6.74,29.26,161.61,76.41,34.65,62.04,8.64,87.67,50.3,33.97,,7.68,24.66,32.13,29.42,6.26,0.0,97.91,0,43.69,deterministic_fallback
chennai,15.3,34.85,83.1,86.37,60.0,72.45,8.37,84.0,42.67,38.56,81.04,4.99,28.54,48.89,35.28,0.69,1.0,78.51,0,50.63,deterministic_fallback
mumbai,9.78,28.43,144.22,,32.98,93.97,10.65,81.5,33.1,36.56,92.86,7.41,25.41,38.29,34.54,7.88,2.0,87.75,0,53.18,deterministic_fallback
chennai,11.18,26.59,100.51,90.65,26.59,70.69,10.94,91.84,40.27,28.78,69.61,5.7,19.53,49.32,47.23,0.0,3.0,52.35,0,67.49,deterministic_fallback
chennai,11.25,27.0,86.31,77.08,29.47,69.47,10.15,90.91,38.6,33.2,78.87,5.88,33.48,58.23,42.59,0.0,2.0,45.73,0,87.38,deterministic_fallback
bangalore,8.71,24.17,35.0,68.87,24.17,77.01,12.25,91.43,32.06,,,11.87,27.38,57.99,36.14,3.74,0.0,76.88,1,70.07,deterministic_fallback
bangalore,10.26,,68.22,67.66,22.66,67.09,10.26,81.32,51.05,28.74,67.45,4.47,26.23,46.81,26.35,2.33,1.0,64.81,0,61.03,deterministic_fallback
delhi,22.51,,134.69,55.31,50.99,76.83,10.4,82.84,31.44,34.24,75.28,8.53,24.24,42.53,34.15,4.6,0.0,100.0,0,49.04,deterministic_fallback
kolkata,16.27,34.28,173.83,77.59,51.94,58.47,9.76,71.48,49.07,35.51,54.49,11.76,29.73,51.38,50.92,3.15,0.0,71.65,0,60.96,deterministic_fallback
chennai,17.35,33.06,121.71,76.55,46.69,63.25,10.61,75.55,42.96,39.38,57.47,8.77,34.61,50.74,49.59,2.28,2.0,63.26,0,76.08,deterministic_fallback
delhi,7.97,,218.81,49.7,60.0,58.93,8.26,73.95,43.8,,76.43,6.81,26.81,33.55,45.72,6.4,0.0,81.24,0,53.92,deterministic_fallback
mumbai,27.96,29.88,181.64,82.84,38.1,49.22,9.82,77.54,51.03,42.72,61.26,7.77,33.46,62.9,58.69,0.72,2.0,61.44,1,93.82,deterministic_fallback
mumbai,11.92,31.6,92.5,81.75,43.63,69.84,8.94,81.36,24.93,40.94,72.23,3.79,32.07,32.96,32.27,4.17,1.0,71.1,0,47.48,deterministic_fallback
bangalore,4.37,24.83,47.46,71.57,24.83,76.7,10.39,78.11,50.0,33.57,69.08,6.83,29.15,44.97,20.98,1.35,0.0,74.65,0,38.96,deterministic_fallback
kolkata,6.71,33.85,64.53,82.3,52.9,59.57,8.72,79.62,28.86,33.88,,7.16,30.42,36.67,37.27,0.73,0.0,52.84,1,60.54,deterministic_fallback
chennai,2.59,31.97,84.29,86.76,47.25,62.18,6.79,88.41,37.85,36.52,70.83,5.76,27.87,41.65,43.99,1.08,2.0,58.5,0,68.58,deterministic_fallback
mumbai,19.25,32.49,156.66,82.92,47.55,47.91,8.4,87.94,65.66,37.42,70.51,11.37,31.14,66.01,53.8,1.86,4.0,42.43,0,96.41,deterministic_fallback
chennai,17.42,27.45,57.98,96.24,32.92,70.36,10.91,79.2,36.47,34.28,68.29,7.21,28.22,,30.91,3.36,1.0,70.24,0,52.55,deterministic_fallback
delhi,18.73,29.9,173.59,50.9,31.05,63.89,8.49,80.53,39.3,,67.89,4.44,32.47,32.04,33.81,4.26,,,0,55.11,deterministic_fallback
chennai,14.18,36.57,72.14,82.81,60.0,51.09,6.75,71.29,36.97,39.03,69.38,10.72,25.94,44.83,33.66,0.81,1.0,57.75,0,57.26,deterministic_fallback
delhi,1.19,25.64,,43.29,25.64,81.23,11.27,88.42,39.91,35.43,77.36,4.69,29.62,56.18,43.94,0.24,2.0,52.0,0,70.65,deterministic_fallback
hyderabad,,36.63,121.59,69.86,56.56,62.34,9.69,72.84,,37.24,70.09,8.93,38.35,41.75,29.06,0.0,3.0,57.4,1,82.81,deterministic_fallback
kolkata,1.84,30.43,93.85,75.51,37.66,68.73,9.64,92.91,49.56,31.05,58.81,7.9,26.15,42.27,25.09,5.23,1.0,97.47,0,47.74,deterministic_fallback
delhi,9.71,33.12,145.53,53.42,37.59,82.15,10.39,91.62,34.99,36.87,67.85,6.21,21.58,50.97,30.12,8.24,1.0,98.46,0,41.23,deterministic_fallback
hyderabad,12.03,29.62,144.71,,31.56,68.95,9.83,73.04,57.1,29.87,80.43,9.09,24.11,54.84,43.59,1.19,0.0,61.43,0,59.94,deterministic_fallback
kolkata,23.73,40.31,164.38,86.51,60.0,45.0,8.93,69.86,68.02,40.47,60.76,8.68,32.47,47.23,47.65,0.0,2.0,54.85,0,75.38,deterministic_fallback
mumbai,,37.13,105.92,78.09,60.0,69.01,7.47,66.9,49.12,36.05,76.73,6.65,24.63,48.69,26.79,6.93,0.0,,0,37.19,deterministic_fallback
mumbai,18.0,29.99,,73.13,35.79,76.26,9.73,85.43,29.4,40.72,94.57,2.11,24.21,47.08,31.76,5.68,0.0,94.34,0,31.76,deterministic_fallback
hyderabad,9.01,33.62,56.75,56.55,39.81,91.85,11.4,83.35,41.77,41.58,83.91,2.18,23.25,63.13,24.0,5.48,0.0,89.24,0,28.83,deterministic_fallback
delhi,0.22,30.78,205.96,61.35,,43.78,8.9,88.25,43.02,31.32,47.98,14.36,24.46,56.61,53.87,0.77,1.0,50.71,0,82.17,deterministic_fallback
mumbai,18.1,30.12,115.09,83.19,39.0,81.7,9.36,85.09,61.62,28.62,,9.69,33.23,50.88,30.73,7.33,2.0,95.82,1,61.5,deterministic_fallback
bangalore,5.61,25.11,81.85,58.14,25.11,87.65,10.48,84.4,40.08,37.52,79.32,9.64,25.72,61.39,55.43,5.37,2.0,85.86,0,68.58,deterministic_fallback
chennai,25.74,29.7,35.0,84.82,38.09,78.27,,96.56,63.7,35.94,74.24,14.53,32.4,48.76,34.93,1.15,0.0,77.75,0,58.25,deterministic_fallback
delhi,6.19,41.28,168.53,42.36,53.29,52.84,7.26,70.72,,47.16,73.44,6.4,29.39,48.9,48.91,,0.0,62.3,0,56.01,deterministic_fallback
delhi,16.61,33.24,206.59,56.28,38.79,74.84,9.05,87.57,44.86,42.66,81.55,8.47,28.6,57.57,39.24,4.75,0.0,85.97,0,48.93,deterministic_fallback
chennai,10.15,29.47,95.73,79.24,35.9,87.04,10.8,,36.53,37.33,77.94,3.04,30.44,52.21,27.66,6.54,0.0,83.8,0,34.97,deterministic_fallback
bangalore,12.42,20.71,122.34,73.92,20.71,72.58,11.06,87.77,48.72,36.61,63.79,5.9,21.93,,44.34,6.72,1.0,,0,48.77,deterministic_fallback
chennai,8.95,34.04,151.72,89.54,58.34,69.59,8.62,68.86,53.89,41.04,78.21,6.97,38.23,62.21,45.2,4.35,0.0,84.8,0,46.1,deterministic_fallback
bangalore,12.04,24.36,55.51,62.33,24.36,64.72,10.0,81.23,35.8,35.45,62.47,,29.88,50.85,17.09,4.68,0.0,79.07,0,34.72,deterministic_fallback
kolkata,11.73,33.82,166.28,86.82,55.54,67.09,8.84,80.88,49.66,41.58,95.33,10.65,34.83,53.97,25.57,6.92,0.0,96.22,0,47.1,deterministic_fallback
hyderabad,13.19,26.34,81.64,69.13,26.34,61.39,8.22,89.49,60.05,30.73,66.97,8.62,23.98,46.5,,0.03,1.0,59.52,0,66.6,deterministic_fallback
mumbai,8.18,32.34,138.32,73.51,42.82,78.42,9.62,83.39,29.49,28.3,73.62,8.99,25.9,37.84,34.97,3.14,0.0,73.32,0,48.63,deterministic_fallback
kolkata,8.3,26.94,166.73,75.7,29.24,60.31,11.75,76.95,54.16,39.63,62.62,4.57,,39.85,33.65,0.14,0.0,72.41,0,46.24,deterministic_fallback
bangalore,5.07,25.28,61.07,66.11,25.28,77.89,8.93,86.73,50.42,34.22,83.36,6.59,26.11,53.48,26.53,7.1,1.0,89.24,0,44.06,deterministic_fallback
mumbai,15.97,30.38,147.8,81.88,39.46,60.5,8.82,92.86,55.84,,79.32,7.96,25.22,,23.44,4.7,2.0,76.97,0,58.83,deterministic_fallback
mumbai,21.52,37.84,101.59,68.44,60.0,,7.56,68.02,41.44,39.55,70.66,12.09,25.11,58.58,34.06,6.51,0.0,81.68,0,54.8,deterministic_fallback
hyderabad,21.63,36.06,84.29,64.14,50.71,59.44,8.36,77.01,44.0,45.05,79.2,8.04,29.16,52.58,41.21,4.21,1.0,81.18,0,55.32,deterministic_fallback
mumbai,14.95,36.94,134.07,67.93,56.47,80.88,10.52,,45.71,47.5,80.69,7.34,34.16,68.76,37.26,8.52,2.0,90.24,1,61.03,deterministic_fallback
delhi,16.17,36.59,165.43,60.64,50.44,63.72,8.05,85.47,66.65,37.98,76.6,10.36,27.08,45.41,31.89,7.63,0.0,100.0,0,43.7,deterministic_fallback
mumbai,16.77,35.18,85.24,83.45,59.78,47.58,6.7,69.67,43.53,40.91,67.81,6.6,26.48,45.07,47.73,4.31,1.0,68.84,0,62.54,deterministic_fallback
bangalore,15.54,26.57,101.05,84.55,26.57,95.0,11.15,91.53,36.02,35.96,100.0,8.72,31.09,52.32,31.88,7.22,0.0,98.22,0,41.41,deterministic_fallback
bangalore,7.98,28.74,51.13,73.99,32.88,81.01,9.31,94.54,27.6,36.79,88.37,7.8,26.24,64.86,38.63,4.52,1.0,63.71,0,55.7,deterministic_fallback
bangalore,19.23,31.19,52.24,67.1,37.23,89.78,10.81,79.47,27.05,35.57,85.0,,23.64,37.77,,6.53,2.0,88.74,0,41.39,deterministic_fallback
delhi,20.0,39.69,203.53,44.21,49.96,65.38,8.41,70.76,34.6,39.55,78.85,7.6,33.41,45.84,62.11,0.94,,65.09,1,82.78,deterministic_fallback
mumbai,15.29,31.99,111.63,81.13,44.84,86.36,10.04,83.17,45.24,36.18,82.64,7.26,30.24,48.89,28.89,7.77,0.0,100.0,0,41.4,deterministic_fallback
hyderabad,20.13,,77.75,59.37,37.43,60.51,7.81,90.67,34.88,34.16,67.12,5.92,22.45,67.59,54.92,0.69,1.0,57.18,0,66.54,deterministic_fallback
delhi,11.63,35.2,115.1,59.42,45.36,72.81,,84.97,31.08,32.27,51.29,,17.33,24.9,44.05,5.83,0.0,82.19,0,48.79,deterministic_fallback
hyderabad,24.63,35.96,142.18,52.54,44.22,61.71,9.4,89.68,31.54,43.32,62.37,9.38,26.23,64.16,40.88,5.13,1.0,78.76,0,58.89,deterministic_fallback
mumbai,15.64,35.27,80.26,95.42,60.0,58.18,7.61,61.3,53.6,42.09,92.17,8.67,28.85,41.62,44.96,0.2,0.0,64.26,0,59.81,deterministic_fallback
mumbai,23.37,32.32,109.54,90.07,50.43,70.75,7.48,81.82,46.91,45.85,88.62,6.58,37.96,57.72,31.82,6.32,,91.31,0,45.62,deterministic_fallback
delhi,10.15,31.25,211.86,48.18,32.67,65.04,10.2,67.9,40.9,36.73,69.68,6.73,33.43,34.15,43.33,0.38,1.0,62.06,1,70.34,deterministic_fallback
bangalore,29.38,24.25,98.86,84.73,24.25,64.16,10.5,93.93,37.0,36.91,57.69,9.52,31.75,41.43,44.14,3.91,1.0,69.65,0,62.82,deterministic_fallback
delhi,4.76,36.85,175.64,43.12,42.18,80.52,9.36,91.78,52.12,37.39,85.26,12.3,37.46,56.49,35.42,8.05,0.0,100.0,1,58.99,deterministic_fallback
chennai,20.79,32.25,108.7,77.31,44.1,57.33,8.56,77.5,67.96,40.79,68.97,10.31,31.43,61.22,29.03,1.69,1.0,68.32,1,78.77,deterministic_fallback
delhi,10.32,39.1,236.36,39.61,39.1,67.31,10.56,70.24,42.93,33.89,76.6,12.38,32.47,55.49,46.78,,1.0,66.93,1,82.92,deterministic_fallback
bangalore,9.12,27.96,127.59,83.5,32.54,74.59,12.11,85.26,45.33,42.05,64.29,6.08,28.65,77.97,43.32,3.93,0.0,83.05,0,52.45,deterministic_fallback
hyderabad,8.4,30.81,113.81,45.49,31.51,77.24,11.43,94.47,44.21,37.66,75.58,7.09,19.29,42.27,39.85,7.83,1.0,96.03,1,50.71,deterministic_fallback
mumbai,19.78,36.83,132.96,68.06,56.15,64.24,8.51,77.33,,43.74,81.97,7.15,28.63,45.9,46.36,3.18,0.0,75.41,0,55.54,deterministic_fallback
bangalore,10.17,21.16,67.43,63.74,21.16,79.75,9.7,95.68,46.06,35.13,90.78,4.86,25.83,44.4,27.41,0.51,0.0,62.32,0,48.0,deterministic_fallback
delhi,18.4,41.87,202.1,61.05,60.0,59.45,7.81,69.56,55.51,40.31,60.83,10.27,42.19,50.67,41.71,0.61,2.0,64.08,0,76.25,deterministic_fallback
bangalore,21.46,28.66,68.93,77.36,33.31,56.95,8.4,96.19,62.29,34.61,59.64,5.35,27.89,56.1,38.89,0.0,1.0,70.29,0,65.74,deterministic_fallback
mumbai,26.89,24.04,100.5,81.13,24.04,85.42,9.65,74.38,36.46,34.61,87.43,5.56,22.56,49.03,45.34,6.8,1.0,75.23,0,53.99,deterministic_fallback
chennai,10.33,38.51,68.3,82.98,60.0,63.87,9.65,70.13,53.99,37.66,66.1,6.12,32.69,50.84,21.98,6.53,0.0,100.0,0,39.91,deterministic_fallback
kolkata,18.06,35.01,83.11,81.52,57.6,57.55,8.22,66.76,44.94,43.64,61.64,6.43,27.46,61.21,45.59,2.92,0.0,75.59,0,53.39,deterministic_fallback
mumbai,27.71,29.82,111.14,83.6,38.13,72.42,,93.34,21.52,28.09,79.95,7.78,27.44,65.3,27.79,,0.0,95.64,0,37.47,deterministic_fallback
hyderabad,6.92,28.71,91.36,71.77,32.4,,9.69,82.28,26.31,30.24,100.0,1.56,28.84,43.19,29.69,8.14,0.0,100.0,0,27.99,deterministic_fallback
,11.63,26.61,82.16,72.96,26.61,70.79,9.99,92.1,35.63,34.2,70.03,4.12,21.96,49.34,23.63,6.5,1.0,69.51,0,41.72,deterministic_fallback
delhi,11.59,45.83,192.74,43.8,60.0,32.83,6.65,76.2,50.23,52.7,64.13,13.03,41.68,61.94,47.23,0.01,0.0,67.76,1,86.94,deterministic_fallback
chennai,26.06,28.3,74.89,79.85,32.83,62.6,8.81,85.61,58.76,35.56,70.78,8.24,33.73,51.1,32.91,0.45,0.0,73.03,1,59.15,deterministic_fallback
hyderabad,23.1,28.18,74.39,65.77,30.43,87.42,11.6,84.97,50.17,,72.12,9.19,29.97,53.4,43.89,6.15,2.0,77.88,0,68.98,deterministic_fallback
kolkata,16.97,31.49,136.51,83.24,43.84,63.19,7.98,72.74,66.18,30.22,55.99,8.68,32.82,30.9,35.75,3.49,2.0,60.69,0,67.01,deterministic_fallback
kolkata,23.5,27.73,148.2,90.91,33.05,60.32,9.07,90.36,39.73,42.22,78.27,7.41,28.38,51.25,31.68,1.63,0.0,80.99,0,50.96,deterministic_fallback
mumbai,9.54,26.3,99.42,77.15,26.3,78.56,10.39,84.65,15.87,30.69,79.21,4.71,29.32,50.48,20.63,5.33,1.0,70.43,0,46.78,deterministic_fallback
bangalore,21.65,29.45,77.45,,33.9,61.17,9.45,90.23,49.18,43.42,76.46,6.49,32.04,51.89,36.96,2.64,0.0,77.09,1,53.48,deterministic_fallback
bangalore,7.02,27.27,52.57,71.56,29.47,87.77,10.57,98.38,27.79,28.15,79.2,10.91,19.97,36.01,19.54,7.83,1.0,100.0,0,39.94,deterministic_fallback
mumbai,13.85,30.1,120.13,81.41,38.39,87.41,10.8,,21.14,36.57,92.76,5.37,23.46,35.86,39.06,5.97,3.0,80.82,0,73.16,deterministic_fallback
delhi,14.82,33.14,197.93,63.09,41.05,48.06,7.81,91.25,44.23,37.57,64.8,13.51,,59.43,44.2,2.16,1.0,72.08,1,83.66,deterministic_fallback
kolkata,10.41,,140.28,84.79,,91.39,11.15,89.48,33.66,32.49,68.98,6.11,31.52,52.87,39.53,8.09,1.0,93.56,0,53.62,deterministic_fallback
mumbai,6.11,27.77,115.41,76.06,30.99,88.48,9.68,91.52,30.48,39.8,93.45,6.27,33.73,62.31,30.61,4.57,0.0,86.26,1,54.2,deterministic_fallback
bangalore,18.89,24.67,82.49,73.73,24.67,64.3,9.4,74.32,65.98,38.71,50.28,,24.98,42.78,48.99,,3.0,54.63,0,83.48,deterministic_fallback
,6.13,30.27,70.98,,39.29,67.71,11.83,79.86,39.39,32.95,71.42,6.24,28.92,43.45,29.99,1.36,0.0,64.2,0,46.87,deterministic_fallback
delhi,9.44,30.78,176.8,55.95,33.46,67.15,8.61,82.69,33.14,30.97,72.74,4.68,22.33,34.54,28.35,4.01,1.0,76.88,0,47.64,deterministic_fallback
bangalore,16.03,25.98,79.63,75.03,25.98,78.18,10.69,92.52,64.41,34.13,75.98,7.81,35.99,57.41,25.5,5.74,0.0,77.63,0,48.97,deterministic_fallback
kolkata,15.43,32.82,139.38,70.25,43.01,73.64,10.89,82.39,44.83,39.09,62.24,,35.36,58.63,23.46,6.86,0.0,97.58,1,41.8,deterministic_fallback
bangalore,17.44,30.81,51.57,49.46,32.21,56.5,8.78,86.66,37.94,33.56,60.15,8.59,32.89,68.71,30.75,1.6,4.0,36.78,1,99.23,deterministic_fallback
mumbai,40.29,26.76,135.27,91.43,30.17,63.95,8.9,86.11,40.37,28.3,80.54,9.5,31.5,63.6,47.04,3.33,0.0,79.88,1,63.47,deterministic_fallback
mumbai,22.59,29.06,88.89,83.32,35.67,80.91,9.73,86.05,42.73,29.0,93.29,9.22,25.53,,25.77,8.27,0.0,100.0,0,36.2,deterministic_fallback
kolkata,14.33,31.5,98.28,81.97,43.36,82.14,8.68,75.52,,,72.52,6.06,30.55,55.23,34.72,5.22,0.0,80.45,0,44.55,deterministic_fallback
delhi,7.03,41.13,156.91,55.12,60.0,44.87,7.94,60.37,32.48,38.19,60.44,9.36,36.54,63.0,51.51,0.0,1.0,49.56,0,89.22,deterministic_fallback
bangalore,11.87,22.12,35.0,84.37,22.12,71.23,11.28,85.98,36.86,31.93,62.61,7.99,27.48,40.76,10.0,8.14,1.0,92.77,0,34.02,deterministic_fallback
mumbai,33.58,31.28,107.93,91.99,46.73,61.21,8.62,79.07,,39.04,85.55,8.44,26.31,60.47,38.71,6.53,0.0,96.53,1,55.71,deterministic_fallback
bangalore,15.5,26.94,64.2,,29.34,78.38,11.08,79.46,61.69,34.79,84.93,12.66,34.81,67.87,24.0,3.87,1.0,78.42,0,47.53,deterministic_fallback
kolkata,9.68,30.38,70.2,74.68,37.28,72.06,11.59,86.63,53.27,31.75,50.61,7.53,22.14,48.1,23.9,6.49,0.0,84.07,0,31.79,deterministic_fallback
bangalore,72.88,27.18,58.54,67.78,28.96,45.19,9.56,95.94,74.23,43.91,46.07,9.92,33.8,52.66,25.85,5.27,1.0,83.19,1,68.34,deterministic_fallback
kolkata,19.67,33.99,74.72,63.48,43.67,60.98,9.83,,40.14,39.35,74.1,11.19,27.12,56.77,42.89,2.41,0.0,74.94,0,55.87,deterministic_fallback
delhi,6.39,36.72,240.83,54.58,47.39,71.13,8.75,81.75,41.63,42.19,77.56,9.18,15.66,44.48,24.75,7.03,1.0,92.05,0,44.45,deterministic_fallback
bangalore,9.84,31.3,72.67,77.66,41.02,53.85,6.65,81.42,63.22,35.99,69.08,11.28,28.04,49.67,26.96,2.44,0.0,66.33,0,50.22,deterministic_fallback
chennai,10.03,36.2,115.78,84.32,60.0,76.58,8.65,76.03,42.36,32.35,72.09,2.89,36.61,47.71,32.48,1.27,1.0,65.12,0,56.35,deterministic_fallback
bangalore,11.03,29.91,85.87,74.29,35.86,91.43,11.02,,38.88,32.17,74.33,6.18,28.36,60.47,31.05,5.02,2.0,,0,48.02,deterministic_fallback
delhi,9.26,40.14,190.05,48.51,54.16,56.03,8.68,78.59,44.67,,68.87,8.45,45.44,66.09,47.18,0.36,2.0,59.8,0,82.71,deterministic_fallback
chennai,4.06,35.22,124.43,69.81,51.06,76.44,9.97,79.73,43.64,42.93,68.54,,30.42,74.03,40.5,5.15,3.0,77.16,1,72.35,deterministic_fallback
delhi,0.88,41.66,139.58,42.47,54.47,71.72,8.36,78.4,42.72,35.61,76.45,6.67,27.51,48.63,32.83,4.55,0.0,94.42,0,46.66,deterministic_fallback
bangalore,7.87,31.71,124.05,67.32,38.65,84.93,10.62,83.03,33.05,32.65,71.33,5.61,25.81,55.35,39.9,5.92,0.0,90.41,0,47.05,deterministic_fallback
kolkata,18.37,28.46,156.28,74.65,32.35,71.07,11.4,85.4,55.06,34.06,61.82,2.51,28.14,60.23,50.25,0.73,0.0,59.45,0,45.21,deterministic_fallback
mumbai,14.75,34.07,124.58,93.23,60.0,62.18,8.73,58.19,53.9,40.44,56.54,5.45,30.98,51.09,30.39,4.18,1.0,71.56,1,57.79,deterministic_fallback
delhi,8.93,38.94,179.14,39.3,38.94,76.53,11.23,85.05,49.28,37.17,70.33,,36.13,62.91,37.63,2.86,2.0,68.8,0,81.6,deterministic_fallback
mumbai,13.03,36.06,47.53,77.47,59.57,72.78,9.33,60.31,25.15,34.58,80.11,8.81,21.98,41.12,50.48,1.26,1.0,53.93,1,81.37,deterministic_fallback
delhi,11.43,31.28,161.37,34.42,31.28,68.55,8.81,87.58,43.68,37.0,71.09,5.48,28.56,61.05,48.61,4.38,0.0,79.97,0,54.77,deterministic_fallback
mumbai,19.49,33.22,134.69,81.93,50.02,77.43,9.78,74.17,45.41,43.87,74.49,,35.45,73.12,39.08,7.3,1.0,95.03,0,48.77,deterministic_fallback
hyderabad,9.24,28.63,131.73,58.72,30.25,83.15,,95.73,40.23,36.1,92.18,9.49,34.8,65.06,37.15,7.59,0.0,100.0,0,48.53,deterministic_fallback
mumbai,20.22,34.8,143.98,76.76,53.59,53.3,6.84,74.1,42.36,40.79,79.68,1.93,20.41,71.34,52.45,0.51,3.0,42.15,1,80.63,deterministic_fallback
hyderabad,23.86,32.52,96.9,52.45,36.01,68.85,9.71,86.01,59.97,40.1,95.05,8.78,23.26,59.8,33.89,6.94,0.0,94.61,0,38.6,deterministic_fallback
delhi,6.31,37.08,254.41,49.52,,88.88,11.35,84.46,36.6,41.45,94.16,4.72,28.94,48.07,43.95,4.72,0.0,83.21,0,54.93,deterministic_fallback
delhi,14.73,32.58,211.01,45.82,34.4,65.88,9.3,80.66,26.66,33.69,67.58,13.13,32.74,55.87,64.38,0.21,0.0,63.22,0,81.53,deterministic_fallback
delhi,0.0,35.68,166.51,,41.44,65.5,8.1,93.74,18.62,30.3,68.22,7.76,21.29,38.6,26.25,8.05,1.0,96.21,0,42.31,deterministic_fallback
hyderabad,9.08,32.71,157.04,74.39,44.43,60.75,7.83,85.1,53.38,36.73,69.52,2.51,30.05,41.34,40.25,4.34,1.0,77.94,0,54.8,deterministic_fallback
bangalore,,28.05,35.0,70.51,30.82,95.0,10.87,84.97,37.66,29.58,86.88,6.71,35.09,49.94,10.0,8.92,1.0,100.0,0,35.66,deterministic_fallback
delhi,13.5,40.55,146.91,54.34,60.0,58.82,7.18,66.53,40.02,38.33,84.08,7.96,29.48,65.1,33.81,0.2,0.0,71.62,0,51.76,deterministic_fallback
chennai,7.0,32.08,75.19,70.84,40.97,56.47,7.51,80.04,59.47,34.9,61.6,1.57,26.44,61.79,51.95,,0.0,80.28,0,58.41,deterministic_fallback
bangalore,9.25,26.65,64.84,62.46,26.65,84.37,8.79,86.56,38.61,36.21,83.41,6.85,30.09,56.3,29.57,8.23,2.0,92.19,0,59.88,deterministic_fallback
mumbai,36.11,32.32,93.56,80.71,45.86,56.58,8.94,73.8,42.17,37.1,,9.83,30.68,57.82,39.61,2.97,0.0,72.8,1,65.6,deterministic_fallback
kolkata,20.84,33.17,151.75,100.0,60.0,66.79,,69.86,35.38,43.12,72.16,2.72,32.43,60.1,41.75,4.33,2.0,67.54,0,58.12,deterministic_fallback
delhi,5.69,43.16,193.7,47.16,60.0,64.46,7.63,68.78,39.69,27.72,73.38,9.0,21.25,26.38,28.67,5.47,,68.34,0,71.92,deterministic_fallback
mumbai,8.28,28.63,,81.55,34.03,86.79,11.16,84.82,62.12,36.02,83.54,6.24,25.73,48.91,23.85,7.2,0.0,100.0,0,33.29,deterministic_fallback
bangalore,12.32,23.66,97.85,62.36,23.66,74.12,11.18,84.68,45.02,38.44,94.8,8.83,22.54,42.07,24.34,3.19,,82.77,0,31.93,deterministic_fallback
mumbai,14.72,38.34,48.58,57.14,54.18,63.91,7.86,81.07,35.52,35.13,82.17,6.7,29.98,46.64,25.52,5.87,0.0,93.71,0,44.23,deterministic_fallback
delhi,12.04,33.95,141.12,43.64,36.33,71.6,9.94,86.41,41.05,37.42,72.32,3.92,,55.42,40.66,5.66,0.0,83.38,0,40.0,deterministic_fallback
chennai,5.74,23.61,91.5,93.5,23.61,82.46,9.66,89.04,,31.33,72.61,3.11,20.62,42.47,33.59,5.99,0.0,84.94,0,33.49,deterministic_fallback
mumbai,19.73,30.15,102.39,84.34,39.44,74.75,10.37,88.71,19.92,35.89,72.79,6.12,21.46,46.3,,4.05,1.0,90.55,0,52.91,deterministic_fallback
chennai,7.76,28.83,92.52,87.75,35.96,,9.09,81.84,42.0,32.72,62.43,5.92,24.07,47.3,45.37,0.0,2.0,48.58,0,71.01,deterministic_fallback
kolkata,7.85,23.55,178.29,78.85,23.55,74.28,8.9,90.12,41.55,29.03,72.71,9.7,23.23,30.79,22.77,2.09,0.0,81.55,0,45.11,deterministic_fallback
hyderabad,33.66,32.12,104.63,41.84,,60.73,9.86,66.9,77.05,32.49,50.08,7.07,21.8,48.84,53.25,4.91,1.0,83.63,0,63.77,deterministic_fallback
hyderabad,6.62,30.81,83.35,49.66,32.23,89.71,11.32,82.09,48.98,26.95,73.18,2.22,21.49,37.36,28.42,3.35,1.0,68.49,0,52.43,deterministic_fallback
hyderabad,7.17,35.17,84.54,61.75,46.43,59.05,9.62,73.88,60.05,,71.23,5.53,28.0,38.49,40.95,1.11,0.0,58.83,0,59.32,deterministic_fallback
kolkata,13.59,33.7,197.51,83.99,53.27,79.07,9.74,75.39,67.46,33.82,63.22,3.75,19.47,58.31,,6.19,2.0,78.04,0,52.97,deterministic_fallback
delhi,21.89,39.54,234.82,50.67,53.73,71.3,9.5,71.26,63.64,39.45,66.57,10.32,25.15,47.87,47.39,4.49,1.0,81.78,0,64.8,deterministic_fallback
mumbai,19.92,30.15,114.82,75.35,36.8,89.78,10.01,90.4,36.44,31.94,89.74,,33.93,31.68,32.18,7.28,0.0,89.11,0,45.53,deterministic_fallback
bangalore,12.74,30.6,58.97,76.54,38.46,79.04,9.33,90.41,41.93,34.26,87.32,,22.85,45.5,31.82,4.0,0.0,91.27,0,44.03,deterministic_fallback
bangalore,14.28,32.52,76.27,65.13,40.1,66.39,8.57,76.3,20.17,36.1,67.45,6.5,29.98,36.84,27.83,1.96,1.0,65.75,0,57.5,deterministic_fallback
mumbai,25.68,33.49,145.19,82.52,51.48,49.45,6.6,76.15,58.41,43.76,73.71,6.25,30.79,,69.05,0.26,2.0,60.48,1,93.86,deterministic_fallback
hyderabad,6.79,31.72,102.01,60.11,36.46,55.14,11.17,75.41,52.36,38.09,56.27,5.47,29.3,56.97,47.7,0.0,2.0,58.74,0,73.04,deterministic_fallback
mumbai,18.62,27.48,113.71,76.54,30.41,,9.8,90.09,37.85,40.34,71.74,6.83,24.24,37.36,36.64,3.96,0.0,91.55,0,47.95,deterministic_fallback
kolkata,8.77,33.66,110.27,74.65,47.94,62.93,7.12,77.1,25.29,39.11,77.17,4.84,19.79,63.59,52.66,3.19,2.0,65.99,0,66.82,deterministic_fallback
delhi,13.15,41.68,170.97,46.63,57.73,76.21,9.78,69.29,56.81,31.68,91.78,11.22,23.53,48.29,26.8,6.67,1.0,89.61,0,52.9,deterministic_fallback
mumbai,19.38,31.81,83.15,94.54,50.34,83.35,8.88,67.81,46.73,38.42,88.9,6.72,30.89,50.92,39.43,5.92,0.0,79.43,0,51.98,deterministic_fallback
mumbai,22.29,29.62,173.62,88.68,38.92,66.59,10.54,80.45,73.54,39.0,71.34,8.4,34.04,70.73,42.81,1.54,1.0,66.0,0,74.03,deterministic_fallback
delhi,27.39,34.6,211.53,59.35,43.58,71.3,9.07,75.25,58.68,38.89,62.62,7.68,29.72,46.82,45.49,5.34,0.0,94.55,1,62.37,deterministic_fallback
delhi,0.0,29.23,184.32,42.71,29.11,90.8,9.57,76.68,53.42,27.2,89.21,4.68,20.6,62.08,39.83,5.16,0.0,87.29,0,50.14,deterministic_fallback
mumbai,16.73,29.99,104.06,67.84,34.5,72.76,10.79,87.83,53.52,33.59,75.3,4.25,30.32,37.0,10.92,7.12,2.0,100.0,0,38.11,deterministic_fallback
delhi,10.92,38.17,191.97,58.65,54.62,87.25,9.27,83.64,30.32,36.71,81.28,5.02,23.57,45.89,24.02,7.4,3.0,88.27,0,56.62,deterministic_fallback
mumbai,31.53,32.6,188.12,87.76,50.48,59.69,8.43,81.96,44.23,43.41,74.17,13.76,27.89,51.36,50.05,7.99,0.0,94.98,1,69.0,deterministic_fallback
delhi,14.79,38.37,208.89,51.28,50.47,82.83,10.2,69.67,34.31,36.17,88.3,9.52,22.56,48.88,46.2,1.3,0.0,71.16,1,64.19,deterministic_fallback
delhi,9.07,38.6,215.95,46.76,48.43,74.23,9.87,77.28,33.14,42.25,65.13,7.57,27.82,57.53,62.09,3.38,3.0,55.93,1,95.91,deterministic_fallback
delhi,7.86,32.41,179.04,37.92,32.41,84.05,10.47,85.85,57.85,26.17,77.94,5.28,21.49,41.71,59.55,0.0,,48.81,1,85.33,deterministic_fallback
delhi,9.65,33.86,170.37,56.71,40.49,77.35,8.53,83.15,41.89,36.2,76.07,10.5,29.0,53.55,33.84,6.68,1.0,80.4,0,54.93,deterministic_fallback
mumbai,13.36,30.49,169.71,88.56,,76.77,8.24,85.09,46.78,32.67,81.31,4.77,19.62,,34.43,5.89,1.0,85.42,0,43.92,deterministic_fallback
mumbai,17.78,30.85,111.2,73.99,38.42,84.09,10.95,82.91,23.17,32.71,89.06,2.71,23.75,44.22,53.79,2.35,1.0,68.57,0,61.49,deterministic_fallback
mumbai,10.43,36.02,101.26,72.73,56.07,53.54,6.23,72.85,58.72,52.72,56.61,8.22,30.13,63.23,49.27,4.84,0.0,92.68,0,51.91,deterministic_fallback
chennai,22.7,36.43,105.04,85.74,60.0,64.48,7.9,69.33,45.81,40.54,74.88,5.68,32.93,65.54,33.16,5.03,0.0,84.43,1,52.31,deterministic_fallback
kolkata,14.45,33.26,141.41,77.02,47.65,65.36,9.23,82.12,59.62,36.28,66.76,3.99,29.11,50.35,49.27,5.12,0.0,78.55,0,51.41,deterministic_fallback
kolkata,14.39,32.48,73.02,96.38,54.65,72.62,8.1,81.79,32.21,34.16,79.1,3.84,21.35,45.98,41.75,3.52,0.0,89.12,0,40.31,deterministic_fallback
bangalore,6.05,21.74,61.68,67.61,21.74,,10.17,81.11,55.81,34.43,87.46,7.79,29.81,61.74,35.85,,0.0,76.69,0,42.38,deterministic_fallback
bangalore,13.91,28.89,95.59,66.02,31.8,84.43,10.66,90.01,55.07,34.3,73.37,6.72,26.87,53.61,31.73,6.34,1.0,87.63,0,42.17,deterministic_fallback
delhi,23.47,32.44,,51.24,35.52,60.61,9.2,76.87,42.41,32.63,68.13,5.41,30.83,50.41,34.89,3.49,1.0,75.8,0,46.73,deterministic_fallback
chennai,15.85,40.51,56.18,72.17,60.0,72.54,9.17,71.67,60.02,47.77,79.74,8.42,28.68,52.97,19.99,,0.0,90.48,0,34.08,deterministic_fallback
chennai,11.65,26.97,97.98,83.94,30.03,68.66,10.72,75.87,58.61,38.79,60.27,5.13,31.28,50.65,28.24,,0.0,74.26,0,48.75,deterministic_fallback
chennai,22.94,35.0,108.8,82.92,58.53,55.23,7.78,65.15,59.45,41.93,75.4,4.2,36.38,75.09,56.52,2.16,0.0,72.7,0,60.38,deterministic_fallback
kolkata,17.39,28.65,135.43,91.1,36.12,51.56,8.88,76.78,36.62,39.4,61.31,4.14,29.64,55.77,46.12,0.01,0.0,65.55,0,57.07,deterministic_fallback
bangalore,22.4,29.07,111.32,71.27,33.12,88.09,,81.21,53.62,33.33,85.33,8.41,37.6,51.29,23.83,7.05,2.0,82.61,0,54.54,deterministic_fallback
chennai,9.91,32.94,107.52,71.14,43.78,75.57,11.42,82.23,50.93,34.83,57.73,5.1,30.76,68.94,52.53,0.0,1.0,47.99,1,88.96,deterministic_fallback
chennai,13.5,35.94,85.1,75.01,57.26,83.46,7.74,76.67,33.93,31.9,75.27,7.67,32.45,20.77,21.52,8.69,0.0,100.0,1,43.39,deterministic_fallback
delhi,6.42,35.98,133.89,46.11,41.41,75.99,11.44,79.98,43.04,31.81,72.21,10.27,38.75,57.81,25.93,7.48,2.0,81.63,0,56.51,deterministic_fallback
kolkata,13.99,35.83,98.7,93.85,60.0,58.81,6.21,72.37,42.04,44.69,76.13,5.04,22.19,50.91,46.92,7.21,2.0,82.44,1,62.2,deterministic_fallback
mumbai,17.81,,146.96,87.44,36.51,,9.13,75.61,30.57,31.99,90.74,14.31,32.14,51.48,23.51,6.68,2.0,93.24,1,73.82,deterministic_fallback
kolkata,8.85,31.45,143.06,,42.79,80.09,9.1,88.27,25.56,44.44,83.93,7.95,34.13,68.32,37.82,4.47,1.0,89.67,1,57.6,deterministic_fallback
chennai,14.98,37.57,107.04,67.79,58.93,78.51,9.46,63.81,20.56,40.04,73.76,6.83,29.64,43.87,25.2,6.84,0.0,100.0,0,32.23,deterministic_fallback
mumbai,13.55,33.38,146.96,91.41,56.23,73.0,8.72,72.69,43.59,36.74,74.18,3.38,23.73,42.07,24.78,7.96,1.0,100.0,0,32.17,deterministic_fallback
hyderabad,18.38,,122.34,60.56,32.27,95.0,11.71,89.73,10.01,31.44,89.17,5.92,21.11,43.3,17.12,8.7,0.0,100.0,0,26.25,deterministic_fallback
mumbai,13.26,30.49,119.61,78.02,38.57,72.95,9.67,88.65,,39.71,66.12,5.95,22.25,35.34,32.54,6.01,0.0,96.77,0,38.96,deterministic_fallback
chennai,12.15,38.21,132.41,87.37,60.0,68.66,8.15,74.25,52.82,44.1,77.86,10.05,42.82,69.25,26.58,6.22,2.0,85.51,1,69.69,deterministic_fallback
chennai,13.13,31.83,79.83,70.97,40.25,83.91,9.55,85.53,39.32,33.78,71.15,5.62,29.07,50.3,34.63,5.55,1.0,97.35,0,45.59,deterministic_fallback
hyderabad,17.87,29.73,112.58,56.88,31.77,91.55,12.37,93.87,60.39,40.84,77.86,8.06,23.82,65.64,29.95,7.96,1.0,88.37,0,38.98,deterministic_fallback
chennai,12.69,35.17,67.91,73.17,52.87,71.68,7.45,89.53,35.86,40.51,82.68,6.74,23.37,46.14,31.73,3.32,1.0,78.2,0,59.47,deterministic_fallback
mumbai,24.06,29.39,146.46,69.39,33.47,60.91,9.27,84.18,54.09,31.56,66.46,9.2,16.52,51.95,34.38,4.05,0.0,71.79,1,56.77,deterministic_fallback
delhi,,30.69,164.94,52.25,32.55,75.78,9.28,88.32,18.48,36.41,86.88,10.3,34.39,64.31,45.37,6.61,1.0,93.35,0,61.92,deterministic_fallback
bangalore,6.29,31.57,62.94,62.4,36.77,83.28,10.42,85.4,5.66,25.74,95.22,7.06,23.05,42.89,,1.6,1.0,53.51,1,69.49,deterministic_fallback
mumbai,16.0,27.42,64.42,74.71,30.08,78.57,8.8,82.47,37.15,33.53,83.91,9.18,28.9,45.71,24.51,6.36,1.0,78.94,0,47.68,deterministic_fallback
bangalore,18.69,24.82,95.25,63.86,24.82,64.01,11.7,84.73,53.71,37.73,69.1,10.26,29.14,59.97,33.86,0.0,0.0,53.02,0,64.81,deterministic_fallback
delhi,7.8,34.65,220.7,44.93,38.08,79.93,10.01,92.02,47.83,35.66,83.77,10.08,31.31,45.26,27.83,4.24,2.0,75.66,0,55.05,deterministic_fallback
delhi,8.07,32.36,213.91,42.93,33.39,68.52,10.44,69.06,43.61,30.78,56.34,8.67,23.74,55.82,59.34,0.06,1.0,60.96,0,79.69,deterministic_fallback
bangalore,12.63,23.3,102.93,70.99,23.3,92.2,10.88,86.47,,,95.11,8.09,28.87,62.05,35.14,7.74,1.0,100.0,0,46.08,deterministic_fallback
kolkata,26.66,33.64,140.7,81.89,51.76,62.99,8.6,85.47,64.64,44.46,68.39,12.36,34.15,70.19,44.72,6.4,1.0,87.0,1,72.93,deterministic_fallback
delhi,12.41,38.18,212.48,50.38,,62.47,8.86,79.33,43.12,46.84,91.06,8.75,27.06,71.59,47.31,2.04,5.0,57.77,1,112.57,deterministic_fallback
kolkata,6.07,33.85,158.04,100.0,60.0,47.4,8.22,74.22,48.34,40.35,64.3,8.37,24.84,49.62,49.58,1.38,0.0,69.49,0,57.17,deterministic_fallback
bangalore,7.15,23.94,95.06,67.33,23.94,83.48,10.88,78.3,23.01,30.81,83.84,4.61,23.43,46.67,40.04,5.01,1.0,86.07,0,37.7,deterministic_fallback
delhi,14.1,41.69,147.21,54.97,60.0,63.91,7.41,80.43,23.66,43.7,62.73,11.1,31.32,44.72,31.35,7.47,0.0,97.35,0,38.51,deterministic_fallback
bangalore,17.02,22.66,67.13,75.11,,74.35,8.92,91.67,40.58,36.48,70.68,8.97,35.37,57.96,33.92,2.24,1.0,76.21,0,59.96,deterministic_fallback
bangalore,5.78,17.51,78.11,67.96,18.0,95.0,11.28,87.83,43.35,30.75,70.79,5.41,24.14,30.66,16.92,8.52,1.0,90.01,0,43.17,deterministic_fallback
delhi,2.04,39.73,160.01,51.35,54.86,63.73,8.55,71.74,28.99,39.96,61.89,6.35,26.94,40.94,40.86,5.11,1.0,64.56,0,56.53,deterministic_fallback
bangalore,18.95,32.48,35.0,69.68,41.73,72.48,7.3,85.58,48.23,35.34,86.44,6.88,28.65,44.91,36.55,3.72,0.0,82.04,0,54.68,deterministic_fallback
mumbai,18.13,33.02,67.92,81.07,48.78,51.39,8.13,71.83,,33.17,60.73,7.12,25.28,42.08,35.31,2.5,1.0,57.05,0,48.8,deterministic_fallback
delhi,0.41,34.96,195.12,44.34,38.52,84.91,11.78,78.74,,35.44,64.51,7.85,27.15,60.49,39.54,2.43,0.0,82.36,1,59.13,deterministic_fallback
bangalore,11.77,28.94,101.19,64.99,31.72,67.78,9.79,88.72,49.18,40.21,65.94,7.18,37.12,59.46,36.28,3.13,2.0,64.95,0,72.79,deterministic_fallback
bangalore,9.96,28.14,56.16,68.93,30.8,73.73,9.32,91.19,31.04,41.52,82.81,2.87,28.04,50.29,45.75,0.42,0.0,56.68,0,60.9,deterministic_fallback
chennai,46.53,30.8,177.28,61.95,34.91,47.44,8.06,82.13,49.94,32.93,78.54,14.29,29.8,52.18,35.54,3.14,0.0,95.36,1,56.52,deterministic_fallback
delhi,15.76,40.44,155.63,62.23,60.0,67.57,7.35,68.41,5.0,42.97,85.1,7.73,24.76,25.0,33.28,2.96,1.0,71.68,0,51.55,deterministic_fallback
kolkata,28.31,33.86,146.14,100.0,60.0,52.69,6.32,64.52,61.51,40.52,60.69,9.27,,49.69,39.79,0.6,1.0,59.48,1,77.31,deterministic_fallback
chennai,14.2,37.24,127.85,76.5,60.0,67.81,8.47,73.49,43.07,43.61,86.61,6.87,26.78,65.29,39.47,2.49,2.0,71.1,0,61.97,deterministic_fallback
kolkata,15.6,38.28,149.02,87.57,60.0,45.84,7.85,64.6,35.45,48.12,61.18,9.73,31.61,52.34,50.12,0.01,3.0,56.34,0,91.73,deterministic_fallback
chennai,21.74,33.18,105.86,84.39,51.19,52.46,8.13,82.65,67.25,35.88,63.56,7.99,32.0,,34.09,1.25,2.0,68.1,0,67.32,deterministic_fallback
mumbai,7.41,25.26,142.05,68.0,25.26,67.71,9.3,82.8,36.68,35.76,69.48,5.59,24.05,67.74,43.6,5.14,1.0,,0,49.09,deterministic_fallback
bangalore,3.55,30.74,75.76,75.71,38.62,74.69,11.47,86.26,32.74,31.14,64.99,5.92,29.12,45.78,51.45,0.0,1.0,61.95,0,70.46,deterministic_fallback
mumbai,17.31,25.25,,75.97,25.25,54.48,9.1,80.25,40.06,38.73,69.83,10.18,20.14,72.33,48.37,2.08,1.0,65.7,0,68.24,deterministic_fallback
chennai,2.56,32.93,,92.53,54.66,64.88,8.01,78.41,61.27,45.29,70.24,6.82,27.05,81.35,41.05,6.08,0.0,83.54,0,41.63,deterministic_fallback
hyderabad,6.72,29.45,72.48,57.03,31.32,76.04,9.76,87.1,56.32,30.54,73.58,6.27,24.48,48.26,32.73,0.0,0.0,62.34,0,47.51,deterministic_fallback
delhi,10.64,33.93,187.14,57.12,40.82,55.42,9.56,71.55,65.99,43.51,49.48,7.9,42.82,61.34,30.81,6.19,0.0,77.81,0,48.25,deterministic_fallback
kolkata,11.55,32.0,112.26,80.5,44.57,71.52,9.81,75.81,54.16,31.66,73.66,5.94,25.6,38.73,46.14,0.54,0.0,70.96,0,61.8,deterministic_fallback
mumbai,4.51,27.45,,95.93,32.9,,11.06,83.99,30.85,33.1,59.32,9.08,25.67,37.24,45.16,0.0,0.0,59.97,0,60.8,deterministic_fallback
bangalore,14.29,27.33,74.14,65.04,28.96,70.67,10.8,79.22,62.44,32.99,64.97,5.09,31.52,42.23,33.11,1.03,1.0,59.6,0,49.28,deterministic_fallback
chennai,7.5,29.48,170.0,,37.13,89.26,12.86,91.98,41.88,41.71,71.47,8.59,24.63,62.65,44.65,7.29,1.0,90.75,0,48.78,deterministic_fallback
mumbai,21.31,29.54,119.57,84.72,37.53,64.22,7.65,81.09,28.17,,79.35,8.05,12.56,57.29,48.46,0.22,1.0,58.04,0,67.22,deterministic_fallback
hyderabad,10.82,31.43,35.0,62.1,36.37,73.52,10.19,89.68,,37.25,75.86,8.11,36.53,52.18,43.02,0.0,,69.98,0,58.91,deterministic_fallback
chennai,12.86,31.44,179.12,76.86,41.21,74.39,9.12,86.95,41.38,43.07,75.62,7.56,31.72,35.69,29.61,7.55,1.0,85.25,1,52.89,deterministic_fallback
mumbai,28.44,31.82,111.66,74.94,41.7,81.85,11.54,82.52,44.68,33.11,67.48,4.06,25.68,57.72,51.03,4.8,0.0,81.41,0,49.41,deterministic_fallback
bangalore,7.44,33.43,55.99,47.91,36.54,85.76,10.31,90.94,36.72,29.16,84.49,8.05,24.25,41.42,29.01,4.57,0.0,81.5,0,47.43,deterministic_fallback
delhi,6.63,34.03,211.76,58.13,41.49,62.62,7.13,71.36,43.43,43.94,86.43,4.76,35.1,50.75,58.04,0.73,2.0,50.32,1,102.32,deterministic_fallback
hyderabad,15.82,23.39,153.17,55.36,,78.37,10.53,85.0,46.05,32.36,72.63,7.44,24.95,41.51,36.09,3.32,0.0,78.37,0,47.8,deterministic_fallback
mumbai,16.74,35.8,130.03,88.7,60.0,54.82,8.23,66.47,56.44,,59.11,,30.98,55.15,39.82,4.45,2.0,69.78,0,68.04,deterministic_fallback
kolkata,5.0,31.5,131.45,84.21,44.29,76.07,10.24,80.73,36.57,33.93,68.63,9.1,36.01,45.77,41.72,3.89,0.0,70.08,0,56.9,deterministic_fallback
kolkata,15.73,30.78,145.37,91.86,44.51,61.36,8.51,79.3,35.94,45.3,80.33,4.73,25.31,59.12,54.21,4.57,2.0,79.08,0,66.85,deterministic_fallback
mumbai,19.62,29.14,91.68,85.98,36.55,60.84,10.1,86.54,24.61,26.3,66.23,4.88,,35.28,38.58,0.68,,68.34,0,60.37,deterministic_fallback
delhi,15.1,30.36,157.77,30.49,30.36,74.61,10.0,87.26,,40.25,70.35,8.3,23.31,55.26,33.01,8.43,1.0,97.3,0,51.29,deterministic_fallback
hyderabad,15.83,40.17,157.62,64.19,60.0,59.56,7.48,75.28,39.91,35.98,67.76,7.58,35.79,55.37,39.37,6.69,0.0,92.06,0,45.67,deterministic_fallback
hyderabad,15.54,32.78,110.6,56.49,37.79,89.04,10.15,85.98,40.51,28.33,74.34,1.97,25.98,45.84,28.0,2.61,0.0,73.13,0,36.02,deterministic_fallback
bangalore,24.68,20.29,52.03,79.29,20.29,73.36,10.27,92.25,22.42,29.62,63.66,,21.86,43.04,10.0,8.09,0.0,95.6,1,31.59,deterministic_fallback
mumbai,23.06,32.35,125.16,84.57,47.81,70.12,10.1,73.38,31.67,39.85,72.06,11.71,22.64,60.19,32.78,2.63,0.0,82.27,0,52.69,deterministic_fallback
mumbai,14.11,35.1,157.39,83.95,59.76,53.1,7.85,73.63,47.92,36.91,70.72,8.45,25.6,44.76,54.72,0.74,3.0,54.66,1,90.79,deterministic_fallback
kolkata,10.26,30.33,75.01,79.64,38.59,89.17,10.66,78.37,21.41,32.44,77.47,3.82,27.1,52.57,38.04,9.24,0.0,89.27,0,45.24,deterministic_fallback
bangalore,21.08,23.94,83.9,62.39,23.94,53.07,8.6,68.63,42.56,28.98,60.6,,30.22,,33.05,1.12,0.0,75.55,0,55.23,deterministic_fallback
kolkata,13.63,26.66,198.45,78.63,26.66,69.92,11.5,97.3,32.59,31.21,78.23,10.13,20.55,53.48,39.0,0.57,1.0,67.51,0,67.97,deterministic_fallback
bangalore,9.3,22.47,117.11,54.34,22.47,75.53,9.44,81.68,33.0,30.57,63.43,1.95,21.34,52.6,46.08,4.82,0.0,88.38,0,40.78,deterministic_fallback
kolkata,7.03,34.05,143.06,76.84,50.61,66.59,9.56,72.63,41.04,39.03,74.73,5.76,25.73,51.69,38.84,2.25,2.0,45.46,0,66.3,deterministic_fallback
mumbai,23.58,30.25,157.29,68.17,35.19,70.91,10.02,72.53,50.59,35.41,76.72,10.85,25.06,64.07,43.97,1.27,1.0,64.03,0,67.4,deterministic_fallback
mumbai,13.82,25.92,150.01,67.6,25.92,78.64,9.98,79.95,55.52,27.04,70.87,,23.26,69.2,58.98,0.0,3.0,56.85,1,84.33,deterministic_fallback
kolkata,9.27,31.37,128.19,82.67,43.18,63.05,10.17,83.05,31.08,39.46,83.59,5.87,25.19,69.34,53.89,0.52,1.0,63.25,0,69.5,deterministic_fallback
kolkata,30.76,35.02,154.13,87.73,60.0,56.36,5.6,75.79,41.45,45.58,65.37,8.13,34.03,51.75,42.74,,2.0,92.17,1,74.89,deterministic_fallback
delhi,21.5,34.67,240.59,50.47,40.07,59.29,9.11,76.55,62.94,36.35,64.77,8.6,26.05,55.61,27.73,,1.0,94.61,0,46.98,deterministic_fallback
delhi,37.44,33.25,153.91,48.0,36.23,67.87,10.49,82.98,52.56,32.94,69.21,12.05,28.3,55.87,29.6,6.08,1.0,87.16,0,57.8,deterministic_fallback
bangalore,13.85,24.39,91.98,61.53,24.39,82.49,12.33,88.9,41.23,37.24,100.0,10.24,29.39,50.09,41.79,4.82,1.0,88.79,0,58.85,deterministic_fallback
bangalore,15.93,33.4,69.08,66.74,43.3,68.34,9.3,83.61,36.74,31.75,80.91,5.75,19.39,52.7,35.95,,3.0,73.15,0,68.75,deterministic_fallback
mumbai,12.29,30.76,140.59,72.41,37.68,48.0,6.96,83.74,47.05,33.99,77.24,4.57,29.72,51.41,39.58,0.38,2.0,56.74,1,84.81,deterministic_fallback
kolkata,0.0,29.09,126.85,80.5,35.11,88.36,10.24,95.06,6.25,,88.61,9.41,27.91,58.69,23.18,8.63,0.0,100.0,0,38.59,deterministic_fallback
delhi,1.4,35.23,187.6,36.94,35.23,77.08,10.36,85.04,53.8,39.84,77.65,9.36,30.01,61.6,43.74,6.44,0.0,88.82,1,60.18,deterministic_fallback
hyderabad,14.42,33.93,106.07,64.76,44.05,73.98,,89.6,36.07,39.85,85.16,7.1,28.47,54.04,50.25,,1.0,66.81,0,69.87,deterministic_fallback
mumbai,14.41,29.57,143.95,74.62,35.06,45.88,9.89,82.8,33.47,35.86,50.75,8.6,26.22,51.9,46.8,0.0,1.0,58.23,0,68.71,deterministic_fallback
mumbai,13.14,30.67,148.33,82.06,40.46,59.77,8.5,90.67,30.19,,80.52,8.8,29.91,57.12,27.04,6.94,0.0,98.04,0,37.8,deterministic_fallback
hyderabad,15.66,37.93,111.27,66.35,59.32,65.42,9.06,76.72,44.43,39.02,76.58,5.18,30.37,66.2,39.02,1.68,2.0,68.61,0,62.94,deterministic_fallback
delhi,,,163.37,52.68,58.45,62.02,8.6,62.04,44.0,49.13,79.16,5.82,27.21,63.95,58.59,0.13,3.0,57.73,1,94.46,deterministic_fallback
hyderabad,12.67,28.84,86.59,65.41,31.6,76.09,9.39,88.13,48.83,23.8,65.41,7.32,31.82,60.69,42.77,5.3,1.0,82.1,0,61.82,deterministic_fallback
mumbai,12.35,28.96,132.12,62.45,31.34,89.64,11.11,84.11,32.67,42.11,68.29,2.07,27.02,62.71,32.31,7.47,0.0,95.14,0,29.64,deterministic_fallback
kolkata,8.37,32.4,109.04,77.73,44.84,67.51,8.79,74.51,51.49,32.53,66.08,5.72,25.97,46.88,30.65,4.32,0.0,77.74,0,37.66,deterministic_fallback
chennai,23.08,,120.39,84.67,60.0,54.55,7.45,69.35,42.96,44.98,75.38,6.43,37.79,60.47,53.7,0.59,0.0,66.48,0,59.83,deterministic_fallback
kolkata,11.51,37.38,143.76,85.99,60.0,60.85,7.36,72.98,36.82,48.57,81.19,7.6,30.98,62.46,51.34,5.03,3.0,62.27,0,83.57,deterministic_fallback
mumbai,9.49,27.34,145.17,93.55,32.2,74.98,9.98,77.97,35.75,34.23,70.03,3.91,26.9,39.6,19.14,7.98,,91.29,0,44.84,deterministic_fallback
delhi,5.79,38.59,166.89,63.1,59.51,78.21,9.53,75.02,47.0,44.23,96.01,7.45,20.14,65.8,31.64,,1.0,100.0,0,50.76,deterministic_fallback
delhi,9.45,34.3,160.98,52.15,39.83,,7.59,81.11,41.49,39.52,74.1,6.9,18.82,54.12,53.93,1.6,,58.83,0,57.86,deterministic_fallback
bangalore,14.98,29.66,112.44,67.18,33.62,89.7,11.29,92.42,,28.78,77.68,6.64,25.0,51.94,35.67,5.07,2.0,78.81,0,52.78,deterministic_fallback
delhi,23.23,35.96,178.83,43.19,40.23,63.09,9.61,78.7,51.56,35.75,66.7,9.75,30.82,74.56,43.57,1.4,0.0,71.1,1,76.4,deterministic_fallback
mumbai,11.77,24.48,120.14,75.13,24.48,94.86,9.92,94.11,47.06,31.61,89.21,,29.73,30.37,30.79,7.67,,97.05,0,43.26,deterministic_fallback
delhi,22.71,36.65,191.59,47.55,43.67,73.07,9.25,82.81,60.15,37.98,78.32,8.47,33.24,57.26,42.99,6.49,2.0,77.47,0,70.88,deterministic_fallback
delhi,5.03,37.69,194.22,44.66,44.9,82.54,8.55,82.28,36.22,33.32,93.64,6.88,17.29,41.06,29.07,5.22,1.0,85.82,0,40.67,deterministic_fallback
delhi,9.77,36.48,141.02,42.43,41.06,59.29,7.67,89.05,47.52,41.5,58.52,5.76,,55.03,45.58,0.48,0.0,60.48,0,61.97,deterministic_fallback
mumbai,19.86,30.55,144.98,82.8,40.31,48.04,8.38,91.19,74.92,39.94,56.64,5.29,22.76,44.25,46.48,2.73,1.0,60.78,0,60.23,deterministic_fallback
delhi,,29.87,181.68,63.77,33.35,63.2,7.82,82.44,51.66,30.85,61.46,12.05,30.1,51.04,43.79,0.81,2.0,64.8,0,71.19,deterministic_fallback
hyderabad,9.72,33.35,137.94,66.24,42.95,70.1,,79.54,39.54,37.24,84.74,6.08,25.08,46.45,24.58,7.49,2.0,93.51,0,55.56,deterministic_fallback
delhi,41.18,35.56,136.97,49.72,41.91,,7.31,84.98,54.33,33.5,69.7,9.82,42.25,55.97,35.43,5.99,0.0,82.8,1,59.56,deterministic_fallback
delhi,,,204.7,57.78,37.04,69.3,11.17,75.31,46.05,30.19,82.32,7.51,23.02,61.3,39.5,1.59,1.0,61.7,0,59.18,deterministic_fallback
bangalore,24.68,26.86,62.53,72.75,28.84,77.42,8.57,81.47,5.0,27.96,73.48,8.27,23.26,29.49,36.93,6.78,1.0,85.32,0,47.97,deterministic_fallback
chennai,8.82,33.41,38.62,74.38,46.88,86.0,9.1,86.96,47.71,35.64,88.15,5.35,27.28,43.55,21.47,5.25,1.0,70.83,0,36.32,deterministic_fallback
delhi,18.28,34.56,189.3,49.64,39.51,75.57,11.14,90.62,30.39,33.43,68.41,7.01,25.59,50.09,36.18,7.92,1.0,99.96,0,45.85,deterministic_fallback
hyderabad,11.23,32.02,56.29,57.3,36.33,78.35,10.95,81.43,,36.1,86.11,8.79,22.19,48.33,30.85,2.93,1.0,77.26,0,49.85,deterministic_fallback
kolkata,18.19,25.99,129.15,87.66,25.99,71.72,9.48,100.0,26.18,35.16,84.73,4.47,38.68,53.25,38.79,1.17,1.0,61.24,0,67.84,deterministic_fallback
bangalore,13.14,31.04,113.05,70.17,37.75,67.54,9.57,77.68,33.48,39.13,70.25,7.27,25.23,47.51,46.72,4.45,1.0,78.48,0,59.82,deterministic_fallback
kolkata,8.72,28.52,119.07,75.87,32.69,69.37,10.28,89.49,31.54,33.61,77.79,4.23,22.01,36.93,39.55,1.55,0.0,69.91,0,43.23,deterministic_fallback
chennai,13.1,29.53,71.5,68.83,33.67,91.76,12.49,80.62,51.14,29.81,80.31,1.73,24.57,48.78,24.84,5.9,2.0,83.24,0,43.6,deterministic_fallback
mumbai,11.57,23.41,134.64,81.37,23.41,83.56,10.36,93.77,53.15,35.97,79.03,6.69,27.51,40.72,34.81,3.1,2.0,59.24,0,74.57,deterministic_fallback
bangalore,20.53,31.41,58.05,73.07,39.74,76.87,10.43,79.74,67.17,33.83,88.15,4.27,24.09,55.51,34.84,4.64,0.0,86.75,0,36.91,deterministic_fallback
hyderabad,6.81,,103.85,56.04,41.99,82.68,11.88,79.52,37.85,36.59,82.42,3.61,31.69,46.3,47.76,1.2,1.0,55.49,0,69.36,deterministic_fallback
kolkata,,31.25,172.11,72.81,39.19,65.79,9.95,72.24,43.69,36.36,74.23,14.05,29.5,66.96,,0.31,1.0,64.39,0,76.27,deterministic_fallback
bangalore,11.28,28.89,35.0,78.91,34.22,85.51,11.57,99.13,46.23,38.37,87.32,8.25,27.77,44.49,21.47,8.27,0.0,92.59,0,30.54,deterministic_fallback
mumbai,12.83,34.79,105.57,87.34,60.0,59.68,,69.26,34.65,43.75,62.61,8.82,32.95,50.96,34.9,3.92,0.0,70.95,0,50.08,deterministic_fallback
bangalore,12.4,28.28,94.96,53.09,29.08,71.2,10.42,87.91,31.08,31.54,72.08,6.34,21.62,51.07,41.48,1.55,2.0,61.31,0,73.24,deterministic_fallback
mumbai,20.08,29.32,71.1,90.32,38.31,73.3,8.83,86.42,40.92,33.53,67.02,4.11,23.65,45.46,30.3,6.87,0.0,93.25,0,28.43,deterministic_fallback
chennai,14.32,33.09,147.66,73.47,45.33,,7.78,75.94,43.36,50.31,70.13,7.04,32.4,50.59,39.61,0.83,2.0,,0,74.29,deterministic_fallback
bangalore,8.3,27.24,63.36,70.18,29.28,83.91,9.79,75.72,15.01,30.94,92.72,6.09,30.97,62.41,35.34,8.72,1.0,92.07,0,52.47,deterministic_fallback
chennai,6.71,37.07,110.01,83.64,60.0,59.97,9.15,70.85,48.17,34.74,74.13,1.53,24.24,36.2,37.95,2.45,0.0,74.67,0,42.04,deterministic_fallback
kolkata,17.68,32.93,136.16,95.63,56.54,40.42,9.17,72.16,52.39,37.35,48.13,11.66,26.46,48.92,44.79,3.15,1.0,74.76,0,68.54,deterministic_fallback
hyderabad,8.32,38.38,79.53,66.69,60.0,59.59,9.65,73.72,56.3,38.0,62.5,5.74,18.32,63.27,40.37,1.57,0.0,77.36,0,51.6,deterministic_fallback
hyderabad,11.08,32.8,83.5,60.81,39.31,75.64,9.52,96.63,25.85,33.48,76.82,4.5,23.97,63.15,45.12,0.19,2.0,56.59,0,66.07,deterministic_fallback
chennai,7.85,34.73,93.86,63.62,46.01,65.9,9.86,84.74,36.04,38.16,70.12,6.41,20.42,60.5,27.03,3.64,0.0,74.56,0,37.26,deterministic_fallback
chennai,10.29,41.63,106.33,58.61,60.0,66.51,,77.5,31.24,42.65,81.91,2.99,22.68,51.77,39.13,2.67,1.0,61.05,0,54.53,deterministic_fallback
kolkata,5.57,32.94,107.54,88.47,,66.98,8.63,75.06,36.86,30.71,65.2,4.11,26.46,44.33,52.41,4.91,,70.06,0,60.47,deterministic_fallback
mumbai,12.06,35.61,83.59,,60.0,59.43,7.82,,38.57,37.59,79.31,12.09,44.04,44.51,46.43,4.01,0.0,82.72,0,60.71,deterministic_fallback
bangalore,14.09,24.14,121.9,62.61,24.14,87.28,8.6,84.36,51.12,30.76,80.62,5.66,26.45,48.35,35.88,4.94,0.0,90.29,0,45.09,deterministic_fallback
mumbai,14.3,38.17,95.41,76.99,60.0,53.45,7.6,65.92,46.31,38.11,78.33,7.27,30.76,61.17,41.12,0.0,1.0,51.97,0,64.0,deterministic_fallback
kolkata,8.03,31.06,129.26,77.18,40.08,62.36,9.72,85.02,29.6,37.6,68.97,6.59,23.12,40.98,18.58,3.98,0.0,,0,32.53,deterministic_fallback
hyderabad,9.53,32.79,96.59,54.09,37.05,84.32,11.38,82.04,62.04,30.32,87.06,5.69,,43.14,25.23,6.92,1.0,88.83,0,40.04,deterministic_fallback
bangalore,10.73,18.99,55.69,77.46,18.99,95.0,11.73,77.98,33.56,28.53,94.69,6.09,34.93,50.23,24.51,7.33,1.0,96.96,0,44.37,deterministic_fallback
mumbai,20.96,30.66,163.98,81.42,40.23,54.54,9.82,92.55,40.29,40.38,51.48,13.32,25.55,52.3,36.04,5.23,1.0,88.32,0,62.98,deterministic_fallback
delhi,17.62,31.66,169.31,48.58,33.44,78.98,11.95,83.85,21.95,39.66,72.44,5.2,18.97,50.37,43.3,3.2,3.0,49.44,0,76.12,deterministic_fallback
hyderabad,40.67,32.97,101.11,82.51,49.32,45.47,8.75,76.18,58.75,41.06,53.54,6.76,31.87,47.88,45.79,,0.0,84.86,1,67.0,deterministic_fallback
mumbai,12.87,26.72,106.72,67.55,28.22,80.2,11.5,80.18,52.2,31.12,71.39,7.91,23.84,54.04,20.04,7.84,0.0,99.83,0,29.9,deterministic_fallback
mumbai,20.63,36.88,115.59,84.03,60.0,52.09,7.8,70.08,37.94,42.92,65.91,4.78,34.43,64.84,41.68,3.31,0.0,73.49,0,51.0,deterministic_fallback
kolkata,26.1,36.07,96.89,74.7,57.62,64.52,6.99,69.85,50.78,36.61,78.65,10.94,35.32,38.74,,8.49,1.0,93.72,1,56.05,deterministic_fallback
chennai,19.48,37.84,74.56,74.3,60.0,57.14,7.24,63.49,45.35,40.68,73.67,7.15,31.08,47.91,36.15,0.03,2.0,54.75,1,80.28,deterministic_fallback
mumbai,24.84,26.88,168.76,81.18,29.57,84.22,11.57,88.15,28.82,41.03,82.81,8.87,32.29,,53.31,5.37,0.0,83.16,1,67.86,deterministic_fallback
delhi,11.91,40.42,214.8,56.71,60.0,69.54,7.73,69.0,47.89,39.71,74.32,9.6,31.57,45.78,50.19,3.98,1.0,69.96,1,78.96,deterministic_fallback
kolkata,15.61,23.6,136.67,80.16,23.6,65.97,9.51,90.11,39.65,35.06,81.14,7.37,,53.73,32.56,3.99,0.0,75.4,0,50.9,deterministic_fallback
hyderabad,16.36,33.99,128.94,56.37,40.68,60.2,9.53,81.81,32.63,34.29,63.93,10.35,38.47,51.13,42.68,4.06,0.0,73.39,0,58.79,deterministic_fallback
hyderabad,13.34,30.93,,56.83,33.94,64.09,9.54,84.94,47.86,34.36,82.06,8.36,,36.09,28.71,0.8,2.0,67.51,0,70.04,deterministic_fallback
delhi,13.47,,217.33,41.44,34.71,55.62,11.4,84.05,67.85,39.58,37.57,10.59,35.06,70.67,39.72,3.25,0.0,77.35,1,69.55,deterministic_fallback
delhi,10.35,32.81,230.35,54.89,37.36,84.12,12.17,90.0,26.41,28.42,85.62,5.56,33.94,55.55,54.84,3.25,1.0,88.92,1,77.64,deterministic_fallback
mumbai,16.49,27.64,170.25,81.57,31.43,79.51,10.09,80.58,46.79,29.0,88.14,6.97,29.33,59.11,41.4,5.41,2.0,81.88,0,65.0,deterministic_fallback
chennai,26.96,28.44,128.95,79.64,33.17,82.54,10.46,90.8,,32.85,82.56,7.44,26.23,43.08,40.15,5.32,3.0,79.19,0,67.86,deterministic_fallback
mumbai,17.71,29.34,104.48,78.86,35.44,85.67,10.99,77.92,44.57,42.63,97.14,11.74,29.18,71.06,45.1,4.0,0.0,72.97,0,60.78,deterministic_fallback
mumbai,15.97,31.14,141.81,77.73,40.55,64.33,9.72,83.42,48.24,45.07,56.76,4.07,33.15,74.03,43.15,4.53,1.0,77.49,0,56.66,deterministic_fallback
chennai,12.83,37.43,83.61,,60.0,68.74,7.18,,33.26,40.82,84.26,4.94,22.08,,30.57,4.9,1.0,81.23,0,40.69,deterministic_fallback
kolkata,15.08,33.09,102.49,90.38,54.18,49.64,7.85,72.57,56.62,39.92,71.96,10.32,33.85,56.21,51.18,0.23,0.0,58.58,0,65.51,deterministic_fallback
chennai,3.89,35.36,,85.63,60.0,74.4,8.91,79.78,42.47,46.46,83.26,4.91,37.78,54.14,13.13,7.71,,94.2,0,40.5,deterministic_fallback
bangalore,8.18,20.36,122.3,71.64,20.36,92.74,,93.05,15.53,29.21,68.4,4.61,22.0,40.9,23.45,7.53,0.0,99.56,0,34.91,deterministic_fallback
bangalore,15.0,23.04,44.52,80.02,23.04,73.36,8.16,94.49,17.17,33.58,79.11,11.06,24.67,53.33,30.68,4.01,0.0,83.51,0,45.54,deterministic_fallback
bangalore,11.71,30.7,36.4,65.61,35.61,89.59,9.56,85.88,12.78,25.74,,6.98,17.09,33.18,33.15,5.61,1.0,74.66,0,51.59,deterministic_fallback
delhi,31.53,36.55,183.41,49.92,44.53,61.2,8.08,86.63,35.55,36.8,63.24,11.35,30.98,48.39,43.89,3.45,3.0,68.46,1,91.56,deterministic_fallback
bangalore,5.9,24.69,83.47,78.03,,72.11,11.01,80.97,30.77,30.03,70.67,8.14,24.78,49.68,26.42,0.0,1.0,62.09,0,64.77,deterministic_fallback
bangalore,10.36,28.27,53.2,75.58,32.05,75.95,9.48,84.38,32.79,37.33,66.09,6.45,19.25,34.71,11.12,6.97,1.0,86.15,0,33.89,deterministic_fallback
hyderabad,17.98,32.64,120.89,57.11,37.66,56.05,,84.5,45.18,41.08,67.65,8.84,44.11,50.99,42.79,1.35,0.0,63.36,0,65.23,deterministic_fallback
kolkata,26.19,27.43,162.95,74.73,30.11,74.07,9.35,91.0,42.32,33.56,81.15,9.51,17.51,38.59,,3.45,0.0,80.98,0,45.78,deterministic_fallback
kolkata,11.32,32.94,180.03,80.27,48.05,81.95,9.75,,40.98,40.69,83.39,5.1,22.3,57.18,34.8,4.36,1.0,60.23,0,54.58,deterministic_fallback
mumbai,13.34,32.22,119.98,73.59,42.46,83.98,10.45,85.32,50.37,31.41,80.95,11.49,29.39,36.2,31.89,2.28,1.0,68.7,0,48.51,deterministic_fallback
delhi,5.79,31.79,194.77,63.26,37.56,86.94,10.66,88.9,23.22,27.71,81.07,6.44,28.86,69.13,43.35,2.58,0.0,85.31,1,62.84,deterministic_fallback
mumbai,12.29,28.29,155.14,85.06,33.73,93.13,11.27,87.18,42.09,30.68,88.45,9.16,21.74,47.93,44.39,7.89,2.0,72.54,0,67.33,deterministic_fallback
delhi,4.32,31.51,183.23,43.22,32.13,80.57,11.64,80.26,47.69,38.42,65.76,8.33,24.72,61.32,42.67,2.67,0.0,80.03,0,61.32,deterministic_fallback
delhi,19.87,37.62,221.34,42.23,43.56,56.79,7.46,81.55,34.25,41.76,75.76,8.28,33.36,65.75,52.23,,0.0,91.12,1,68.84,deterministic_fallback
mumbai,14.62,35.27,185.28,72.94,53.14,83.36,9.17,75.22,44.49,36.14,85.13,9.27,28.8,42.25,37.59,5.4,2.0,69.17,1,73.48,deterministic_fallback
chennai,29.61,36.1,114.76,71.9,55.84,59.08,7.97,78.15,54.72,43.48,64.49,8.27,27.21,46.67,35.14,7.95,1.0,98.43,1,52.89,deterministic_fallback
bangalore,16.29,32.04,52.19,67.97,39.8,65.43,8.43,80.12,45.47,33.9,61.96,3.1,31.75,49.26,41.35,4.67,0.0,90.48,0,42.66,deterministic_fallback
kolkata,11.46,33.32,97.94,90.83,55.59,60.75,8.06,69.33,14.38,34.26,61.03,6.81,29.27,46.67,34.6,3.92,0.0,71.79,0,41.81,deterministic_fallback
mumbai,12.79,27.47,103.73,71.29,29.82,71.75,11.07,73.28,51.67,34.42,62.65,4.23,32.3,35.04,28.26,8.26,1.0,91.24,0,41.75,deterministic_fallback
mumbai,20.63,26.71,144.64,97.97,30.63,79.28,,88.87,53.18,33.91,,8.71,27.52,58.32,38.39,3.37,1.0,73.9,0,53.1,deterministic_fallback
,10.89,21.66,106.94,61.32,21.66,62.23,8.54,89.99,47.07,37.75,67.22,6.84,31.77,48.13,45.33,1.39,2.0,67.66,0,68.55,deterministic_fallback
mumbai,21.36,30.89,184.99,68.44,36.86,73.99,10.28,74.95,5.97,,82.88,10.37,25.21,59.74,57.05,0.58,0.0,60.9,1,76.62,deterministic_fallback
delhi,30.48,32.66,200.41,64.94,40.43,67.38,11.4,82.62,51.29,38.61,63.79,8.04,33.62,69.68,52.07,2.28,1.0,68.37,1,82.57,deterministic_fallback
kolkata,0.36,30.72,126.23,91.6,44.17,67.6,11.41,,25.46,39.29,57.66,3.19,30.15,57.34,39.51,0.93,0.0,61.62,1,54.23,deterministic_fallback
mumbai,12.49,33.92,70.2,77.54,50.48,42.37,5.0,84.05,54.02,,75.83,4.59,31.61,39.8,23.54,2.95,1.0,71.96,1,56.68,deterministic_fallback
mumbai,14.4,39.66,156.11,82.2,60.0,69.31,10.6,73.36,33.38,42.11,73.02,12.72,33.17,62.19,36.88,4.95,1.0,88.29,0,62.41,deterministic_fallback
bangalore,9.2,24.0,62.65,71.99,24.0,63.1,11.28,87.78,61.13,35.89,68.23,13.57,18.07,55.07,29.96,4.22,,82.15,0,53.03,deterministic_fallback
bangalore,16.03,33.59,35.0,70.38,45.58,47.38,6.36,75.04,55.98,37.32,64.68,11.94,24.64,46.81,41.5,0.27,2.0,53.15,1,84.11,deterministic_fallback
hyderabad,9.73,36.38,125.4,48.41,43.38,88.19,8.67,78.38,39.75,29.64,86.12,2.74,25.09,46.51,37.56,3.94,0.0,79.91,0,53.17,deterministic_fallback
delhi,9.71,32.36,151.33,30.0,32.36,67.93,11.48,88.13,62.88,35.63,59.88,3.64,30.81,67.83,52.26,3.58,0.0,72.88,1,66.78,deterministic_fallback
chennai,13.36,34.56,75.94,68.31,47.83,58.78,9.1,83.74,38.31,40.31,,4.84,33.81,59.66,37.32,,2.0,47.65,1,80.6,deterministic_fallback
mumbai,17.17,35.39,130.85,93.9,60.0,53.58,7.34,66.01,29.5,40.21,76.18,9.41,30.58,34.11,29.98,1.53,1.0,73.67,0,63.54,deterministic_fallback
bangalore,11.4,26.31,38.23,83.76,26.31,75.54,10.45,93.84,48.23,30.77,,11.6,20.6,33.38,17.65,5.4,0.0,98.31,0,32.93,deterministic_fallback
hyderabad,12.64,33.24,82.42,56.92,39.02,67.1,9.95,76.33,30.89,34.87,86.13,9.6,32.31,,38.79,0.0,2.0,41.86,1,81.63,deterministic_fallback
kolkata,8.75,27.61,120.9,74.04,30.41,77.87,9.47,72.62,23.24,27.44,71.96,6.57,19.63,44.36,48.38,2.08,1.0,71.86,0,64.33,deterministic_fallback
delhi,7.33,27.18,162.39,51.81,27.71,79.46,10.1,86.3,38.28,37.8,71.92,5.2,34.49,56.28,29.92,2.85,0.0,81.13,0,48.96,deterministic_fallback
,16.12,27.34,35.0,72.8,29.73,71.44,10.74,86.89,37.23,40.29,79.1,7.23,37.17,68.17,29.42,0.84,1.0,53.58,1,76.16,deterministic_fallback
mumbai,3.84,26.34,110.47,83.11,26.34,69.26,9.51,74.88,64.75,38.03,61.27,6.68,27.82,54.1,35.77,5.35,1.0,79.49,0,57.04,deterministic_fallback
mumbai,12.71,25.39,88.59,58.8,25.39,78.93,8.64,73.49,47.84,,80.75,8.65,20.99,43.22,38.81,5.64,1.0,80.1,0,62.04,deterministic_fallback
mumbai,21.77,32.49,151.36,100.0,56.84,53.33,7.55,72.31,40.77,41.41,67.64,6.21,26.43,51.39,,2.46,1.0,82.81,0,44.44,deterministic_fallback
chennai,27.39,30.69,94.95,85.25,41.68,72.11,8.39,80.12,37.17,36.2,81.61,8.53,23.55,58.81,26.19,1.97,0.0,82.61,0,43.26,deterministic_fallback
delhi,4.38,38.63,227.02,,49.12,63.29,8.5,87.33,44.24,37.47,67.47,8.7,22.81,50.61,33.88,5.59,0.0,81.25,0,47.17,deterministic_fallback
chennai,5.33,32.28,168.36,68.68,40.73,42.48,7.58,80.23,57.06,48.91,72.56,7.55,31.48,61.76,51.06,1.09,1.0,53.01,0,77.72,deterministic_fallback
mumbai,2.49,25.24,127.6,,25.24,63.43,10.31,88.35,41.2,36.06,68.41,5.05,23.63,45.7,43.98,0.48,,58.24,0,77.11,deterministic_fallback
kolkata,13.91,31.8,138.46,86.08,46.28,72.67,9.95,81.34,29.93,33.55,73.86,6.59,18.19,45.81,40.0,0.0,1.0,62.01,0,64.95,deterministic_fallback
chennai,22.94,28.7,121.0,76.57,33.26,55.6,8.9,94.55,,37.27,66.92,7.33,27.44,67.89,51.82,0.0,1.0,66.91,0,69.85,deterministic_fallback
mumbai,16.12,35.22,121.63,82.96,59.63,70.25,7.37,68.49,35.46,38.26,81.18,5.28,28.31,43.61,34.0,6.99,2.0,79.16,0,55.45,deterministic_fallback
mumbai,18.9,30.42,122.38,78.61,38.56,88.29,9.77,86.82,34.94,31.39,97.94,9.12,22.23,22.55,27.88,8.82,0.0,100.0,0,37.96,deterministic_fallback
mumbai,18.14,32.41,114.7,82.67,47.11,66.51,7.97,70.51,37.34,30.75,72.07,10.7,20.9,44.08,25.04,4.1,1.0,71.94,0,52.65,deterministic_fallback
chennai,12.99,35.94,64.7,80.85,60.0,83.91,9.45,79.13,,41.42,84.5,6.57,17.08,47.01,18.32,8.25,1.0,100.0,0,34.84,deterministic_fallback
delhi,5.62,32.13,206.03,52.2,35.15,95.0,9.27,92.24,45.9,28.74,97.63,8.15,31.64,68.99,54.53,5.69,2.0,80.3,1,84.44,deterministic_fallback
bangalore,12.02,21.09,73.91,71.29,21.09,68.28,9.68,91.44,,30.19,78.31,8.72,26.34,65.57,31.02,3.11,0.0,89.62,0,46.83,deterministic_fallback
bangalore,11.42,30.39,116.39,80.06,38.89,64.57,9.15,84.4,51.29,42.75,53.44,7.63,31.03,47.18,24.55,5.86,0.0,92.1,0,43.77,deterministic_fallback
chennai,8.15,36.17,115.04,61.88,49.76,70.22,10.06,70.53,26.83,37.46,68.06,9.66,29.05,56.84,34.57,3.01,0.0,73.67,0,52.26,deterministic_fallback
bangalore,7.27,25.11,50.37,62.2,25.11,69.9,10.18,87.54,33.89,38.77,69.15,7.12,30.23,46.75,23.55,8.32,1.0,97.46,0,41.98,deterministic_fallback
bangalore,16.67,29.8,107.6,69.55,34.44,95.0,12.4,83.84,30.1,32.47,87.49,8.71,28.06,56.1,38.24,6.75,0.0,92.35,0,40.55,deterministic_fallback
kolkata,7.23,,55.81,75.74,52.79,89.41,9.17,82.43,42.59,29.46,78.43,10.77,25.02,47.31,32.22,6.8,2.0,77.6,0,63.68,deterministic_fallback
mumbai,18.75,33.13,167.22,76.33,46.81,72.14,10.46,79.5,31.87,34.64,83.19,11.24,31.49,55.31,35.14,3.76,1.0,88.96,0,65.68,deterministic_fallback
chennai,13.2,33.79,62.09,85.36,54.49,60.14,8.29,74.23,40.71,49.48,81.16,7.34,36.74,46.79,42.61,3.75,1.0,86.63,0,51.25,deterministic_fallback
mumbai,12.64,24.94,111.9,77.82,24.94,56.47,8.92,97.2,47.06,33.22,77.99,10.29,35.4,76.27,48.42,1.09,0.0,65.76,0,67.85,deterministic_fallback
bangalore,14.34,21.59,77.93,54.51,21.59,69.58,10.13,90.91,44.48,36.8,63.97,3.91,21.53,24.44,28.72,4.82,1.0,85.26,0,42.79,deterministic_fallback
kolkata,9.15,29.82,156.38,78.34,36.67,70.33,9.37,93.8,28.17,37.41,76.69,6.57,29.57,58.54,40.5,1.75,0.0,84.41,0,50.38,deterministic_fallback
hyderabad,5.65,37.21,82.38,58.92,51.49,81.57,6.88,75.86,41.62,38.93,91.45,8.04,20.19,53.17,34.44,5.34,1.0,91.42,0,50.64,deterministic_fallback
hyderabad,12.65,28.91,58.85,59.33,30.78,59.56,11.0,77.86,35.94,32.94,57.0,10.56,24.68,60.01,47.99,0.72,1.0,59.34,0,69.37,deterministic_fallback
delhi,16.05,32.89,173.04,54.73,37.48,81.3,9.91,93.08,28.77,29.3,69.92,5.51,23.16,36.62,28.59,4.15,0.0,80.46,0,43.55,deterministic_fallback
bangalore,10.5,24.79,69.81,72.64,24.79,84.17,9.41,95.69,,32.77,83.41,6.82,28.28,30.92,27.99,7.52,1.0,80.76,0,45.16,deterministic_fallback
delhi,8.48,33.38,119.31,48.57,36.65,81.41,,76.56,57.04,41.2,74.29,6.84,29.0,58.3,39.23,1.87,0.0,76.01,0,58.84,deterministic_fallback
bangalore,0.0,23.66,75.1,58.46,23.66,87.54,10.46,84.4,25.45,35.43,91.77,6.21,30.5,59.14,25.56,4.5,2.0,83.81,0,53.3,deterministic_fallback
bangalore,18.16,25.15,35.0,65.92,25.15,80.05,11.59,81.98,21.81,37.76,80.73,4.18,,50.93,28.8,2.87,1.0,80.15,0,44.98,deterministic_fallback
delhi,2.86,38.59,198.31,44.25,46.99,76.27,9.8,83.92,30.75,37.5,75.43,8.68,25.6,64.96,51.55,2.34,0.0,77.69,0,61.73,deterministic_fallback
delhi,22.47,35.31,164.8,48.52,40.81,63.5,9.15,89.0,42.03,46.15,77.3,4.75,27.82,54.08,51.52,1.16,1.0,66.0,0,62.2,deterministic_fallback
delhi,4.88,41.75,233.86,54.92,60.0,64.68,8.74,66.88,65.56,43.86,76.62,11.99,34.41,66.47,65.98,1.73,2.0,55.35,1,103.12,deterministic_fallback
,4.27,30.23,146.67,52.57,31.84,72.05,10.24,83.24,46.47,43.62,74.94,9.92,28.57,61.68,33.42,3.39,0.0,,0,57.27,deterministic_fallback
mumbai,10.76,35.62,117.64,85.45,60.0,52.12,8.15,60.49,33.77,36.81,68.44,4.29,15.49,51.14,43.6,0.98,0.0,,0,50.69,deterministic_fallback
kolkata,19.62,37.93,138.14,79.5,60.0,80.33,9.55,68.77,44.14,43.47,88.03,4.77,34.63,63.22,34.77,7.51,1.0,96.43,0,40.77,deterministic_fallback
hyderabad,6.62,29.74,64.68,70.6,34.55,73.72,8.95,93.83,54.42,35.23,70.75,5.98,20.84,34.51,36.33,5.75,1.0,79.32,0,47.42,deterministic_fallback
mumbai,18.32,30.68,,84.85,41.48,56.22,8.43,85.27,43.13,37.64,70.91,6.16,29.49,53.08,53.72,1.6,1.0,69.2,0,70.44,deterministic_fallback
hyderabad,4.04,27.86,137.36,59.22,29.17,79.12,10.07,93.52,38.01,36.06,68.1,5.44,21.49,53.46,30.08,7.34,0.0,100.0,0,34.0,deterministic_fallback
chennai,19.8,29.18,120.26,80.41,35.35,60.62,9.65,83.28,44.37,34.6,80.62,7.73,28.88,68.86,31.06,2.91,0.0,78.01,1,59.24,deterministic_fallback
delhi,6.31,34.65,168.81,44.1,37.82,90.1,11.37,84.17,44.4,32.69,87.54,3.43,11.38,48.84,31.26,4.88,0.0,86.76,0,31.86,deterministic_fallback
mumbai,12.86,32.87,65.8,62.16,39.96,73.48,8.36,86.41,33.54,30.03,68.34,10.85,24.18,38.26,29.62,5.92,0.0,95.63,0,39.77,deterministic_fallback
mumbai,7.93,22.75,148.66,73.78,22.75,84.07,10.42,88.42,,37.29,76.23,4.86,24.89,71.77,41.08,6.49,0.0,100.0,0,43.06,deterministic_fallback
mumbai,8.17,37.19,130.46,,60.0,55.63,7.3,78.14,54.22,39.22,66.01,8.57,21.76,48.52,33.45,0.11,2.0,54.16,0,75.05,deterministic_fallback
chennai,,29.37,147.05,75.79,34.79,77.63,11.83,80.08,49.92,33.54,83.66,5.11,30.94,56.49,32.27,2.97,3.0,67.89,0,66.33,deterministic_fallback
kolkata,6.22,29.71,116.31,80.4,36.89,75.17,11.17,86.45,33.11,36.74,89.54,6.66,26.61,49.62,41.44,3.38,0.0,88.11,0,48.27,deterministic_fallback
mumbai,10.94,27.67,92.54,72.09,30.29,85.32,10.36,82.03,24.1,29.2,72.03,7.66,23.43,47.11,23.1,5.02,4.0,74.59,0,71.58,deterministic_fallback
chennai,8.82,29.81,109.22,59.06,32.29,80.75,11.22,,40.23,23.31,48.41,6.33,18.23,39.53,22.27,6.91,1.0,75.97,0,42.24,deterministic_fallback
mumbai,17.49,28.72,132.44,90.8,36.29,70.54,8.38,90.47,42.73,38.28,84.7,7.24,35.33,80.13,49.95,2.99,0.0,70.76,1,71.33,deterministic_fallback
hyderabad,15.75,29.17,158.63,57.6,30.95,84.8,12.26,96.28,38.51,45.68,73.54,6.32,29.94,64.74,39.07,3.64,2.0,76.39,0,60.26,deterministic_fallback
chennai,5.61,31.52,85.55,71.01,39.38,50.89,8.73,87.21,42.5,40.39,71.87,6.32,37.47,69.44,38.7,0.0,0.0,59.2,0,59.68,deterministic_fallback
delhi,23.89,39.5,175.39,45.54,50.24,84.8,10.18,79.87,51.19,36.07,81.78,,34.31,51.34,52.55,4.15,1.0,87.39,1,69.98,deterministic_fallback
mumbai,24.56,32.36,118.32,90.0,50.57,61.71,9.38,90.82,34.85,37.8,70.14,9.05,34.35,31.46,29.76,3.73,1.0,88.38,0,46.57,deterministic_fallback
hyderabad,7.83,34.73,70.76,65.68,47.03,76.65,9.54,84.66,21.78,34.93,70.51,11.52,30.87,41.67,21.19,4.73,0.0,79.64,1,49.66,deterministic_fallback
kolkata,6.69,29.56,117.27,,34.84,81.83,11.57,91.03,36.36,40.64,76.05,7.53,27.94,79.29,44.1,6.96,,79.17,0,64.44,deterministic_fallback
delhi,7.67,33.66,177.1,58.93,40.82,74.78,10.88,83.48,58.71,38.78,79.8,8.89,28.23,49.21,39.84,5.03,0.0,82.59,0,53.59,deterministic_fallback
mumbai,12.11,28.56,92.8,77.81,33.14,57.4,10.01,84.9,52.25,,79.46,9.7,28.32,66.85,48.2,0.0,0.0,59.08,0,67.72,deterministic_fallback
mumbai,18.32,34.45,117.7,74.58,50.89,77.82,8.54,,24.49,37.17,95.76,6.48,31.33,37.84,27.25,7.87,0.0,100.0,0,38.4,deterministic_fallback
bangalore,12.61,29.34,107.88,66.66,32.83,78.2,10.16,89.05,54.01,38.77,79.84,2.46,27.69,42.71,35.38,4.33,1.0,70.88,0,50.02,deterministic_fallback
hyderabad,14.12,32.71,144.35,52.86,36.52,75.41,9.91,79.76,39.32,36.8,74.09,6.97,26.4,48.56,31.15,5.05,2.0,82.84,0,47.78,deterministic_fallback
chennai,14.14,33.23,100.79,64.56,41.87,,10.18,84.97,73.28,40.76,87.44,10.11,,70.8,,6.78,0.0,100.0,1,48.88,deterministic_fallback
chennai,12.9,31.59,145.3,81.24,43.38,64.95,10.68,77.24,51.44,39.35,66.33,12.05,28.1,64.88,42.18,5.39,1.0,88.74,0,63.63,deterministic_fallback
kolkata,,31.14,111.73,80.02,41.36,95.0,10.34,88.03,37.01,29.62,93.28,3.75,20.13,28.67,31.69,6.81,1.0,92.57,0,37.04,deterministic_fallback
chennai,12.66,32.35,180.81,79.95,45.65,75.95,9.62,95.51,54.54,34.11,78.35,10.33,25.6,61.36,44.17,6.72,0.0,91.77,1,58.44,deterministic_fallback
delhi,20.5,32.76,167.95,52.94,36.65,70.29,9.36,90.1,61.75,37.03,71.63,8.97,33.03,43.55,43.31,5.07,0.0,98.28,0,50.93,deterministic_fallback
bangalore,28.58,32.53,106.75,74.67,43.94,71.37,9.67,90.46,41.86,41.46,68.32,7.17,30.41,40.53,23.27,7.62,0.0,95.32,1,39.1,deterministic_fallback
delhi,5.98,35.43,238.61,33.11,35.43,55.89,8.12,,59.83,37.74,72.87,6.42,30.81,61.86,50.52,0.0,2.0,61.04,0,81.63,deterministic_fallback
delhi,5.06,40.91,135.12,42.47,52.3,70.89,8.1,64.78,34.29,42.31,76.01,5.34,31.19,61.22,28.05,6.65,1.0,87.66,0,52.56,deterministic_fallback
kolkata,34.78,30.58,157.7,88.34,42.38,69.11,9.59,79.48,53.79,38.61,72.92,9.34,20.39,71.86,48.18,6.0,4.0,61.49,1,91.79,deterministic_fallback
hyderabad,8.58,32.28,94.67,48.49,34.51,67.82,10.94,86.32,47.26,33.02,54.34,9.28,21.39,58.35,45.85,0.0,0.0,60.11,0,58.88,deterministic_fallback
kolkata,27.32,23.42,108.13,86.17,23.42,72.13,9.65,70.04,64.26,32.2,65.33,0.94,26.34,60.36,46.3,0.57,0.0,63.53,0,48.51,deterministic_fallback
bangalore,12.67,29.16,73.92,57.89,30.98,57.9,,81.06,46.32,36.89,64.94,8.51,30.91,70.84,50.57,0.02,3.0,49.68,1,94.0,deterministic_fallback
bangalore,3.3,21.59,53.16,68.4,21.59,67.75,10.49,83.02,50.86,33.39,76.99,4.3,,28.67,21.74,0.98,0.0,61.86,0,44.21,deterministic_fallback
bangalore,23.4,21.32,81.85,82.75,21.32,88.52,10.93,78.31,66.2,34.96,77.07,6.1,23.74,64.71,22.22,8.6,1.0,100.0,0,36.91,deterministic_fallback
mumbai,23.79,33.0,87.19,86.1,51.33,34.84,8.16,69.44,53.01,38.57,42.97,8.64,27.1,46.65,40.16,0.06,2.0,59.85,0,70.22,deterministic_fallback
delhi,12.34,33.76,181.87,35.18,33.76,61.11,8.77,92.22,35.59,38.77,64.02,13.2,35.76,60.29,,0.0,1.0,56.06,1,93.5,deterministic_fallback
bangalore,6.72,25.06,124.98,75.32,25.06,63.93,10.63,63.19,53.73,38.04,61.12,3.95,16.78,47.81,40.88,3.84,0.0,77.45,0,42.58,deterministic_fallback
mumbai,20.1,28.08,128.37,94.19,34.8,76.44,11.99,88.01,20.13,27.05,63.12,5.83,10.81,42.39,40.82,3.41,1.0,66.54,0,50.79,deterministic_fallback
kolkata,16.87,33.67,118.8,100.0,60.0,66.38,7.09,79.84,50.42,,86.39,4.08,37.59,51.5,24.69,5.18,1.0,83.79,0,47.93,deterministic_fallback
mumbai,34.4,26.48,128.31,84.55,26.48,54.56,9.81,86.83,47.08,34.47,57.71,8.85,21.07,57.39,40.3,5.59,0.0,97.38,1,59.78,deterministic_fallback
mumbai,28.86,30.34,83.71,69.39,35.73,69.62,9.59,94.37,62.59,32.52,79.96,6.01,25.08,49.95,31.93,6.82,1.0,99.22,0,43.72,deterministic_fallback
chennai,34.75,34.69,87.35,80.26,55.33,52.51,10.6,72.47,36.08,39.77,66.43,11.82,22.43,49.11,29.79,2.77,1.0,66.74,1,63.99,deterministic_fallback
mumbai,17.65,34.0,113.08,92.18,59.94,62.84,7.17,69.16,42.18,36.1,68.11,8.15,27.43,65.66,32.89,4.21,0.0,95.29,0,45.84,deterministic_fallback
kolkata,11.25,32.31,157.59,80.4,45.67,54.41,8.91,78.07,58.33,40.6,60.08,6.6,30.49,78.56,49.09,0.51,0.0,61.83,1,68.82,deterministic_fallback
chennai,16.15,26.83,114.03,83.64,29.68,79.52,9.79,83.5,53.68,37.62,83.51,7.28,37.54,66.84,42.52,8.41,1.0,89.79,0,57.14,deterministic_fallback
mumbai,8.4,32.77,117.8,71.96,43.55,64.67,7.83,77.19,32.95,32.47,76.79,7.79,29.69,52.77,33.9,1.16,1.0,54.01,0,53.42,deterministic_fallback
hyderabad,7.34,28.18,90.6,61.57,29.91,68.81,8.76,85.18,34.52,29.12,60.08,7.53,17.05,35.46,38.51,5.12,0.0,78.0,0,45.01,deterministic_fallback
hyderabad,6.67,31.37,76.68,38.62,31.37,88.15,10.97,81.48,47.09,33.62,91.15,2.81,16.6,49.68,18.6,6.98,2.0,88.85,1,46.95,deterministic_fallback
chennai,21.09,29.09,129.68,68.08,32.57,75.13,10.76,79.29,61.4,36.26,63.68,7.36,30.85,54.9,26.87,5.2,1.0,80.34,0,45.64,deterministic_fallback
chennai,27.85,35.61,64.75,76.18,56.66,55.49,7.48,67.9,,35.52,80.04,7.74,25.9,54.91,23.06,6.02,2.0,77.66,1,56.97,deterministic_fallback
hyderabad,17.46,41.74,92.14,56.49,60.0,46.25,9.31,73.83,38.53,42.99,59.32,,26.09,45.11,47.48,0.88,1.0,56.31,0,66.26,deterministic_fallback
hyderabad,8.67,33.18,83.05,48.29,36.15,73.66,7.65,81.2,26.32,38.57,73.44,10.55,34.55,57.54,31.57,5.82,0.0,81.16,0,44.36,deterministic_fallback
delhi,24.39,31.85,194.94,46.95,33.41,52.46,8.29,74.99,61.25,36.39,54.47,4.72,,73.14,48.41,0.78,0.0,59.36,1,54.34,deterministic_fallback
hyderabad,16.01,,83.28,61.92,34.1,56.4,9.38,80.28,50.73,39.49,72.39,9.45,26.2,40.61,33.32,6.19,0.0,97.6,0,36.8,deterministic_fallback
kolkata,17.04,26.24,148.75,81.67,26.24,71.07,10.2,87.65,49.08,38.09,71.69,8.52,32.27,59.6,38.62,3.94,0.0,92.74,0,43.49,deterministic_fallback
hyderabad,12.81,36.19,140.46,59.51,48.48,54.13,8.71,85.56,31.6,37.92,63.0,5.26,21.65,43.92,37.81,3.93,0.0,93.15,0,41.82,deterministic_fallback
hyderabad,4.32,32.71,123.98,64.2,40.27,85.57,9.84,88.83,56.96,36.97,82.24,8.94,33.37,45.99,27.72,6.44,0.0,96.44,0,36.12,deterministic_fallback
bangalore,12.23,23.95,90.41,66.23,23.95,94.46,10.73,90.07,10.76,27.51,81.99,5.23,,36.36,23.21,5.74,0.0,84.94,0,33.63,deterministic_fallback
chennai,22.38,28.95,82.04,86.66,36.11,95.0,11.26,86.55,53.43,35.35,97.91,3.04,27.91,56.79,55.43,1.09,0.0,62.35,0,55.56,deterministic_fallback
kolkata,8.91,31.37,214.68,73.8,39.88,78.64,,84.39,42.85,38.59,81.39,0.0,24.95,54.7,53.16,4.05,0.0,85.94,1,61.95,deterministic_fallback
mumbai,15.22,36.49,92.47,94.64,60.0,62.51,8.05,74.62,49.11,39.63,87.09,3.15,15.95,60.86,48.5,4.17,2.0,71.84,0,61.99,deterministic_fallback
mumbai,22.35,26.73,,88.69,29.87,51.37,9.64,86.48,45.73,36.08,,6.14,,63.77,42.51,,1.0,61.08,0,62.67,deterministic_fallback
bangalore,18.83,32.55,82.32,66.66,40.75,56.3,10.85,79.22,,40.97,53.1,8.31,34.4,62.15,31.65,2.3,0.0,86.07,0,49.77,deterministic_fallback
bangalore,7.71,27.46,58.66,66.3,29.28,75.87,12.05,77.48,43.07,33.92,68.18,7.61,20.71,44.38,36.21,0.0,1.0,59.72,0,62.81,deterministic_fallback
bangalore,5.64,21.69,78.0,70.11,21.69,73.9,11.03,94.97,36.11,34.85,92.37,5.61,23.95,56.98,42.56,2.6,1.0,86.1,0,54.64,deterministic_fallback
mumbai,14.64,27.82,95.52,83.96,32.24,80.01,9.26,86.57,14.34,33.32,96.4,3.23,23.4,43.07,42.23,1.05,1.0,55.15,1,69.08,deterministic_fallback
bangalore,10.38,31.95,90.16,77.59,43.19,56.44,9.67,86.04,63.55,35.5,65.01,6.05,29.71,49.8,35.65,0.85,0.0,69.05,0,42.81,deterministic_fallback
hyderabad,10.9,25.94,95.11,48.15,,77.27,10.94,79.72,48.92,,74.04,6.18,25.86,49.43,,7.58,2.0,,0,48.52,deterministic_fallback
hyderabad,8.88,29.31,176.14,62.21,31.95,69.56,9.22,80.91,39.01,41.15,74.76,,28.6,44.38,42.39,0.45,2.0,49.6,0,76.07,deterministic_fallback
hyderabad,14.55,36.19,137.28,42.23,40.36,71.26,10.48,74.25,46.92,38.13,68.81,8.57,28.87,55.86,33.25,0.9,1.0,67.93,0,64.69,deterministic_fallback
chennai,21.61,35.51,120.43,74.31,55.01,60.3,8.64,77.63,67.74,45.9,70.42,3.48,29.0,53.17,42.33,2.11,1.0,78.62,0,54.51,deterministic_fallback
hyderabad,15.94,29.66,108.71,70.91,34.43,78.35,11.33,82.54,35.1,33.53,76.8,7.01,35.46,54.05,38.27,0.17,0.0,78.2,0,52.04,deterministic_fallback
chennai,9.88,35.75,147.7,63.45,49.26,80.26,8.18,78.54,26.96,37.03,100.0,8.2,23.34,61.43,31.66,7.07,0.0,97.42,0,40.97,deterministic_fallback
hyderabad,9.73,32.63,75.85,45.98,34.53,82.33,8.27,97.51,42.76,28.3,92.13,6.79,26.87,35.8,10.0,6.79,0.0,79.95,0,25.11,deterministic_fallback
bangalore,7.62,28.26,85.9,70.38,31.23,83.04,9.96,91.18,40.94,30.5,98.3,2.94,31.73,,20.29,7.04,1.0,93.93,0,37.74,deterministic_fallback
hyderabad,7.89,29.89,,69.73,34.71,67.14,10.47,92.14,33.74,34.49,61.0,8.65,26.65,59.89,23.22,6.92,0.0,99.05,0,26.77,deterministic_fallback
mumbai,23.47,29.65,123.62,82.48,37.28,54.29,7.47,74.54,62.84,42.26,80.54,8.86,31.74,65.47,34.63,,2.0,54.74,1,77.39,deterministic_fallback
delhi,22.15,38.95,236.6,35.54,38.95,51.26,8.97,72.78,52.34,40.15,60.63,9.66,31.99,49.46,34.17,4.36,1.0,79.77,1,67.81,deterministic_fallback
bangalore,14.53,24.15,43.12,55.7,24.15,85.72,11.21,90.63,27.16,31.09,87.31,4.73,23.38,43.48,40.23,0.12,1.0,55.37,0,67.75,deterministic_fallback
kolkata,13.34,36.75,147.38,82.85,60.0,66.58,,58.66,45.43,39.27,85.6,8.85,19.01,49.26,48.0,2.16,0.0,70.98,0,54.87,deterministic_fallback
hyderabad,5.19,36.6,74.46,48.98,44.22,80.91,9.81,80.4,34.76,32.28,83.08,1.59,22.7,29.23,22.94,4.68,0.0,90.63,0,27.31,deterministic_fallback
mumbai,18.69,29.46,77.95,80.59,36.19,66.6,8.99,82.3,45.77,37.05,70.41,4.17,36.71,54.9,27.04,6.58,1.0,98.17,0,43.18,deterministic_fallback
hyderabad,13.41,33.11,107.0,60.64,40.04,71.04,10.89,76.34,51.18,39.84,68.25,5.56,32.38,59.85,38.49,2.14,0.0,62.94,0,60.8,deterministic_fallback
delhi,4.2,38.06,235.55,45.42,46.25,68.51,8.79,76.63,47.79,34.94,66.57,9.3,26.91,50.52,33.26,3.07,1.0,68.76,0,52.86,deterministic_fallback
chennai,19.75,40.55,61.94,90.1,60.0,66.92,8.13,66.34,50.3,38.58,85.47,4.3,31.63,39.47,39.17,6.69,0.0,81.64,0,48.46,deterministic_fallback
chennai,12.67,38.95,98.98,,60.0,56.08,8.41,64.61,42.48,45.86,76.33,,30.0,48.88,39.02,1.41,4.0,66.14,0,81.63,deterministic_fallback
hyderabad,3.22,24.4,132.86,67.95,24.4,,10.48,87.8,35.37,34.63,90.13,5.54,27.55,63.63,34.62,3.99,2.0,78.87,0,58.06,deterministic_fallback
hyderabad,12.54,,97.66,66.37,40.71,80.71,10.9,86.81,44.9,35.5,88.9,7.68,25.91,61.07,44.87,1.81,3.0,44.93,0,79.49,deterministic_fallback
delhi,11.16,36.9,184.41,48.69,44.84,72.36,10.1,70.51,58.61,37.15,66.66,7.27,30.41,54.33,24.98,5.77,0.0,88.08,0,48.16,deterministic_fallback
bangalore,11.11,22.85,92.81,67.33,22.85,71.87,10.4,84.71,58.83,41.03,79.94,6.33,29.33,87.31,43.41,3.67,2.0,69.32,0,69.8,deterministic_fallback
kolkata,18.23,37.17,104.19,80.08,60.0,62.07,7.62,73.91,43.97,37.2,74.83,5.53,27.52,62.33,53.35,0.17,1.0,53.7,0,65.36,deterministic_fallback
chennai,13.4,39.1,140.03,80.52,60.0,59.08,8.43,74.86,39.0,35.99,69.94,9.97,30.48,33.63,45.27,0.97,2.0,66.12,0,74.55,deterministic_fallback
bangalore,16.29,25.51,56.99,64.1,25.51,74.42,10.08,85.14,56.62,33.94,88.76,8.62,24.9,37.72,29.2,7.61,1.0,100.0,0,49.17,deterministic_fallback
delhi,8.14,33.96,177.53,63.45,43.55,84.72,9.94,79.75,47.44,44.36,83.34,9.37,32.94,51.2,29.55,8.02,1.0,96.98,1,59.86,deterministic_fallback
mumbai,15.24,29.54,154.09,73.25,34.65,80.33,9.77,90.47,47.07,33.24,70.49,5.48,30.15,54.54,42.8,6.06,0.0,85.39,1,56.95,deterministic_fallback
mumbai,16.41,30.58,106.39,81.03,39.83,49.92,8.88,83.11,58.49,39.07,69.2,5.97,28.31,50.45,37.36,0.36,0.0,59.21,0,49.3,deterministic_fallback
mumbai,5.17,28.37,129.17,76.58,32.45,76.85,9.31,75.72,31.59,33.76,74.39,7.44,24.19,47.67,32.73,5.68,1.0,84.63,0,59.42,deterministic_fallback
delhi,17.76,36.36,164.03,46.81,42.61,73.41,9.18,81.29,48.01,40.47,67.53,5.73,22.22,44.87,38.36,5.44,0.0,83.81,0,47.25,deterministic_fallback
kolkata,18.9,29.46,182.63,99.89,41.71,71.5,9.26,82.59,68.43,35.11,75.51,5.42,22.37,55.33,35.45,7.45,1.0,92.45,0,54.1,deterministic_fallback
bangalore,18.63,19.52,144.06,65.98,19.52,71.66,12.07,,61.59,42.83,60.52,8.63,34.82,70.8,48.05,3.75,0.0,83.15,0,58.14,deterministic_fallback
delhi,7.89,29.84,175.27,47.19,30.4,82.31,11.19,,,44.17,79.48,4.64,35.04,76.95,56.94,4.85,1.0,69.77,1,75.47,deterministic_fallback
mumbai,22.03,29.49,130.72,74.45,34.82,73.08,9.69,87.4,47.83,44.6,88.57,7.01,27.6,70.21,38.53,4.49,2.0,69.74,0,60.77,deterministic_fallback
delhi,15.82,34.18,193.68,50.59,39.01,70.29,9.02,77.99,38.63,41.26,68.62,,31.32,49.31,53.44,0.67,2.0,57.25,1,96.72,deterministic_fallback
chennai,13.96,34.61,,74.31,51.36,79.73,9.69,80.08,52.59,38.65,86.38,7.53,29.13,46.03,23.75,5.37,0.0,97.68,0,44.16,deterministic_fallback
delhi,6.34,29.94,200.21,40.55,,83.86,12.25,80.8,18.62,36.61,,5.59,32.18,53.9,51.11,3.59,4.0,69.21,1,99.35,deterministic_fallback
chennai,13.12,31.19,110.75,71.65,38.63,62.89,10.46,75.05,49.59,,61.62,9.05,38.57,58.25,38.44,1.07,2.0,59.29,0,84.7,deterministic_fallback
chennai,30.95,30.5,61.7,81.35,,77.25,7.67,87.63,59.93,30.11,97.49,6.76,30.07,60.02,54.92,7.35,2.0,91.04,1,75.06,deterministic_fallback
mumbai,11.46,26.56,114.58,87.13,26.56,58.95,10.94,90.85,52.35,34.18,48.9,8.63,22.81,45.14,27.07,1.99,1.0,66.65,0,51.42,deterministic_fallback
hyderabad,5.96,29.12,75.77,58.67,31.04,80.45,11.6,82.18,18.27,36.2,79.65,8.21,32.22,68.39,43.58,6.84,1.0,97.19,0,55.11,deterministic_fallback
kolkata,27.83,29.27,148.61,83.7,36.39,60.27,12.06,91.08,38.32,41.98,61.76,6.89,26.05,61.23,54.14,1.38,0.0,71.38,0,64.26,deterministic_fallback
bangalore,9.81,27.07,73.05,65.9,28.63,79.13,9.91,86.34,34.92,36.86,91.1,5.78,38.39,47.39,24.44,3.64,2.0,80.08,0,56.59,deterministic_fallback
mumbai,23.25,,99.71,75.84,32.68,73.4,9.84,69.46,57.11,33.84,,5.07,22.44,66.63,60.48,2.23,1.0,58.96,0,68.42,deterministic_fallback
kolkata,5.46,28.41,165.41,74.08,32.14,86.25,10.82,77.86,40.54,43.5,100.0,13.75,32.03,53.6,27.02,6.37,,85.65,1,57.9,deterministic_fallback
kolkata,16.35,29.61,133.45,69.86,34.08,65.67,9.06,87.87,47.17,37.94,71.71,1.58,29.11,60.52,41.01,1.4,1.0,66.58,0,59.19,deterministic_fallback
bangalore,4.57,29.1,108.42,62.75,31.65,82.01,9.23,74.39,52.91,30.56,66.26,1.79,23.92,62.69,27.99,1.98,1.0,70.76,0,48.26,deterministic_fallback
bangalore,7.0,26.09,93.63,75.79,26.09,78.44,10.68,81.91,45.41,26.93,55.59,8.82,20.52,38.21,36.75,1.22,1.0,80.62,0,56.81,deterministic_fallback
mumbai,32.1,33.62,100.22,77.17,49.09,52.89,6.68,76.01,49.56,32.61,82.46,10.93,34.88,59.21,43.04,2.44,1.0,56.76,1,82.89,deterministic_fallback
chennai,7.9,28.74,112.07,71.86,32.49,68.91,8.73,87.69,48.61,37.2,,7.82,30.52,52.4,42.17,4.05,1.0,76.6,0,62.81,deterministic_fallback
bangalore,22.36,29.47,35.0,66.86,33.14,71.85,10.9,87.45,40.12,33.73,72.18,2.5,26.75,54.6,49.05,5.7,1.0,83.86,0,51.26,deterministic_fallback
